date,sku_id,on_hand_units,on_order_units,lead_time_days,reorder_point
2024-01-01,SKU0001,277,0,19.0,53
2024-01-08,SKU0001,271,0,19.0,53
2024-01-15,SKU0001,248,0,19.0,53
2024-01-22,SKU0001,231,85,19.0,53
2024-01-29,SKU0001,209,63,19.0,53
2024-02-05,SKU0001,202,0,19.0,53
2024-02-12,SKU0001,195,0,19.0,53
2024-02-19,SKU0001,171,0,19.0,53
2024-02-26,SKU0001,161,0,19.0,53
2024-03-04,SKU0001,161,0,19.0,53
2024-03-11,SKU0001,146,0,19.0,53
2024-03-18,SKU0001,139,0,19.0,53
2024-03-25,SKU0001,125,0,19.0,53
2024-04-01,SKU0001,112,7,19.0,53
2024-04-08,SKU0001,103,0,19.0,53
2024-04-15,SKU0001,95,0,19.0,53
2024-04-22,SKU0001,84,0,19.0,53
2024-04-29,SKU0001,78,0,19.0,53
2024-05-06,SKU0001,57,0,19.0,53
2024-05-13,SKU0001,139,0,19.0,53
2024-05-20,SKU0001,119,0,19.0,53
2024-05-27,SKU0001,117,0,19.0,53
2024-06-03,SKU0001,114,0,19.0,53
2024-06-10,SKU0001,102,0,19.0,53
2024-06-17,SKU0001,86,0,19.0,53
2024-06-24,SKU0001,66,0,19.0,53
2024-07-01,SKU0001,53,32,19.0,53
2024-07-08,SKU0001,218,0,19.0,53
2024-07-15,SKU0001,208,98,19.0,53
2024-07-22,SKU0001,205,0,19.0,53
2024-07-29,SKU0001,193,0,19.0,53
2024-08-05,SKU0001,181,0,19.0,53
2024-08-12,SKU0001,171,0,19.0,53
2024-08-19,SKU0001,157,0,19.0,53
2024-08-26,SKU0001,149,0,19.0,53
2024-09-02,SKU0001,134,0,19.0,53
2024-09-09,SKU0001,123,0,19.0,53
2024-09-16,SKU0001,112,0,19.0,53
2024-09-23,SKU0001,107,0,19.0,53
2024-09-30,SKU0001,87,52,19.0,53
2024-10-07,SKU0001,74,0,19.0,53
2024-10-14,SKU0001,59,0,19.0,53
2024-10-21,SKU0001,43,0,19.0,53
2024-10-28,SKU0001,28,0,19.0,53
2024-11-04,SKU0001,15,1,19.0,53
2024-11-11,SKU0001,15,102,19.0,53
2024-11-18,SKU0001,110,70,19.0,53
2024-11-25,SKU0001,95,0,19.0,53
2024-12-02,SKU0001,93,0,19.0,53
2024-12-09,SKU0001,86,0,19.0,53
2024-12-16,SKU0001,75,0,19.0,53
2024-12-23,SKU0001,62,0,19.0,53
2024-12-30,SKU0001,153,0,19.0,53
2025-01-06,SKU0001,145,0,19.0,53
2025-01-13,SKU0001,141,0,19.0,53
2025-01-20,SKU0001,122,0,19.0,53
2025-01-27,SKU0001,108,0,19.0,53
2025-02-03,SKU0001,89,0,19.0,53
2025-02-10,SKU0001,71,0,19.0,53
2025-02-17,SKU0001,70,0,19.0,53
2025-02-24,SKU0001,65,0,19.0,53
2025-03-03,SKU0001,60,73,19.0,53
2025-03-10,SKU0001,175,0,19.0,53
2025-03-17,SKU0001,161,0,19.0,53
2025-03-24,SKU0001,159,0,19.0,53
2025-03-31,SKU0001,154,0,19.0,53
2025-04-07,SKU0001,136,107,19.0,53
2025-04-14,SKU0001,131,0,19.0,53
2025-04-21,SKU0001,129,0,19.0,53
2025-04-28,SKU0001,118,92,19.0,53
2025-05-05,SKU0001,114,0,19.0,53
2025-05-12,SKU0001,106,7,19.0,53
2025-05-19,SKU0001,96,0,19.0,53
2025-05-26,SKU0001,81,0,19.0,53
2025-06-02,SKU0001,66,0,19.0,53
2025-06-09,SKU0001,64,0,19.0,53
2025-06-16,SKU0001,47,33,19.0,53
2025-06-23,SKU0001,23,76,19.0,53
2025-06-30,SKU0001,123,0,19.0,53
2025-07-07,SKU0001,114,64,19.0,53
2025-07-14,SKU0001,103,0,19.0,53
2025-07-21,SKU0001,97,0,19.0,53
2025-07-28,SKU0001,79,29,19.0,53
2025-08-04,SKU0001,69,0,19.0,53
2025-08-11,SKU0001,46,0,19.0,53
2025-08-18,SKU0001,40,0,19.0,53
2025-08-25,SKU0001,193,0,19.0,53
2025-09-01,SKU0001,189,31,19.0,53
2025-09-08,SKU0001,180,110,19.0,53
2025-09-15,SKU0001,168,0,19.0,53
2025-09-22,SKU0001,160,24,19.0,53
2025-09-29,SKU0001,141,66,19.0,53
2024-01-01,SKU0002,163,109,9.0,26
2024-01-08,SKU0002,157,0,9.0,26
2024-01-15,SKU0002,144,67,9.0,26
2024-01-22,SKU0002,134,13,9.0,26
2024-01-29,SKU0002,119,0,9.0,26
2024-02-05,SKU0002,99,0,9.0,26
2024-02-12,SKU0002,94,0,9.0,26
2024-02-19,SKU0002,73,0,9.0,26
2024-02-26,SKU0002,61,12,9.0,26
2024-03-04,SKU0002,49,103,9.0,26
2024-03-11,SKU0002,27,0,9.0,26
2024-03-18,SKU0002,4,82,9.0,26
2024-03-25,SKU0002,0,78,9.0,26
2024-04-01,SKU0002,84,0,9.0,26
2024-04-08,SKU0002,62,0,9.0,26
2024-04-15,SKU0002,61,0,9.0,26
2024-04-22,SKU0002,52,45,9.0,26
2024-04-29,SKU0002,30,0,9.0,26
2024-05-06,SKU0002,11,0,9.0,26
2024-05-13,SKU0002,0,77,9.0,26
2024-05-20,SKU0002,0,0,9.0,26
2024-05-27,SKU0002,0,99,9.0,26
2024-06-03,SKU0002,0,45,9.0,26
2024-06-10,SKU0002,116,0,9.0,26
2024-06-17,SKU0002,99,63,9.0,26
2024-06-24,SKU0002,97,113,9.0,26
2024-07-01,SKU0002,88,85,9.0,26
2024-07-08,SKU0002,66,0,9.0,26
2024-07-15,SKU0002,63,0,9.0,26
2024-07-22,SKU0002,42,0,9.0,26
2024-07-29,SKU0002,40,0,9.0,26
2024-08-05,SKU0002,28,0,9.0,26
2024-08-12,SKU0002,12,0,9.0,26
2024-08-19,SKU0002,135,0,9.0,26
2024-08-26,SKU0002,130,56,9.0,26
2024-09-02,SKU0002,120,0,9.0,26
2024-09-09,SKU0002,108,0,9.0,26
2024-09-16,SKU0002,93,0,9.0,26
2024-09-23,SKU0002,71,4,9.0,26
2024-09-30,SKU0002,69,84,9.0,26
2024-10-07,SKU0002,62,0,9.0,26
2024-10-14,SKU0002,39,0,9.0,26
2024-10-21,SKU0002,24,0,9.0,26
2024-10-28,SKU0002,20,57,9.0,26
2024-11-04,SKU0002,170,0,9.0,26
2024-11-11,SKU0002,168,0,9.0,26
2024-11-18,SKU0002,164,113,9.0,26
2024-11-25,SKU0002,150,0,9.0,26
2024-12-02,SKU0002,140,0,9.0,26
2024-12-09,SKU0002,131,0,9.0,26
2024-12-16,SKU0002,131,0,9.0,26
2024-12-23,SKU0002,108,0,9.0,26
2024-12-30,SKU0002,92,106,9.0,26
2025-01-06,SKU0002,91,0,9.0,26
2025-01-13,SKU0002,84,0,9.0,26
2025-01-20,SKU0002,70,0,9.0,26
2025-01-27,SKU0002,55,0,9.0,26
2025-02-03,SKU0002,32,116,9.0,26
2025-02-10,SKU0002,138,0,9.0,26
2025-02-17,SKU0002,134,0,9.0,26
2025-02-24,SKU0002,122,0,9.0,26
2025-03-03,SKU0002,112,112,9.0,26
2025-03-10,SKU0002,95,0,9.0,26
2025-03-17,SKU0002,76,0,9.0,26
2025-03-24,SKU0002,70,67,9.0,26
2025-03-31,SKU0002,66,0,9.0,26
2025-04-07,SKU0002,44,112,9.0,26
2025-04-14,SKU0002,44,0,9.0,26
2025-04-21,SKU0002,27,0,9.0,26
2025-04-28,SKU0002,27,0,9.0,26
2025-05-05,SKU0002,24,87,9.0,26
2025-05-12,SKU0002,188,0,9.0,26
2025-05-19,SKU0002,182,0,9.0,26
2025-05-26,SKU0002,180,0,9.0,26
2025-06-02,SKU0002,172,0,9.0,26
2025-06-09,SKU0002,160,0,9.0,26
2025-06-16,SKU0002,145,0,9.0,26
2025-06-23,SKU0002,128,0,9.0,26
2025-06-30,SKU0002,123,44,9.0,26
2025-07-07,SKU0002,110,49,9.0,26
2025-07-14,SKU0002,98,0,9.0,26
2025-07-21,SKU0002,82,0,9.0,26
2025-07-28,SKU0002,66,0,9.0,26
2025-08-04,SKU0002,63,32,9.0,26
2025-08-11,SKU0002,58,31,9.0,26
2025-08-18,SKU0002,47,0,9.0,26
2025-08-25,SKU0002,38,0,9.0,26
2025-09-01,SKU0002,38,0,9.0,26
2025-09-08,SKU0002,32,0,9.0,26
2025-09-15,SKU0002,24,0,9.0,26
2025-09-22,SKU0002,103,94,9.0,26
2025-09-29,SKU0002,94,0,9.0,26
2024-01-01,SKU0003,58,0,41.0,20
2024-01-08,SKU0003,34,38,41.0,20
2024-01-15,SKU0003,208,0,41.0,20
2024-01-22,SKU0003,187,0,41.0,20
2024-01-29,SKU0003,174,0,41.0,20
2024-02-05,SKU0003,152,79,41.0,20
2024-02-12,SKU0003,138,0,41.0,20
2024-02-19,SKU0003,130,0,41.0,20
2024-02-26,SKU0003,110,0,41.0,20
2024-03-04,SKU0003,100,0,41.0,20
2024-03-11,SKU0003,98,0,41.0,20
2024-03-18,SKU0003,90,0,41.0,20
2024-03-25,SKU0003,67,111,41.0,20
2024-04-01,SKU0003,59,100,41.0,20
2024-04-08,SKU0003,43,0,41.0,20
2024-04-15,SKU0003,23,0,41.0,20
2024-04-22,SKU0003,137,0,41.0,20
2024-04-29,SKU0003,124,8,41.0,20
2024-05-06,SKU0003,103,0,41.0,20
2024-05-13,SKU0003,86,0,41.0,20
2024-05-20,SKU0003,83,0,41.0,20
2024-05-27,SKU0003,64,0,41.0,20
2024-06-03,SKU0003,56,0,41.0,20
2024-06-10,SKU0003,49,0,41.0,20
2024-06-17,SKU0003,41,0,41.0,20
2024-06-24,SKU0003,20,35,41.0,20
2024-07-01,SKU0003,190,0,41.0,20
2024-07-08,SKU0003,171,0,41.0,20
2024-07-15,SKU0003,164,0,41.0,20
2024-07-22,SKU0003,154,75,41.0,20
2024-07-29,SKU0003,130,0,41.0,20
2024-08-05,SKU0003,120,0,41.0,20
2024-08-12,SKU0003,97,0,41.0,20
2024-08-19,SKU0003,85,0,41.0,20
2024-08-26,SKU0003,66,0,41.0,20
2024-09-02,SKU0003,43,0,41.0,20
2024-09-09,SKU0003,35,0,41.0,20
2024-09-16,SKU0003,25,27,41.0,20
2024-09-23,SKU0003,23,0,41.0,20
2024-09-30,SKU0003,14,1,41.0,20
2024-10-07,SKU0003,174,0,41.0,20
2024-10-14,SKU0003,168,0,41.0,20
2024-10-21,SKU0003,156,0,41.0,20
2024-10-28,SKU0003,149,0,41.0,20
2024-11-04,SKU0003,144,0,41.0,20
2024-11-11,SKU0003,141,77,41.0,20
2024-11-18,SKU0003,123,0,41.0,20
2024-11-25,SKU0003,113,0,41.0,20
2024-12-02,SKU0003,89,99,41.0,20
2024-12-09,SKU0003,72,94,41.0,20
2024-12-16,SKU0003,71,0,41.0,20
2024-12-23,SKU0003,56,0,41.0,20
2024-12-30,SKU0003,51,0,41.0,20
2025-01-06,SKU0003,46,0,41.0,20
2025-01-13,SKU0003,24,0,41.0,20
2025-01-20,SKU0003,14,0,41.0,20
2025-01-27,SKU0003,11,76,41.0,20
2025-02-03,SKU0003,0,0,41.0,20
2025-02-10,SKU0003,154,0,41.0,20
2025-02-17,SKU0003,140,92,41.0,20
2025-02-24,SKU0003,118,0,41.0,20
2025-03-03,SKU0003,104,0,41.0,20
2025-03-10,SKU0003,92,17,41.0,20
2025-03-17,SKU0003,90,108,41.0,20
2025-03-24,SKU0003,89,0,41.0,20
2025-03-31,SKU0003,82,86,41.0,20
2025-04-07,SKU0003,80,0,41.0,20
2025-04-14,SKU0003,73,27,41.0,20
2025-04-21,SKU0003,61,0,41.0,20
2025-04-28,SKU0003,50,0,41.0,20
2025-05-05,SKU0003,34,0,41.0,20
2025-05-12,SKU0003,27,109,41.0,20
2025-05-19,SKU0003,74,0,41.0,20
2025-05-26,SKU0003,63,0,41.0,20
2025-06-02,SKU0003,42,0,41.0,20
2025-06-09,SKU0003,20,0,41.0,20
2025-06-16,SKU0003,150,0,41.0,20
2025-06-23,SKU0003,136,0,41.0,20
2025-06-30,SKU0003,128,0,41.0,20
2025-07-07,SKU0003,118,35,41.0,20
2025-07-14,SKU0003,106,0,41.0,20
2025-07-21,SKU0003,96,0,41.0,20
2025-07-28,SKU0003,80,63,41.0,20
2025-08-04,SKU0003,77,0,41.0,20
2025-08-11,SKU0003,58,0,41.0,20
2025-08-18,SKU0003,44,0,41.0,20
2025-08-25,SKU0003,29,0,41.0,20
2025-09-01,SKU0003,201,0,41.0,20
2025-09-08,SKU0003,178,63,41.0,20
2025-09-15,SKU0003,178,0,41.0,20
2025-09-22,SKU0003,166,0,41.0,20
2025-09-29,SKU0003,159,0,41.0,20
2024-12-02,SKU0004,210,108,44.0,42
2024-12-09,SKU0004,188,0,44.0,42
2024-12-16,SKU0004,170,0,44.0,42
2024-12-23,SKU0004,149,0,44.0,42
2024-12-30,SKU0004,145,0,44.0,42
2025-01-06,SKU0004,126,0,44.0,42
2025-01-13,SKU0004,114,48,44.0,42
2025-01-20,SKU0004,95,0,44.0,42
2025-01-27,SKU0004,73,0,44.0,42
2025-02-03,SKU0004,73,0,44.0,42
2025-02-10,SKU0004,56,81,44.0,42
2025-02-17,SKU0004,47,33,44.0,42
2025-02-24,SKU0004,159,18,44.0,42
2025-03-03,SKU0004,156,52,44.0,42
2025-03-10,SKU0004,146,0,44.0,42
2025-03-17,SKU0004,128,0,44.0,42
2025-03-24,SKU0004,125,0,44.0,42
2025-03-31,SKU0004,113,0,44.0,42
2025-04-07,SKU0004,100,0,44.0,42
2025-04-14,SKU0004,81,0,44.0,42
2025-04-21,SKU0004,81,0,44.0,42
2025-04-28,SKU0004,69,0,44.0,42
2025-05-05,SKU0004,50,0,44.0,42
2025-05-12,SKU0004,47,0,44.0,42
2025-05-19,SKU0004,43,0,44.0,42
2025-05-26,SKU0004,42,0,44.0,42
2025-06-02,SKU0004,40,0,44.0,42
2025-06-09,SKU0004,26,0,44.0,42
2025-06-16,SKU0004,108,0,44.0,42
2025-06-23,SKU0004,106,52,44.0,42
2025-06-30,SKU0004,102,0,44.0,42
2025-07-07,SKU0004,102,0,44.0,42
2025-07-14,SKU0004,95,0,44.0,42
2025-07-21,SKU0004,80,0,44.0,42
2025-07-28,SKU0004,64,0,44.0,42
2025-08-04,SKU0004,60,0,44.0,42
2025-08-11,SKU0004,57,0,44.0,42
2025-08-18,SKU0004,49,0,44.0,42
2025-08-25,SKU0004,40,0,44.0,42
2025-09-01,SKU0004,38,0,44.0,42
2025-09-08,SKU0004,147,28,44.0,42
2025-09-15,SKU0004,129,0,44.0,42
2025-09-22,SKU0004,123,92,44.0,42
2025-09-29,SKU0004,121,0,44.0,42
2024-01-01,SKU0005,125,0,21.0,12
2024-01-08,SKU0005,111,105,21.0,12
2024-01-15,SKU0005,108,0,21.0,12
2024-01-22,SKU0005,87,0,21.0,12
2024-01-29,SKU0005,79,73,21.0,12
2024-02-05,SKU0005,56,0,21.0,12
2024-02-12,SKU0005,37,102,21.0,12
2024-02-19,SKU0005,23,0,21.0,12
2024-02-26,SKU0005,23,0,21.0,12
2024-03-04,SKU0005,103,0,21.0,12
2024-03-11,SKU0005,92,17,21.0,12
2024-03-18,SKU0005,82,0,21.0,12
2024-03-25,SKU0005,82,0,21.0,12
2024-04-01,SKU0005,81,0,21.0,12
2024-04-08,SKU0005,69,0,21.0,12
2024-04-15,SKU0005,68,0,21.0,12
2024-04-22,SKU0005,49,0,21.0,12
2024-04-29,SKU0005,27,0,21.0,12
2024-05-06,SKU0005,16,0,21.0,12
2024-05-13,SKU0005,13,53,21.0,12
2024-05-20,SKU0005,13,81,21.0,12
2024-05-27,SKU0005,5,0,21.0,12
2024-06-03,SKU0005,0,0,21.0,12
2024-06-10,SKU0005,0,0,21.0,12
2024-06-17,SKU0005,123,0,21.0,12
2024-06-24,SKU0005,106,0,21.0,12
2024-07-01,SKU0005,96,32,21.0,12
2024-07-08,SKU0005,79,74,21.0,12
2024-07-15,SKU0005,62,105,21.0,12
2024-07-22,SKU0005,41,36,21.0,12
2024-07-29,SKU0005,33,0,21.0,12
2024-08-05,SKU0005,27,76,21.0,12
2024-08-12,SKU0005,19,10,21.0,12
2024-08-19,SKU0005,163,0,21.0,12
2024-08-26,SKU0005,154,89,21.0,12
2024-09-02,SKU0005,130,0,21.0,12
2024-09-09,SKU0005,124,0,21.0,12
2024-09-16,SKU0005,113,0,21.0,12
2024-09-23,SKU0005,90,83,21.0,12
2024-09-30,SKU0005,84,0,21.0,12
2024-10-07,SKU0005,81,0,21.0,12
2024-10-14,SKU0005,65,0,21.0,12
2024-10-21,SKU0005,44,0,21.0,12
2024-10-28,SKU0005,29,21,21.0,12
2024-11-04,SKU0005,19,0,21.0,12
2024-11-11,SKU0005,108,109,21.0,12
2024-11-18,SKU0005,89,50,21.0,12
2024-11-25,SKU0005,66,0,21.0,12
2024-12-02,SKU0005,51,0,21.0,12
2024-12-09,SKU0005,48,0,21.0,12
2024-12-16,SKU0005,47,0,21.0,12
2024-12-23,SKU0005,29,0,21.0,12
2024-12-30,SKU0005,27,112,21.0,12
2025-01-06,SKU0005,17,64,21.0,12
2025-01-13,SKU0005,15,79,21.0,12
2025-01-20,SKU0005,191,0,21.0,12
2025-01-27,SKU0005,167,0,21.0,12
2025-02-03,SKU0005,157,0,21.0,12
2025-02-10,SKU0005,133,0,21.0,12
2025-02-17,SKU0005,124,0,21.0,12
2025-02-24,SKU0005,111,15,21.0,12
2025-03-03,SKU0005,108,47,21.0,12
2025-03-10,SKU0005,102,0,21.0,12
2025-03-17,SKU0005,98,51,21.0,12
2025-03-24,SKU0005,75,0,21.0,12
2025-03-31,SKU0005,56,118,21.0,12
2025-04-07,SKU0005,42,0,21.0,12
2025-04-14,SKU0005,37,0,21.0,12
2025-04-21,SKU0005,26,0,21.0,12
2025-04-28,SKU0005,182,0,21.0,12
2025-05-05,SKU0005,171,87,21.0,12
2025-05-12,SKU0005,154,0,21.0,12
2025-05-19,SKU0005,151,0,21.0,12
2025-05-26,SKU0005,141,0,21.0,12
2025-06-02,SKU0005,120,0,21.0,12
2025-06-09,SKU0005,120,0,21.0,12
2025-06-16,SKU0005,118,73,21.0,12
2025-06-23,SKU0005,112,0,21.0,12
2025-06-30,SKU0005,96,87,21.0,12
2025-07-07,SKU0005,96,0,21.0,12
2025-07-14,SKU0005,79,0,21.0,12
2025-07-21,SKU0005,60,0,21.0,12
2025-07-28,SKU0005,57,8,21.0,12
2025-08-04,SKU0005,37,0,21.0,12
2025-08-11,SKU0005,33,56,21.0,12
2025-08-18,SKU0005,12,10,21.0,12
2025-08-25,SKU0005,12,0,21.0,12
2025-09-01,SKU0005,154,0,21.0,12
2025-09-08,SKU0005,143,48,21.0,12
2025-09-15,SKU0005,124,36,21.0,12
2025-09-22,SKU0005,117,0,21.0,12
2025-09-29,SKU0005,116,0,21.0,12
2024-10-14,SKU0006,130,0,18.0,44
2024-10-21,SKU0006,119,0,18.0,44
2024-10-28,SKU0006,106,38,18.0,44
2024-11-04,SKU0006,92,0,18.0,44
2024-11-11,SKU0006,68,0,18.0,44
2024-11-18,SKU0006,54,0,18.0,44
2024-11-25,SKU0006,47,0,18.0,44
2024-12-02,SKU0006,212,0,18.0,44
2024-12-09,SKU0006,209,94,18.0,44
2024-12-16,SKU0006,203,0,18.0,44
2024-12-23,SKU0006,193,56,18.0,44
2024-12-30,SKU0006,193,116,18.0,44
2025-01-06,SKU0006,188,0,18.0,44
2025-01-13,SKU0006,171,24,18.0,44
2025-01-20,SKU0006,169,0,18.0,44
2025-01-27,SKU0006,158,0,18.0,44
2025-02-03,SKU0006,139,0,18.0,44
2025-02-10,SKU0006,122,0,18.0,44
2025-02-17,SKU0006,119,0,18.0,44
2025-02-24,SKU0006,109,0,18.0,44
2025-03-03,SKU0006,89,77,18.0,44
2025-03-10,SKU0006,73,10,18.0,44
2025-03-17,SKU0006,69,0,18.0,44
2025-03-24,SKU0006,50,0,18.0,44
2025-03-31,SKU0006,99,114,18.0,44
2025-04-07,SKU0006,92,0,18.0,44
2025-04-14,SKU0006,81,0,18.0,44
2025-04-21,SKU0006,81,0,18.0,44
2025-04-28,SKU0006,64,30,18.0,44
2025-05-05,SKU0006,198,0,18.0,44
2025-05-12,SKU0006,181,0,18.0,44
2025-05-19,SKU0006,180,117,18.0,44
2025-05-26,SKU0006,171,0,18.0,44
2025-06-02,SKU0006,160,0,18.0,44
2025-06-09,SKU0006,154,0,18.0,44
2025-06-16,SKU0006,139,0,18.0,44
2025-06-23,SKU0006,138,0,18.0,44
2025-06-30,SKU0006,136,48,18.0,44
2025-07-07,SKU0006,115,0,18.0,44
2025-07-14,SKU0006,105,0,18.0,44
2025-07-21,SKU0006,99,93,18.0,44
2025-07-28,SKU0006,77,0,18.0,44
2025-08-04,SKU0006,72,83,18.0,44
2025-08-11,SKU0006,71,117,18.0,44
2025-08-18,SKU0006,68,0,18.0,44
2025-08-25,SKU0006,49,4,18.0,44
2025-09-01,SKU0006,48,96,18.0,44
2025-09-08,SKU0006,47,0,18.0,44
2025-09-15,SKU0006,190,0,18.0,44
2025-09-22,SKU0006,174,0,18.0,44
2025-09-29,SKU0006,172,0,18.0,44
2024-01-01,SKU0007,177,102,29.0,54
2024-01-08,SKU0007,164,0,29.0,54
2024-01-15,SKU0007,149,0,29.0,54
2024-01-22,SKU0007,132,0,29.0,54
2024-01-29,SKU0007,113,53,29.0,54
2024-02-05,SKU0007,106,0,29.0,54
2024-02-12,SKU0007,104,0,29.0,54
2024-02-19,SKU0007,103,0,29.0,54
2024-02-26,SKU0007,98,61,29.0,54
2024-03-04,SKU0007,75,0,29.0,54
2024-03-11,SKU0007,236,59,29.0,54
2024-03-18,SKU0007,222,0,29.0,54
2024-03-25,SKU0007,199,0,29.0,54
2024-04-01,SKU0007,194,0,29.0,54
2024-04-08,SKU0007,177,0,29.0,54
2024-04-15,SKU0007,162,0,29.0,54
2024-04-22,SKU0007,158,104,29.0,54
2024-04-29,SKU0007,141,0,29.0,54
2024-05-06,SKU0007,122,0,29.0,54
2024-05-13,SKU0007,112,119,29.0,54
2024-05-20,SKU0007,98,0,29.0,54
2024-05-27,SKU0007,79,0,29.0,54
2024-06-03,SKU0007,62,0,29.0,54
2024-06-10,SKU0007,60,0,29.0,54
2024-06-17,SKU0007,36,0,29.0,54
2024-06-24,SKU0007,25,97,29.0,54
2024-07-01,SKU0007,144,69,29.0,54
2024-07-08,SKU0007,125,0,29.0,54
2024-07-15,SKU0007,111,0,29.0,54
2024-07-22,SKU0007,92,0,29.0,54
2024-07-29,SKU0007,81,0,29.0,54
2024-08-05,SKU0007,73,0,29.0,54
2024-08-12,SKU0007,58,0,29.0,54
2024-08-19,SKU0007,40,0,29.0,54
2024-08-26,SKU0007,108,0,29.0,54
2024-09-02,SKU0007,103,0,29.0,54
2024-09-09,SKU0007,85,118,29.0,54
2024-09-16,SKU0007,67,29,29.0,54
2024-09-23,SKU0007,59,0,29.0,54
2024-09-30,SKU0007,38,0,29.0,54
2024-10-07,SKU0007,18,41,29.0,54
2024-10-14,SKU0007,0,47,29.0,54
2024-10-21,SKU0007,165,0,29.0,54
2024-10-28,SKU0007,143,0,29.0,54
2024-11-04,SKU0007,140,0,29.0,54
2024-11-11,SKU0007,128,0,29.0,54
2024-11-18,SKU0007,110,63,29.0,54
2024-11-25,SKU0007,107,51,29.0,54
2024-12-02,SKU0007,88,0,29.0,54
2024-12-09,SKU0007,66,0,29.0,54
2024-12-16,SKU0007,48,117,29.0,54
2024-12-23,SKU0007,147,52,29.0,54
2024-12-30,SKU0007,144,0,29.0,54
2025-01-06,SKU0007,136,52,29.0,54
2025-01-13,SKU0007,129,58,29.0,54
2025-01-20,SKU0007,121,0,29.0,54
2025-01-27,SKU0007,112,0,29.0,54
2025-02-03,SKU0007,88,0,29.0,54
2025-02-10,SKU0007,75,0,29.0,54
2025-02-17,SKU0007,64,0,29.0,54
2025-02-24,SKU0007,44,48,29.0,54
2025-03-03,SKU0007,152,0,29.0,54
2025-03-10,SKU0007,152,0,29.0,54
2025-03-17,SKU0007,152,0,29.0,54
2025-03-24,SKU0007,140,0,29.0,54
2025-03-31,SKU0007,130,0,29.0,54
2025-04-07,SKU0007,107,17,29.0,54
2025-04-14,SKU0007,97,0,29.0,54
2025-04-21,SKU0007,91,0,29.0,54
2025-04-28,SKU0007,69,55,29.0,54
2025-05-05,SKU0007,53,0,29.0,54
2025-05-12,SKU0007,192,0,29.0,54
2025-05-19,SKU0007,172,0,29.0,54
2025-05-26,SKU0007,150,0,29.0,54
2025-06-02,SKU0007,135,0,29.0,54
2025-06-09,SKU0007,121,21,29.0,54
2025-06-16,SKU0007,106,0,29.0,54
2025-06-23,SKU0007,87,35,29.0,54
2025-06-30,SKU0007,81,63,29.0,54
2025-07-07,SKU0007,76,0,29.0,54
2025-07-14,SKU0007,52,98,29.0,54
2025-07-21,SKU0007,178,0,29.0,54
2025-07-28,SKU0007,160,0,29.0,54
2025-08-04,SKU0007,153,0,29.0,54
2025-08-11,SKU0007,134,0,29.0,54
2025-08-18,SKU0007,113,0,29.0,54
2025-08-25,SKU0007,106,0,29.0,54
2025-09-01,SKU0007,89,0,29.0,54
2025-09-08,SKU0007,71,0,29.0,54
2025-09-15,SKU0007,63,0,29.0,54
2025-09-22,SKU0007,60,0,29.0,54
2025-09-29,SKU0007,128,0,29.0,54
2024-01-01,SKU0008,142,0,15.0,66
2024-01-08,SKU0008,139,41,15.0,66
2024-01-15,SKU0008,118,0,15.0,66
2024-01-22,SKU0008,116,0,15.0,66
2024-01-29,SKU0008,109,0,15.0,66
2024-02-05,SKU0008,90,0,15.0,66
2024-02-12,SKU0008,72,115,15.0,66
2024-02-19,SKU0008,246,0,15.0,66
2024-02-26,SKU0008,242,92,15.0,66
2024-03-04,SKU0008,242,5,15.0,66
2024-03-11,SKU0008,232,0,15.0,66
2024-03-18,SKU0008,214,58,15.0,66
2024-03-25,SKU0008,190,0,15.0,66
2024-04-01,SKU0008,179,0,15.0,66
2024-04-08,SKU0008,159,0,15.0,66
2024-04-15,SKU0008,157,0,15.0,66
2024-04-22,SKU0008,143,0,15.0,66
2024-04-29,SKU0008,132,0,15.0,66
2024-05-06,SKU0008,132,0,15.0,66
2024-05-13,SKU0008,123,0,15.0,66
2024-05-20,SKU0008,117,0,15.0,66
2024-05-27,SKU0008,110,69,15.0,66
2024-06-03,SKU0008,98,80,15.0,66
2024-06-10,SKU0008,97,0,15.0,66
2024-06-17,SKU0008,94,0,15.0,66
2024-06-24,SKU0008,72,89,15.0,66
2024-07-01,SKU0008,58,0,15.0,66
2024-07-08,SKU0008,44,0,15.0,66
2024-07-15,SKU0008,42,0,15.0,66
2024-07-22,SKU0008,41,0,15.0,66
2024-07-29,SKU0008,19,34,15.0,66
2024-08-05,SKU0008,0,23,15.0,66
2024-08-12,SKU0008,0,0,15.0,66
2024-08-19,SKU0008,85,0,15.0,66
2024-08-26,SKU0008,78,0,15.0,66
2024-09-02,SKU0008,78,61,15.0,66
2024-09-09,SKU0008,65,0,15.0,66
2024-09-16,SKU0008,47,45,15.0,66
2024-09-23,SKU0008,147,82,15.0,66
2024-09-30,SKU0008,139,0,15.0,66
2024-10-07,SKU0008,131,5,15.0,66
2024-10-14,SKU0008,126,0,15.0,66
2024-10-21,SKU0008,108,0,15.0,66
2024-10-28,SKU0008,94,0,15.0,66
2024-11-04,SKU0008,83,18,15.0,66
2024-11-11,SKU0008,210,48,15.0,66
2024-11-18,SKU0008,192,0,15.0,66
2024-11-25,SKU0008,191,0,15.0,66
2024-12-02,SKU0008,181,0,15.0,66
2024-12-09,SKU0008,181,0,15.0,66
2024-12-16,SKU0008,174,0,15.0,66
2024-12-23,SKU0008,173,0,15.0,66
2024-12-30,SKU0008,149,0,15.0,66
2025-01-06,SKU0008,144,0,15.0,66
2025-01-13,SKU0008,130,0,15.0,66
2025-01-20,SKU0008,119,0,15.0,66
2025-01-27,SKU0008,95,0,15.0,66
2025-02-03,SKU0008,80,0,15.0,66
2025-02-10,SKU0008,178,82,15.0,66
2025-02-17,SKU0008,177,0,15.0,66
2025-02-24,SKU0008,168,0,15.0,66
2025-03-03,SKU0008,165,8,15.0,66
2025-03-10,SKU0008,160,108,15.0,66
2025-03-17,SKU0008,153,42,15.0,66
2025-03-24,SKU0008,142,78,15.0,66
2025-03-31,SKU0008,126,0,15.0,66
2025-04-07,SKU0008,102,0,15.0,66
2025-04-14,SKU0008,93,0,15.0,66
2025-04-21,SKU0008,85,69,15.0,66
2025-04-28,SKU0008,73,0,15.0,66
2025-05-05,SKU0008,137,0,15.0,66
2025-05-12,SKU0008,133,13,15.0,66
2025-05-19,SKU0008,126,0,15.0,66
2025-05-26,SKU0008,120,14,15.0,66
2025-06-02,SKU0008,102,62,15.0,66
2025-06-09,SKU0008,95,60,15.0,66
2025-06-16,SKU0008,77,0,15.0,66
2025-06-23,SKU0008,223,0,15.0,66
2025-06-30,SKU0008,207,94,15.0,66
2025-07-07,SKU0008,187,80,15.0,66
2025-07-14,SKU0008,184,0,15.0,66
2025-07-21,SKU0008,165,72,15.0,66
2025-07-28,SKU0008,165,0,15.0,66
2025-08-04,SKU0008,155,0,15.0,66
2025-08-11,SKU0008,133,0,15.0,66
2025-08-18,SKU0008,125,107,15.0,66
2025-08-25,SKU0008,123,0,15.0,66
2025-09-01,SKU0008,123,0,15.0,66
2025-09-08,SKU0008,116,0,15.0,66
2025-09-15,SKU0008,110,0,15.0,66
2025-09-22,SKU0008,103,28,15.0,66
2025-09-29,SKU0008,95,0,15.0,66
2024-01-01,SKU0009,79,0,15.0,10
2024-01-08,SKU0009,57,0,15.0,10
2024-01-15,SKU0009,57,0,15.0,10
2024-01-22,SKU0009,50,114,15.0,10
2024-01-29,SKU0009,32,0,15.0,10
2024-02-05,SKU0009,26,0,15.0,10
2024-02-12,SKU0009,13,0,15.0,10
2024-02-19,SKU0009,0,113,15.0,10
2024-02-26,SKU0009,112,0,15.0,10
2024-03-04,SKU0009,100,0,15.0,10
2024-03-11,SKU0009,98,0,15.0,10
2024-03-18,SKU0009,88,0,15.0,10
2024-03-25,SKU0009,88,0,15.0,10
2024-04-01,SKU0009,81,0,15.0,10
2024-04-08,SKU0009,79,0,15.0,10
2024-04-15,SKU0009,76,0,15.0,10
2024-04-22,SKU0009,73,0,15.0,10
2024-04-29,SKU0009,54,0,15.0,10
2024-05-06,SKU0009,45,0,15.0,10
2024-05-13,SKU0009,36,0,15.0,10
2024-05-20,SKU0009,26,70,15.0,10
2024-05-27,SKU0009,23,0,15.0,10
2024-06-03,SKU0009,4,0,15.0,10
2024-06-10,SKU0009,141,0,15.0,10
2024-06-17,SKU0009,136,0,15.0,10
2024-06-24,SKU0009,115,0,15.0,10
2024-07-01,SKU0009,95,0,15.0,10
2024-07-08,SKU0009,76,97,15.0,10
2024-07-15,SKU0009,75,0,15.0,10
2024-07-22,SKU0009,73,0,15.0,10
2024-07-29,SKU0009,69,0,15.0,10
2024-08-05,SKU0009,63,0,15.0,10
2024-08-12,SKU0009,42,30,15.0,10
2024-08-19,SKU0009,40,0,15.0,10
2024-08-26,SKU0009,24,0,15.0,10
2024-09-02,SKU0009,2,0,15.0,10
2024-09-09,SKU0009,0,78,15.0,10
2024-09-16,SKU0009,0,0,15.0,10
2024-09-23,SKU0009,72,0,15.0,10
2024-09-30,SKU0009,52,13,15.0,10
2024-10-07,SKU0009,28,21,15.0,10
2024-10-14,SKU0009,19,0,15.0,10
2024-10-21,SKU0009,127,0,15.0,10
2024-10-28,SKU0009,118,79,15.0,10
2024-11-04,SKU0009,96,0,15.0,10
2024-11-11,SKU0009,73,0,15.0,10
2024-11-18,SKU0009,71,0,15.0,10
2024-11-25,SKU0009,51,0,15.0,10
2024-12-02,SKU0009,32,0,15.0,10
2024-12-09,SKU0009,10,109,15.0,10
2024-12-16,SKU0009,120,16,15.0,10
2024-12-23,SKU0009,105,0,15.0,10
2024-12-30,SKU0009,96,0,15.0,10
2025-01-06,SKU0009,81,0,15.0,10
2025-01-13,SKU0009,77,100,15.0,10
2025-01-20,SKU0009,61,41,15.0,10
2025-01-27,SKU0009,60,0,15.0,10
2025-02-03,SKU0009,50,0,15.0,10
2025-02-10,SKU0009,48,0,15.0,10
2025-02-17,SKU0009,26,69,15.0,10
2025-02-24,SKU0009,8,0,15.0,10
2025-03-03,SKU0009,95,0,15.0,10
2025-03-10,SKU0009,90,15,15.0,10
2025-03-17,SKU0009,89,0,15.0,10
2025-03-24,SKU0009,86,0,15.0,10
2025-03-31,SKU0009,69,0,15.0,10
2025-04-07,SKU0009,62,89,15.0,10
2025-04-14,SKU0009,49,0,15.0,10
2025-04-21,SKU0009,26,0,15.0,10
2025-04-28,SKU0009,68,0,15.0,10
2025-05-05,SKU0009,51,62,15.0,10
2025-05-12,SKU0009,34,0,15.0,10
2025-05-19,SKU0009,16,0,15.0,10
2025-05-26,SKU0009,3,33,15.0,10
2025-06-02,SKU0009,197,0,15.0,10
2025-06-09,SKU0009,175,0,15.0,10
2025-06-16,SKU0009,172,0,15.0,10
2025-06-23,SKU0009,166,44,15.0,10
2025-06-30,SKU0009,157,0,15.0,10
2025-07-07,SKU0009,141,102,15.0,10
2025-07-14,SKU0009,136,0,15.0,10
2025-07-21,SKU0009,135,0,15.0,10
2025-07-28,SKU0009,119,0,15.0,10
2025-08-04,SKU0009,116,51,15.0,10
2025-08-11,SKU0009,104,85,15.0,10
2025-08-18,SKU0009,90,0,15.0,10
2025-08-25,SKU0009,79,97,15.0,10
2025-09-01,SKU0009,62,0,15.0,10
2025-09-08,SKU0009,40,0,15.0,10
2025-09-15,SKU0009,24,0,15.0,10
2025-09-22,SKU0009,0,0,15.0,10
2025-09-29,SKU0009,137,0,15.0,10
2024-01-01,SKU0010,66,0,11.0,65
2024-01-08,SKU0010,181,0,11.0,65
2024-01-15,SKU0010,179,0,11.0,65
2024-01-22,SKU0010,174,0,11.0,65
2024-01-29,SKU0010,161,0,11.0,65
2024-02-05,SKU0010,143,0,11.0,65
2024-02-12,SKU0010,131,0,11.0,65
2024-02-19,SKU0010,117,0,11.0,65
2024-02-26,SKU0010,103,0,11.0,65
2024-03-04,SKU0010,79,0,11.0,65
2024-03-11,SKU0010,77,0,11.0,65
2024-03-18,SKU0010,77,0,11.0,65
2024-03-25,SKU0010,150,0,11.0,65
2024-04-01,SKU0010,143,0,11.0,65
2024-04-08,SKU0010,123,10,11.0,65
2024-04-15,SKU0010,106,42,11.0,65
2024-04-22,SKU0010,87,0,11.0,65
2024-04-29,SKU0010,63,0,11.0,65
2024-05-06,SKU0010,52,13,11.0,65
2024-05-13,SKU0010,190,0,11.0,65
2024-05-20,SKU0010,182,79,11.0,65
2024-05-27,SKU0010,169,30,11.0,65
2024-06-03,SKU0010,169,0,11.0,65
2024-06-10,SKU0010,163,1,11.0,65
2024-06-17,SKU0010,147,0,11.0,65
2024-06-24,SKU0010,138,0,11.0,65
2024-07-01,SKU0010,120,0,11.0,65
2024-07-08,SKU0010,119,42,11.0,65
2024-07-15,SKU0010,119,0,11.0,65
2024-07-22,SKU0010,114,64,11.0,65
2024-07-29,SKU0010,105,39,11.0,65
2024-08-05,SKU0010,90,0,11.0,65
2024-08-12,SKU0010,78,0,11.0,65
2024-08-19,SKU0010,204,0,11.0,65
2024-08-26,SKU0010,194,32,11.0,65
2024-09-02,SKU0010,187,73,11.0,65
2024-09-09,SKU0010,181,0,11.0,65
2024-09-16,SKU0010,171,0,11.0,65
2024-09-23,SKU0010,163,0,11.0,65
2024-09-30,SKU0010,156,113,11.0,65
2024-10-07,SKU0010,138,0,11.0,65
2024-10-14,SKU0010,118,0,11.0,65
2024-10-21,SKU0010,95,0,11.0,65
2024-10-28,SKU0010,94,0,11.0,65
2024-11-04,SKU0010,90,0,11.0,65
2024-11-11,SKU0010,79,0,11.0,65
2024-11-18,SKU0010,70,0,11.0,65
2024-11-25,SKU0010,59,0,11.0,65
2024-12-02,SKU0010,111,0,11.0,65
2024-12-09,SKU0010,93,0,11.0,65
2024-12-16,SKU0010,71,20,11.0,65
2024-12-23,SKU0010,65,0,11.0,65
2024-12-30,SKU0010,60,0,11.0,65
2025-01-06,SKU0010,104,27,11.0,65
2025-01-13,SKU0010,84,0,11.0,65
2025-01-20,SKU0010,70,0,11.0,65
2025-01-27,SKU0010,52,61,11.0,65
2025-02-03,SKU0010,35,0,11.0,65
2025-02-10,SKU0010,20,74,11.0,65
2025-02-17,SKU0010,13,0,11.0,65
2025-02-24,SKU0010,5,113,11.0,65
2025-03-03,SKU0010,98,41,11.0,65
2025-03-10,SKU0010,92,0,11.0,65
2025-03-17,SKU0010,71,0,11.0,65
2025-03-24,SKU0010,56,0,11.0,65
2025-03-31,SKU0010,183,0,11.0,65
2025-04-07,SKU0010,168,90,11.0,65
2025-04-14,SKU0010,154,0,11.0,65
2025-04-21,SKU0010,133,0,11.0,65
2025-04-28,SKU0010,131,0,11.0,65
2025-05-05,SKU0010,121,0,11.0,65
2025-05-12,SKU0010,112,0,11.0,65
2025-05-19,SKU0010,112,0,11.0,65
2025-05-26,SKU0010,111,0,11.0,65
2025-06-02,SKU0010,88,0,11.0,65
2025-06-09,SKU0010,85,39,11.0,65
2025-06-16,SKU0010,71,0,11.0,65
2025-06-23,SKU0010,182,96,11.0,65
2025-06-30,SKU0010,164,0,11.0,65
2025-07-07,SKU0010,140,0,11.0,65
2025-07-14,SKU0010,136,48,11.0,65
2025-07-21,SKU0010,136,0,11.0,65
2025-07-28,SKU0010,116,0,11.0,65
2025-08-04,SKU0010,92,0,11.0,65
2025-08-11,SKU0010,71,0,11.0,65
2025-08-18,SKU0010,69,0,11.0,65
2025-08-25,SKU0010,200,0,11.0,65
2025-09-01,SKU0010,180,49,11.0,65
2025-09-08,SKU0010,176,0,11.0,65
2025-09-15,SKU0010,171,59,11.0,65
2025-09-22,SKU0010,152,97,11.0,65
2025-09-29,SKU0010,131,33,11.0,65
2024-01-01,SKU0011,275,0,28.0,72
2024-01-08,SKU0011,251,115,28.0,72
2024-01-15,SKU0011,244,46,28.0,72
2024-01-22,SKU0011,238,0,28.0,72
2024-01-29,SKU0011,236,0,28.0,72
2024-02-05,SKU0011,227,0,28.0,72
2024-02-12,SKU0011,213,0,28.0,72
2024-02-19,SKU0011,206,0,28.0,72
2024-02-26,SKU0011,201,0,28.0,72
2024-03-04,SKU0011,200,0,28.0,72
2024-03-11,SKU0011,189,0,28.0,72
2024-03-18,SKU0011,177,0,28.0,72
2024-03-25,SKU0011,155,0,28.0,72
2024-04-01,SKU0011,138,114,28.0,72
2024-04-08,SKU0011,120,52,28.0,72
2024-04-15,SKU0011,113,0,28.0,72
2024-04-22,SKU0011,92,0,28.0,72
2024-04-29,SKU0011,263,0,28.0,72
2024-05-06,SKU0011,254,0,28.0,72
2024-05-13,SKU0011,250,0,28.0,72
2024-05-20,SKU0011,226,0,28.0,72
2024-05-27,SKU0011,219,59,28.0,72
2024-06-03,SKU0011,214,64,28.0,72
2024-06-10,SKU0011,197,57,28.0,72
2024-06-17,SKU0011,189,8,28.0,72
2024-06-24,SKU0011,169,49,28.0,72
2024-07-01,SKU0011,153,0,28.0,72
2024-07-08,SKU0011,137,4,28.0,72
2024-07-15,SKU0011,135,0,28.0,72
2024-07-22,SKU0011,114,0,28.0,72
2024-07-29,SKU0011,110,0,28.0,72
2024-08-05,SKU0011,90,0,28.0,72
2024-08-12,SKU0011,75,0,28.0,72
2024-08-19,SKU0011,60,0,28.0,72
2024-08-26,SKU0011,177,82,28.0,72
2024-09-02,SKU0011,176,29,28.0,72
2024-09-09,SKU0011,161,0,28.0,72
2024-09-16,SKU0011,138,71,28.0,72
2024-09-23,SKU0011,123,0,28.0,72
2024-09-30,SKU0011,101,0,28.0,72
2024-10-07,SKU0011,91,0,28.0,72
2024-10-14,SKU0011,76,0,28.0,72
2024-10-21,SKU0011,177,0,28.0,72
2024-10-28,SKU0011,166,0,28.0,72
2024-11-04,SKU0011,163,0,28.0,72
2024-11-11,SKU0011,151,0,28.0,72
2024-11-18,SKU0011,148,0,28.0,72
2024-11-25,SKU0011,124,44,28.0,72
2024-12-02,SKU0011,110,0,28.0,72
2024-12-09,SKU0011,99,0,28.0,72
2024-12-16,SKU0011,78,0,28.0,72
2024-12-23,SKU0011,75,0,28.0,72
2024-12-30,SKU0011,61,0,28.0,72
2025-01-06,SKU0011,160,0,28.0,72
2025-01-13,SKU0011,137,0,28.0,72
2025-01-20,SKU0011,132,0,28.0,72
2025-01-27,SKU0011,126,50,28.0,72
2025-02-03,SKU0011,123,55,28.0,72
2025-02-10,SKU0011,100,0,28.0,72
2025-02-17,SKU0011,77,0,28.0,72
2025-02-24,SKU0011,68,0,28.0,72
2025-03-03,SKU0011,249,3,28.0,72
2025-03-10,SKU0011,239,118,28.0,72
2025-03-17,SKU0011,238,23,28.0,72
2025-03-24,SKU0011,235,0,28.0,72
2025-03-31,SKU0011,216,31,28.0,72
2025-04-07,SKU0011,196,25,28.0,72
2025-04-14,SKU0011,174,0,28.0,72
2025-04-21,SKU0011,162,0,28.0,72
2025-04-28,SKU0011,148,17,28.0,72
2025-05-05,SKU0011,124,110,28.0,72
2025-05-12,SKU0011,123,71,28.0,72
2025-05-19,SKU0011,122,0,28.0,72
2025-05-26,SKU0011,99,29,28.0,72
2025-06-02,SKU0011,78,0,28.0,72
2025-06-09,SKU0011,58,0,28.0,72
2025-06-16,SKU0011,107,0,28.0,72
2025-06-23,SKU0011,85,0,28.0,72
2025-06-30,SKU0011,67,0,28.0,72
2025-07-07,SKU0011,48,0,28.0,72
2025-07-14,SKU0011,173,0,28.0,72
2025-07-21,SKU0011,171,1,28.0,72
2025-07-28,SKU0011,151,0,28.0,72
2025-08-04,SKU0011,148,0,28.0,72
2025-08-11,SKU0011,127,0,28.0,72
2025-08-18,SKU0011,126,0,28.0,72
2025-08-25,SKU0011,110,0,28.0,72
2025-09-01,SKU0011,107,0,28.0,72
2025-09-08,SKU0011,106,0,28.0,72
2025-09-15,SKU0011,102,0,28.0,72
2025-09-22,SKU0011,81,0,28.0,72
2025-09-29,SKU0011,234,41,28.0,72
2024-01-01,SKU0012,231,0,8.0,16
2024-01-08,SKU0012,209,0,8.0,16
2024-01-15,SKU0012,197,0,8.0,16
2024-01-22,SKU0012,189,2,8.0,16
2024-01-29,SKU0012,186,0,8.0,16
2024-02-05,SKU0012,166,0,8.0,16
2024-02-12,SKU0012,157,0,8.0,16
2024-02-19,SKU0012,150,0,8.0,16
2024-02-26,SKU0012,126,0,8.0,16
2024-03-04,SKU0012,121,0,8.0,16
2024-03-11,SKU0012,104,0,8.0,16
2024-03-18,SKU0012,100,0,8.0,16
2024-03-25,SKU0012,83,58,8.0,16
2024-04-01,SKU0012,63,0,8.0,16
2024-04-08,SKU0012,44,0,8.0,16
2024-04-15,SKU0012,41,0,8.0,16
2024-04-22,SKU0012,28,0,8.0,16
2024-04-29,SKU0012,22,0,8.0,16
2024-05-06,SKU0012,22,0,8.0,16
2024-05-13,SKU0012,64,110,8.0,16
2024-05-20,SKU0012,44,0,8.0,16
2024-05-27,SKU0012,37,0,8.0,16
2024-06-03,SKU0012,23,0,8.0,16
2024-06-10,SKU0012,187,0,8.0,16
2024-06-17,SKU0012,183,0,8.0,16
2024-06-24,SKU0012,169,0,8.0,16
2024-07-01,SKU0012,151,0,8.0,16
2024-07-08,SKU0012,140,0,8.0,16
2024-07-15,SKU0012,119,98,8.0,16
2024-07-22,SKU0012,102,0,8.0,16
2024-07-29,SKU0012,78,0,8.0,16
2024-08-05,SKU0012,54,0,8.0,16
2024-08-12,SKU0012,42,0,8.0,16
2024-08-19,SKU0012,35,50,8.0,16
2024-08-26,SKU0012,93,94,8.0,16
2024-09-02,SKU0012,69,0,8.0,16
2024-09-09,SKU0012,57,0,8.0,16
2024-09-16,SKU0012,34,23,8.0,16
2024-09-23,SKU0012,29,79,8.0,16
2024-09-30,SKU0012,25,109,8.0,16
2024-10-07,SKU0012,18,0,8.0,16
2024-10-14,SKU0012,190,0,8.0,16
2024-10-21,SKU0012,178,73,8.0,16
2024-10-28,SKU0012,175,0,8.0,16
2024-11-04,SKU0012,165,0,8.0,16
2024-11-11,SKU0012,143,0,8.0,16
2024-11-18,SKU0012,124,30,8.0,16
2024-11-25,SKU0012,101,0,8.0,16
2024-12-02,SKU0012,83,0,8.0,16
2024-12-09,SKU0012,68,0,8.0,16
2024-12-16,SKU0012,66,0,8.0,16
2024-12-23,SKU0012,47,0,8.0,16
2024-12-30,SKU0012,27,0,8.0,16
2025-01-06,SKU0012,18,57,8.0,16
2025-01-13,SKU0012,86,0,8.0,16
2025-01-20,SKU0012,67,0,8.0,16
2025-01-27,SKU0012,50,0,8.0,16
2025-02-03,SKU0012,44,49,8.0,16
2025-02-10,SKU0012,37,56,8.0,16
2025-02-17,SKU0012,26,0,8.0,16
2025-02-24,SKU0012,5,0,8.0,16
2025-03-03,SKU0012,2,0,8.0,16
2025-03-10,SKU0012,118,0,8.0,16
2025-03-17,SKU0012,95,0,8.0,16
2025-03-24,SKU0012,72,63,8.0,16
2025-03-31,SKU0012,67,0,8.0,16
2025-04-07,SKU0012,50,36,8.0,16
2025-04-14,SKU0012,32,0,8.0,16
2025-04-21,SKU0012,22,101,8.0,16
2025-04-28,SKU0012,19,0,8.0,16
2025-05-05,SKU0012,71,0,8.0,16
2025-05-12,SKU0012,70,0,8.0,16
2025-05-19,SKU0012,46,0,8.0,16
2025-05-26,SKU0012,46,0,8.0,16
2025-06-02,SKU0012,23,0,8.0,16
2025-06-09,SKU0012,6,0,8.0,16
2025-06-16,SKU0012,70,0,8.0,16
2025-06-23,SKU0012,58,0,8.0,16
2025-06-30,SKU0012,52,0,8.0,16
2025-07-07,SKU0012,39,0,8.0,16
2025-07-14,SKU0012,32,8,8.0,16
2025-07-21,SKU0012,18,0,8.0,16
2025-07-28,SKU0012,18,79,8.0,16
2025-08-04,SKU0012,5,43,8.0,16
2025-08-11,SKU0012,135,0,8.0,16
2025-08-18,SKU0012,115,42,8.0,16
2025-08-25,SKU0012,93,0,8.0,16
2025-09-01,SKU0012,71,41,8.0,16
2025-09-08,SKU0012,61,0,8.0,16
2025-09-15,SKU0012,50,0,8.0,16
2025-09-22,SKU0012,35,100,8.0,16
2025-09-29,SKU0012,26,0,8.0,16
2024-01-01,SKU0013,157,21,24.0,27
2024-01-08,SKU0013,155,41,24.0,27
2024-01-15,SKU0013,144,0,24.0,27
2024-01-22,SKU0013,131,107,24.0,27
2024-01-29,SKU0013,130,0,24.0,27
2024-02-05,SKU0013,118,0,24.0,27
2024-02-12,SKU0013,95,0,24.0,27
2024-02-19,SKU0013,77,0,24.0,27
2024-02-26,SKU0013,53,111,24.0,27
2024-03-04,SKU0013,33,0,24.0,27
2024-03-11,SKU0013,89,0,24.0,27
2024-03-18,SKU0013,86,0,24.0,27
2024-03-25,SKU0013,63,0,24.0,27
2024-04-01,SKU0013,44,38,,27
2024-04-08,SKU0013,21,78,24.0,27
2024-04-15,SKU0013,1,0,24.0,27
2024-04-22,SKU0013,81,0,24.0,27
2024-04-29,SKU0013,71,0,24.0,27
2024-05-06,SKU0013,57,70,24.0,27
2024-05-13,SKU0013,46,58,24.0,27
2024-05-20,SKU0013,22,0,24.0,27
2024-05-27,SKU0013,127,0,24.0,27
2024-06-03,SKU0013,105,0,24.0,27
2024-06-10,SKU0013,96,0,24.0,27
2024-06-17,SKU0013,96,0,24.0,27
2024-06-24,SKU0013,79,0,24.0,27
2024-07-01,SKU0013,75,0,24.0,27
2024-07-08,SKU0013,62,0,24.0,27
2024-07-15,SKU0013,47,0,24.0,27
2024-07-22,SKU0013,43,25,24.0,27
2024-07-29,SKU0013,173,38,24.0,27
2024-08-05,SKU0013,162,52,24.0,27
2024-08-12,SKU0013,140,0,24.0,27
2024-08-19,SKU0013,121,0,24.0,27
2024-08-26,SKU0013,98,62,24.0,27
2024-09-02,SKU0013,79,0,24.0,27
2024-09-09,SKU0013,71,0,24.0,27
2024-09-16,SKU0013,60,0,24.0,27
2024-09-23,SKU0013,56,0,24.0,27
2024-09-30,SKU0013,51,0,24.0,27
2024-10-07,SKU0013,40,0,24.0,27
2024-10-14,SKU0013,31,0,24.0,27
2024-10-21,SKU0013,23,82,24.0,27
2024-10-28,SKU0013,19,0,24.0,27
2024-11-04,SKU0013,162,0,24.0,27
2024-11-11,SKU0013,140,0,24.0,27
2024-11-18,SKU0013,134,0,24.0,27
2024-11-25,SKU0013,125,0,24.0,27
2024-12-02,SKU0013,104,101,24.0,27
2024-12-09,SKU0013,82,0,24.0,27
2024-12-16,SKU0013,58,54,24.0,27
2024-12-23,SKU0013,56,0,24.0,27
2024-12-30,SKU0013,38,0,24.0,27
2025-01-06,SKU0013,27,0,24.0,27
2025-01-13,SKU0013,11,0,24.0,27
2025-01-20,SKU0013,165,92,24.0,27
2025-01-27,SKU0013,149,0,24.0,27
2025-02-03,SKU0013,143,0,24.0,27
2025-02-10,SKU0013,138,0,24.0,27
2025-02-17,SKU0013,114,0,24.0,27
2025-02-24,SKU0013,95,0,24.0,27
2025-03-03,SKU0013,88,30,24.0,27
2025-03-10,SKU0013,68,0,24.0,27
2025-03-17,SKU0013,62,97,24.0,27
2025-03-24,SKU0013,53,0,24.0,27
2025-03-31,SKU0013,51,0,24.0,27
2025-04-07,SKU0013,38,114,24.0,27
2025-04-14,SKU0013,20,0,24.0,27
2025-04-21,SKU0013,115,78,24.0,27
2025-04-28,SKU0013,103,63,24.0,27
2025-05-05,SKU0013,101,0,24.0,27
2025-05-12,SKU0013,98,106,24.0,27
2025-05-19,SKU0013,88,0,24.0,27
2025-05-26,SKU0013,68,94,24.0,27
2025-06-02,SKU0013,60,0,24.0,27
2025-06-09,SKU0013,58,24,24.0,27
2025-06-16,SKU0013,38,94,24.0,27
2025-06-23,SKU0013,33,0,24.0,27
2025-06-30,SKU0013,22,0,24.0,27
2025-07-07,SKU0013,133,0,24.0,27
2025-07-14,SKU0013,120,0,24.0,27
2025-07-21,SKU0013,117,0,24.0,27
2025-07-28,SKU0013,107,42,24.0,27
2025-08-04,SKU0013,86,0,24.0,27
2025-08-11,SKU0013,66,0,24.0,27
2025-08-18,SKU0013,53,87,24.0,27
2025-08-25,SKU0013,46,0,24.0,27
2025-09-01,SKU0013,33,0,24.0,27
2025-09-08,SKU0013,12,0,24.0,27
2025-09-15,SKU0013,197,0,24.0,27
2025-09-22,SKU0013,183,0,24.0,27
2025-09-29,SKU0013,183,0,24.0,27
2024-01-01,SKU0014,163,41,11.0,63
2024-01-08,SKU0014,157,0,11.0,63
2024-01-15,SKU0014,138,0,11.0,63
2024-01-22,SKU0014,123,47,11.0,63
2024-01-29,SKU0014,104,0,11.0,63
2024-02-05,SKU0014,81,0,11.0,63
2024-02-12,SKU0014,72,0,11.0,63
2024-02-19,SKU0014,69,0,11.0,63
2024-02-26,SKU0014,60,8,11.0,63
2024-03-04,SKU0014,249,0,11.0,63
2024-03-11,SKU0014,241,0,11.0,63
2024-03-18,SKU0014,218,0,11.0,63
2024-03-25,SKU0014,214,0,11.0,63
2024-04-01,SKU0014,200,0,11.0,63
2024-04-08,SKU0014,188,0,11.0,63
2024-04-15,SKU0014,169,0,11.0,63
2024-04-22,SKU0014,165,50,11.0,63
2024-04-29,SKU0014,155,37,11.0,63
2024-05-06,SKU0014,155,0,11.0,63
2024-05-13,SKU0014,132,0,11.0,63
2024-05-20,SKU0014,119,0,11.0,63
2024-05-27,SKU0014,104,92,11.0,63
2024-06-03,SKU0014,98,0,11.0,63
2024-06-10,SKU0014,90,0,11.0,63
2024-06-17,SKU0014,83,0,11.0,63
2024-06-24,SKU0014,220,0,11.0,63
2024-07-01,SKU0014,199,0,11.0,63
2024-07-08,SKU0014,195,0,11.0,63
2024-07-15,SKU0014,192,108,11.0,63
2024-07-22,SKU0014,178,0,11.0,63
2024-07-29,SKU0014,166,0,11.0,63
2024-08-05,SKU0014,165,0,11.0,63
2024-08-12,SKU0014,143,0,11.0,63
2024-08-19,SKU0014,122,0,11.0,63
2024-08-26,SKU0014,117,31,11.0,63
2024-09-02,SKU0014,103,0,11.0,63
2024-09-09,SKU0014,91,63,11.0,63
2024-09-16,SKU0014,83,0,11.0,63
2024-09-23,SKU0014,61,43,11.0,63
2024-09-30,SKU0014,53,0,11.0,63
2024-10-07,SKU0014,195,0,11.0,63
2024-10-14,SKU0014,171,75,11.0,63
2024-10-21,SKU0014,150,0,11.0,63
2024-10-28,SKU0014,136,118,11.0,63
2024-11-04,SKU0014,126,0,11.0,63
2024-11-11,SKU0014,112,0,11.0,63
2024-11-18,SKU0014,103,42,11.0,63
2024-11-25,SKU0014,89,101,11.0,63
2024-12-02,SKU0014,78,0,11.0,63
2024-12-09,SKU0014,54,0,11.0,63
2024-12-16,SKU0014,115,119,11.0,63
2024-12-23,SKU0014,108,11,11.0,63
2024-12-30,SKU0014,97,84,11.0,63
2025-01-06,SKU0014,88,111,11.0,63
2025-01-13,SKU0014,67,4,11.0,63
2025-01-20,SKU0014,224,0,11.0,63
2025-01-27,SKU0014,223,0,11.0,63
2025-02-03,SKU0014,208,53,11.0,63
2025-02-10,SKU0014,199,0,11.0,63
2025-02-17,SKU0014,189,0,11.0,63
2025-02-24,SKU0014,167,0,11.0,63
2025-03-03,SKU0014,147,0,11.0,63
2025-03-10,SKU0014,146,0,11.0,63
2025-03-17,SKU0014,130,36,11.0,63
2025-03-24,SKU0014,116,0,11.0,63
2025-03-31,SKU0014,99,0,11.0,63
2025-04-07,SKU0014,75,0,11.0,63
2025-04-14,SKU0014,72,0,11.0,63
2025-04-21,SKU0014,71,0,11.0,63
2025-04-28,SKU0014,54,0,11.0,63
2025-05-05,SKU0014,227,0,11.0,63
2025-05-12,SKU0014,223,106,11.0,63
2025-05-19,SKU0014,219,0,11.0,63
2025-05-26,SKU0014,202,0,11.0,63
2025-06-02,SKU0014,197,0,11.0,63
2025-06-09,SKU0014,189,0,11.0,63
2025-06-16,SKU0014,179,0,11.0,63
2025-06-23,SKU0014,168,17,11.0,63
2025-06-30,SKU0014,160,43,11.0,63
2025-07-07,SKU0014,141,0,11.0,63
2025-07-14,SKU0014,122,0,11.0,63
2025-07-21,SKU0014,100,0,11.0,63
2025-07-28,SKU0014,95,0,11.0,63
2025-08-04,SKU0014,94,0,11.0,63
2025-08-11,SKU0014,85,0,11.0,63
2025-08-18,SKU0014,66,53,11.0,63
2025-08-25,SKU0014,126,0,11.0,63
2025-09-01,SKU0014,121,0,11.0,63
2025-09-08,SKU0014,109,0,11.0,63
2025-09-15,SKU0014,89,0,11.0,63
2025-09-22,SKU0014,83,20,11.0,63
2025-09-29,SKU0014,78,22,11.0,63
2024-01-01,SKU0015,183,55,16.0,68
2024-01-08,SKU0015,165,0,16.0,68
2024-01-15,SKU0015,156,113,16.0,68
2024-01-22,SKU0015,137,0,16.0,68
2024-01-29,SKU0015,114,0,16.0,68
2024-02-05,SKU0015,92,41,16.0,68
2024-02-12,SKU0015,88,0,16.0,68
2024-02-19,SKU0015,78,5,16.0,68
2024-02-26,SKU0015,69,79,16.0,68
2024-03-04,SKU0015,146,0,16.0,68
2024-03-11,SKU0015,143,0,16.0,68
2024-03-18,SKU0015,124,0,16.0,68
2024-03-25,SKU0015,102,0,16.0,68
2024-04-01,SKU0015,79,56,16.0,68
2024-04-08,SKU0015,60,0,16.0,68
2024-04-15,SKU0015,182,0,16.0,68
2024-04-22,SKU0015,164,0,16.0,68
2024-04-29,SKU0015,157,0,16.0,68
2024-05-06,SKU0015,145,0,16.0,68
2024-05-13,SKU0015,124,0,16.0,68
2024-05-20,SKU0015,108,83,16.0,68
2024-05-27,SKU0015,99,30,16.0,68
2024-06-03,SKU0015,87,0,16.0,68
2024-06-10,SKU0015,68,0,16.0,68
2024-06-17,SKU0015,168,24,16.0,68
2024-06-24,SKU0015,167,82,16.0,68
2024-07-01,SKU0015,164,21,16.0,68
2024-07-08,SKU0015,151,0,16.0,68
2024-07-15,SKU0015,132,0,16.0,68
2024-07-22,SKU0015,110,0,16.0,68
2024-07-29,SKU0015,96,91,16.0,68
2024-08-05,SKU0015,74,0,16.0,68
2024-08-12,SKU0015,210,0,16.0,68
2024-08-19,SKU0015,191,0,16.0,68
2024-08-26,SKU0015,167,0,16.0,68
2024-09-02,SKU0015,152,0,16.0,68
2024-09-09,SKU0015,140,0,16.0,68
2024-09-16,SKU0015,119,0,16.0,68
2024-09-23,SKU0015,115,0,16.0,68
2024-09-30,SKU0015,91,0,16.0,68
2024-10-07,SKU0015,82,0,16.0,68
2024-10-14,SKU0015,73,0,16.0,68
2024-10-21,SKU0015,167,0,16.0,68
2024-10-28,SKU0015,162,34,16.0,68
2024-11-04,SKU0015,143,99,16.0,68
2024-11-11,SKU0015,119,17,16.0,68
2024-11-18,SKU0015,96,0,16.0,68
2024-11-25,SKU0015,85,47,16.0,68
2024-12-02,SKU0015,74,0,16.0,68
2024-12-09,SKU0015,74,0,16.0,68
2024-12-16,SKU0015,172,0,16.0,68
2024-12-23,SKU0015,148,0,16.0,68
2024-12-30,SKU0015,140,78,16.0,68
2025-01-06,SKU0015,132,31,16.0,68
2025-01-13,SKU0015,122,81,16.0,68
2025-01-20,SKU0015,117,0,16.0,68
2025-01-27,SKU0015,108,0,16.0,68
2025-02-03,SKU0015,108,0,16.0,68
2025-02-10,SKU0015,97,0,16.0,68
2025-02-17,SKU0015,76,0,16.0,68
2025-02-24,SKU0015,66,0,16.0,68
2025-03-03,SKU0015,45,0,16.0,68
2025-03-10,SKU0015,93,43,16.0,68
2025-03-17,SKU0015,79,0,16.0,68
2025-03-24,SKU0015,55,0,16.0,68
2025-03-31,SKU0015,39,47,16.0,68
2025-04-07,SKU0015,29,99,16.0,68
2025-04-14,SKU0015,24,119,16.0,68
2025-04-21,SKU0015,4,0,16.0,68
2025-04-28,SKU0015,184,0,16.0,68
2025-05-05,SKU0015,175,0,16.0,68
2025-05-12,SKU0015,151,0,16.0,68
2025-05-19,SKU0015,143,0,16.0,68
2025-05-26,SKU0015,133,45,16.0,68
2025-06-02,SKU0015,118,0,16.0,68
2025-06-09,SKU0015,115,0,16.0,68
2025-06-16,SKU0015,98,0,16.0,68
2025-06-23,SKU0015,86,0,16.0,68
2025-06-30,SKU0015,73,76,16.0,68
2025-07-07,SKU0015,56,0,16.0,68
2025-07-14,SKU0015,102,0,16.0,68
2025-07-21,SKU0015,97,0,16.0,68
2025-07-28,SKU0015,93,0,16.0,68
2025-08-04,SKU0015,75,0,16.0,68
2025-08-11,SKU0015,52,0,16.0,68
2025-08-18,SKU0015,36,0,16.0,68
2025-08-25,SKU0015,127,61,16.0,68
2025-09-01,SKU0015,114,0,16.0,68
2025-09-08,SKU0015,99,0,16.0,68
2025-09-15,SKU0015,97,0,16.0,68
2025-09-22,SKU0015,88,0,16.0,68
2025-09-29,SKU0015,85,51,16.0,68
2024-01-01,SKU0016,82,45,33.0,64
2024-01-08,SKU0016,67,18,33.0,64
2024-01-15,SKU0016,55,0,33.0,64
2024-01-22,SKU0016,132,0,33.0,64
2024-01-29,SKU0016,115,0,33.0,64
2024-02-05,SKU0016,105,90,33.0,64
2024-02-12,SKU0016,81,0,33.0,64
2024-02-19,SKU0016,57,0,33.0,64
2024-02-26,SKU0016,199,0,33.0,64
2024-03-04,SKU0016,185,0,33.0,64
2024-03-11,SKU0016,174,1,33.0,64
2024-03-18,SKU0016,159,0,33.0,64
2024-03-25,SKU0016,151,0,33.0,64
2024-04-01,SKU0016,145,0,33.0,64
2024-04-08,SKU0016,122,0,33.0,64
2024-04-15,SKU0016,121,0,33.0,64
2024-04-22,SKU0016,119,119,33.0,64
2024-04-29,SKU0016,116,0,33.0,64
2024-05-06,SKU0016,111,0,33.0,64
2024-05-13,SKU0016,98,0,33.0,64
2024-05-20,SKU0016,79,30,33.0,64
2024-05-27,SKU0016,70,0,33.0,64
2024-06-03,SKU0016,68,0,33.0,64
2024-06-10,SKU0016,57,0,33.0,64
2024-06-17,SKU0016,143,0,33.0,64
2024-06-24,SKU0016,120,20,33.0,64
2024-07-01,SKU0016,114,0,33.0,64
2024-07-08,SKU0016,107,0,33.0,64
2024-07-15,SKU0016,107,0,33.0,64
2024-07-22,SKU0016,103,0,33.0,64
2024-07-29,SKU0016,79,119,33.0,64
2024-08-05,SKU0016,78,0,33.0,64
2024-08-12,SKU0016,135,49,33.0,64
2024-08-19,SKU0016,118,0,33.0,64
2024-08-26,SKU0016,97,0,33.0,64
2024-09-02,SKU0016,85,0,33.0,64
2024-09-09,SKU0016,80,0,33.0,64
2024-09-16,SKU0016,78,0,33.0,64
2024-09-23,SKU0016,65,48,33.0,64
2024-09-30,SKU0016,61,0,33.0,64
2024-10-07,SKU0016,58,0,33.0,64
2024-10-14,SKU0016,47,90,33.0,64
2024-10-21,SKU0016,32,30,33.0,64
2024-10-28,SKU0016,168,0,33.0,64
2024-11-04,SKU0016,161,0,33.0,64
2024-11-11,SKU0016,140,0,33.0,64
2024-11-18,SKU0016,116,0,33.0,64
2024-11-25,SKU0016,100,106,33.0,64
2024-12-02,SKU0016,91,0,33.0,64
2024-12-09,SKU0016,82,0,33.0,64
2024-12-16,SKU0016,79,0,33.0,64
2024-12-23,SKU0016,77,17,33.0,64
2024-12-30,SKU0016,68,99,33.0,64
2025-01-06,SKU0016,47,0,33.0,64
2025-01-13,SKU0016,32,100,33.0,64
2025-01-20,SKU0016,13,42,33.0,64
2025-01-27,SKU0016,10,0,33.0,64
2025-02-03,SKU0016,119,0,33.0,64
2025-02-10,SKU0016,108,109,33.0,64
2025-02-17,SKU0016,104,0,33.0,64
2025-02-24,SKU0016,99,0,33.0,64
2025-03-03,SKU0016,83,0,33.0,64
2025-03-10,SKU0016,79,5,33.0,64
2025-03-17,SKU0016,68,52,33.0,64
2025-03-24,SKU0016,194,0,33.0,64
2025-03-31,SKU0016,187,14,33.0,64
2025-04-07,SKU0016,178,12,33.0,64
2025-04-14,SKU0016,162,0,33.0,64
2025-04-21,SKU0016,154,21,33.0,64
2025-04-28,SKU0016,141,0,33.0,64
2025-05-05,SKU0016,132,0,33.0,64
2025-05-12,SKU0016,123,0,33.0,64
2025-05-19,SKU0016,115,0,33.0,64
2025-05-26,SKU0016,104,0,33.0,64
2025-06-02,SKU0016,100,117,33.0,64
2025-06-09,SKU0016,89,44,33.0,64
2025-06-16,SKU0016,65,0,33.0,64
2025-06-23,SKU0016,49,0,33.0,64
2025-06-30,SKU0016,168,0,33.0,64
2025-07-07,SKU0016,147,0,33.0,64
2025-07-14,SKU0016,130,68,33.0,64
2025-07-21,SKU0016,117,0,33.0,64
2025-07-28,SKU0016,103,0,33.0,64
2025-08-04,SKU0016,85,0,33.0,64
2025-08-11,SKU0016,85,28,33.0,64
2025-08-18,SKU0016,78,0,33.0,64
2025-08-25,SKU0016,70,0,33.0,64
2025-09-01,SKU0016,54,0,33.0,64
2025-09-08,SKU0016,221,0,33.0,64
2025-09-15,SKU0016,208,0,33.0,64
2025-09-22,SKU0016,196,59,33.0,64
2025-09-29,SKU0016,180,0,33.0,64
2024-01-01,SKU0017,116,11,28.0,46
2024-01-08,SKU0017,102,0,28.0,46
2024-01-15,SKU0017,93,0,28.0,46
2024-01-22,SKU0017,89,0,28.0,46
2024-01-29,SKU0017,87,92,28.0,46
2024-02-05,SKU0017,86,0,28.0,46
2024-02-12,SKU0017,82,0,28.0,46
2024-02-19,SKU0017,63,0,28.0,46
2024-02-26,SKU0017,60,0,28.0,46
2024-03-04,SKU0017,50,0,28.0,46
2024-03-11,SKU0017,114,0,28.0,46
2024-03-18,SKU0017,108,0,28.0,46
2024-03-25,SKU0017,92,0,28.0,46
2024-04-01,SKU0017,86,0,28.0,46
2024-04-08,SKU0017,76,0,28.0,46
2024-04-15,SKU0017,57,88,28.0,46
2024-04-22,SKU0017,48,5,28.0,46
2024-04-29,SKU0017,33,0,28.0,46
2024-05-06,SKU0017,32,0,28.0,46
2024-05-13,SKU0017,124,0,28.0,46
2024-05-20,SKU0017,121,69,28.0,46
2024-05-27,SKU0017,99,0,28.0,46
2024-06-03,SKU0017,80,0,28.0,46
2024-06-10,SKU0017,80,0,28.0,46
2024-06-17,SKU0017,75,72,28.0,46
2024-06-24,SKU0017,64,113,28.0,46
2024-07-01,SKU0017,58,79,28.0,46
2024-07-08,SKU0017,55,0,28.0,46
2024-07-15,SKU0017,47,68,28.0,46
2024-07-22,SKU0017,45,0,28.0,46
2024-07-29,SKU0017,21,0,28.0,46
2024-08-05,SKU0017,4,0,28.0,46
2024-08-12,SKU0017,0,71,28.0,46
2024-08-19,SKU0017,159,0,28.0,46
2024-08-26,SKU0017,135,25,28.0,46
2024-09-02,SKU0017,114,0,28.0,46
2024-09-09,SKU0017,96,43,28.0,46
2024-09-16,SKU0017,73,21,28.0,46
2024-09-23,SKU0017,58,0,28.0,46
2024-09-30,SKU0017,39,0,28.0,46
2024-10-07,SKU0017,114,0,28.0,46
2024-10-14,SKU0017,92,0,28.0,46
2024-10-21,SKU0017,90,0,28.0,46
2024-10-28,SKU0017,73,0,28.0,46
2024-11-04,SKU0017,53,0,28.0,46
2024-11-11,SKU0017,204,13,28.0,46
2024-11-18,SKU0017,184,0,28.0,46
2024-11-25,SKU0017,173,0,28.0,46
2024-12-02,SKU0017,154,0,28.0,46
2024-12-09,SKU0017,154,64,28.0,46
2024-12-16,SKU0017,141,0,28.0,46
2024-12-23,SKU0017,140,112,28.0,46
2024-12-30,SKU0017,129,0,28.0,46
2025-01-06,SKU0017,108,0,28.0,46
2025-01-13,SKU0017,104,0,28.0,46
2025-01-20,SKU0017,96,0,28.0,46
2025-01-27,SKU0017,87,0,28.0,46
2025-02-03,SKU0017,75,0,28.0,46
2025-02-10,SKU0017,62,0,28.0,46
2025-02-17,SKU0017,48,66,28.0,46
2025-02-24,SKU0017,144,0,28.0,46
2025-03-03,SKU0017,122,0,28.0,46
2025-03-10,SKU0017,117,0,28.0,46
2025-03-17,SKU0017,108,0,28.0,46
2025-03-24,SKU0017,98,0,28.0,46
2025-03-31,SKU0017,95,79,28.0,46
2025-04-07,SKU0017,92,0,28.0,46
2025-04-14,SKU0017,80,0,28.0,46
2025-04-21,SKU0017,71,0,28.0,46
2025-04-28,SKU0017,48,50,28.0,46
2025-05-05,SKU0017,102,0,28.0,46
2025-05-12,SKU0017,93,83,28.0,46
2025-05-19,SKU0017,86,0,28.0,46
2025-05-26,SKU0017,67,0,28.0,46
2025-06-02,SKU0017,53,30,28.0,46
2025-06-09,SKU0017,50,0,28.0,46
2025-06-16,SKU0017,177,0,28.0,46
2025-06-23,SKU0017,157,0,28.0,46
2025-06-30,SKU0017,147,0,28.0,46
2025-07-07,SKU0017,128,59,28.0,46
2025-07-14,SKU0017,127,0,28.0,46
2025-07-21,SKU0017,113,0,28.0,46
2025-07-28,SKU0017,105,0,28.0,46
2025-08-04,SKU0017,84,0,28.0,46
2025-08-11,SKU0017,72,0,28.0,46
2025-08-18,SKU0017,63,115,28.0,46
2025-08-25,SKU0017,139,0,28.0,46
2025-09-01,SKU0017,117,0,28.0,46
2025-09-08,SKU0017,102,0,28.0,46
2025-09-15,SKU0017,89,0,28.0,46
2025-09-22,SKU0017,71,0,28.0,46
2025-09-29,SKU0017,49,0,28.0,46
2024-01-01,SKU0018,61,0,40.0,32
2024-01-08,SKU0018,57,0,40.0,32
2024-01-15,SKU0018,38,86,40.0,32
2024-01-22,SKU0018,152,113,40.0,32
2024-01-29,SKU0018,148,0,40.0,32
2024-02-05,SKU0018,124,0,40.0,32
2024-02-12,SKU0018,122,0,40.0,32
2024-02-19,SKU0018,100,31,40.0,32
2024-02-26,SKU0018,80,0,40.0,32
2024-03-04,SKU0018,61,81,40.0,32
2024-03-11,SKU0018,56,92,40.0,32
2024-03-18,SKU0018,54,0,40.0,32
2024-03-25,SKU0018,38,0,40.0,32
2024-04-01,SKU0018,16,67,40.0,32
2024-04-08,SKU0018,12,0,40.0,32
2024-04-15,SKU0018,131,0,40.0,32
2024-04-22,SKU0018,113,0,40.0,32
2024-04-29,SKU0018,90,57,40.0,32
2024-05-06,SKU0018,66,0,40.0,32
2024-05-13,SKU0018,44,0,40.0,32
2024-05-20,SKU0018,38,0,40.0,32
2024-05-27,SKU0018,154,43,40.0,32
2024-06-03,SKU0018,135,0,40.0,32
2024-06-10,SKU0018,116,0,40.0,32
2024-06-17,SKU0018,103,0,40.0,32
2024-06-24,SKU0018,90,77,40.0,32
2024-07-01,SKU0018,72,0,40.0,32
2024-07-08,SKU0018,50,40,40.0,32
2024-07-15,SKU0018,41,0,40.0,32
2024-07-22,SKU0018,18,0,40.0,32
2024-07-29,SKU0018,177,0,40.0,32
2024-08-05,SKU0018,171,0,40.0,32
2024-08-12,SKU0018,151,0,40.0,32
2024-08-19,SKU0018,134,0,40.0,32
2024-08-26,SKU0018,128,0,40.0,32
2024-09-02,SKU0018,126,0,40.0,32
2024-09-09,SKU0018,102,0,40.0,32
2024-09-16,SKU0018,89,0,40.0,32
2024-09-23,SKU0018,71,0,40.0,32
2024-09-30,SKU0018,69,0,40.0,32
2024-10-07,SKU0018,45,104,40.0,32
2024-10-14,SKU0018,45,0,40.0,32
2024-10-21,SKU0018,44,59,40.0,32
2024-10-28,SKU0018,41,0,40.0,32
2024-11-04,SKU0018,188,0,40.0,32
2024-11-11,SKU0018,181,0,40.0,32
2024-11-18,SKU0018,175,0,40.0,32
2024-11-25,SKU0018,156,0,40.0,32
2024-12-02,SKU0018,144,46,40.0,32
2024-12-09,SKU0018,137,0,40.0,32
2024-12-16,SKU0018,128,0,40.0,32
2024-12-23,SKU0018,112,112,40.0,32
2024-12-30,SKU0018,91,0,40.0,32
2025-01-06,SKU0018,68,36,40.0,32
2025-01-13,SKU0018,48,0,40.0,32
2025-01-20,SKU0018,44,0,40.0,32
2025-01-27,SKU0018,228,0,40.0,32
2025-02-03,SKU0018,209,0,40.0,32
2025-02-10,SKU0018,206,0,40.0,32
2025-02-17,SKU0018,186,0,40.0,32
2025-02-24,SKU0018,183,16,40.0,32
2025-03-03,SKU0018,170,0,40.0,32
2025-03-10,SKU0018,157,0,40.0,32
2025-03-17,SKU0018,146,0,40.0,32
2025-03-24,SKU0018,139,0,40.0,32
2025-03-31,SKU0018,127,0,40.0,32
2025-04-07,SKU0018,121,0,40.0,32
2025-04-14,SKU0018,100,0,40.0,32
2025-04-21,SKU0018,81,0,40.0,32
2025-04-28,SKU0018,71,0,40.0,32
2025-05-05,SKU0018,54,47,40.0,32
2025-05-12,SKU0018,37,0,40.0,32
2025-05-19,SKU0018,200,0,40.0,32
2025-05-26,SKU0018,176,0,40.0,32
2025-06-02,SKU0018,155,0,40.0,32
2025-06-09,SKU0018,137,119,40.0,32
2025-06-16,SKU0018,114,94,40.0,32
2025-06-23,SKU0018,95,0,40.0,32
2025-06-30,SKU0018,85,0,40.0,32
2025-07-07,SKU0018,68,0,40.0,32
2025-07-14,SKU0018,65,0,40.0,32
2025-07-21,SKU0018,63,0,40.0,32
2025-07-28,SKU0018,59,0,40.0,32
2025-08-04,SKU0018,36,74,40.0,32
2025-08-11,SKU0018,147,0,40.0,32
2025-08-18,SKU0018,137,0,40.0,32
2025-08-25,SKU0018,116,0,40.0,32
2025-09-01,SKU0018,102,115,40.0,32
2025-09-08,SKU0018,97,10,40.0,32
2025-09-15,SKU0018,87,0,40.0,32
2025-09-22,SKU0018,69,72,40.0,32
2025-09-29,SKU0018,50,0,40.0,32
2024-01-01,SKU0019,180,0,30.0,14
2024-01-08,SKU0019,173,0,30.0,14
2024-01-15,SKU0019,149,0,30.0,14
2024-01-22,SKU0019,129,0,30.0,14
2024-01-29,SKU0019,112,6,30.0,14
2024-02-05,SKU0019,110,52,30.0,14
2024-02-12,SKU0019,102,0,30.0,14
2024-02-19,SKU0019,99,52,30.0,14
2024-02-26,SKU0019,75,0,30.0,14
2024-03-04,SKU0019,64,51,30.0,14
2024-03-11,SKU0019,43,0,30.0,14
2024-03-18,SKU0019,20,0,30.0,14
2024-03-25,SKU0019,1,58,30.0,14
2024-04-01,SKU0019,173,0,30.0,14
2024-04-08,SKU0019,162,0,30.0,14
2024-04-15,SKU0019,161,0,30.0,14
2024-04-22,SKU0019,149,0,30.0,14
2024-04-29,SKU0019,136,0,30.0,14
2024-05-06,SKU0019,126,0,30.0,14
2024-05-13,SKU0019,112,0,30.0,14
2024-05-20,SKU0019,105,0,30.0,14
2024-05-27,SKU0019,98,18,30.0,14
2024-06-03,SKU0019,97,0,30.0,14
2024-06-10,SKU0019,85,12,30.0,14
2024-06-17,SKU0019,85,0,30.0,14
2024-06-24,SKU0019,84,5,30.0,14
2024-07-01,SKU0019,68,0,30.0,14
2024-07-08,SKU0019,59,0,30.0,14
2024-07-15,SKU0019,49,0,30.0,14
2024-07-22,SKU0019,38,0,30.0,14
2024-07-29,SKU0019,26,0,30.0,14
2024-08-05,SKU0019,9,117,30.0,14
2024-08-12,SKU0019,0,57,30.0,14
2024-08-19,SKU0019,169,111,30.0,14
2024-08-26,SKU0019,169,0,30.0,14
2024-09-02,SKU0019,169,0,30.0,14
2024-09-09,SKU0019,159,0,30.0,14
2024-09-16,SKU0019,146,0,30.0,14
2024-09-23,SKU0019,139,0,30.0,14
2024-09-30,SKU0019,138,108,30.0,14
2024-10-07,SKU0019,120,0,30.0,14
2024-10-14,SKU0019,119,0,30.0,14
2024-10-21,SKU0019,100,0,30.0,14
2024-10-28,SKU0019,76,0,30.0,14
2024-11-04,SKU0019,54,28,30.0,14
2024-11-11,SKU0019,49,0,30.0,14
2024-11-18,SKU0019,28,0,30.0,14
2024-11-25,SKU0019,25,0,30.0,14
2024-12-02,SKU0019,137,0,30.0,14
2024-12-09,SKU0019,118,0,30.0,14
2024-12-16,SKU0019,97,0,30.0,14
2024-12-23,SKU0019,92,0,30.0,14
2024-12-30,SKU0019,91,47,30.0,14
2025-01-06,SKU0019,72,112,30.0,14
2025-01-13,SKU0019,72,0,30.0,14
2025-01-20,SKU0019,58,21,30.0,14
2025-01-27,SKU0019,35,59,30.0,14
2025-02-03,SKU0019,30,69,30.0,14
2025-02-10,SKU0019,19,15,30.0,14
2025-02-17,SKU0019,68,108,30.0,14
2025-02-24,SKU0019,48,0,30.0,14
2025-03-03,SKU0019,47,26,30.0,14
2025-03-10,SKU0019,32,34,30.0,14
2025-03-17,SKU0019,10,0,30.0,14
2025-03-24,SKU0019,91,0,30.0,14
2025-03-31,SKU0019,86,0,30.0,14
2025-04-07,SKU0019,78,0,30.0,14
2025-04-14,SKU0019,58,0,30.0,14
2025-04-21,SKU0019,34,0,30.0,14
2025-04-28,SKU0019,18,0,30.0,14
2025-05-05,SKU0019,0,0,30.0,14
2025-05-12,SKU0019,0,10,30.0,14
2025-05-19,SKU0019,71,0,30.0,14
2025-05-26,SKU0019,60,88,30.0,14
2025-06-02,SKU0019,39,15,30.0,14
2025-06-09,SKU0019,15,0,30.0,14
2025-06-16,SKU0019,0,0,30.0,14
2025-06-23,SKU0019,0,77,30.0,14
2025-06-30,SKU0019,0,0,30.0,14
2025-07-07,SKU0019,62,0,30.0,14
2025-07-14,SKU0019,41,0,30.0,14
2025-07-21,SKU0019,17,114,30.0,14
2025-07-28,SKU0019,106,0,30.0,14
2025-08-04,SKU0019,84,0,30.0,14
2025-08-11,SKU0019,82,0,30.0,14
2025-08-18,SKU0019,67,0,30.0,14
2025-08-25,SKU0019,54,0,30.0,14
2025-09-01,SKU0019,39,0,30.0,14
2025-09-08,SKU0019,28,0,30.0,14
2025-09-15,SKU0019,195,86,30.0,14
2025-09-22,SKU0019,172,37,30.0,14
2025-09-29,SKU0019,171,0,30.0,14
2024-08-19,SKU0020,49,27,29.0,33
2024-08-26,SKU0020,43,13,29.0,33
2024-09-02,SKU0020,217,61,29.0,33
2024-09-09,SKU0020,199,0,29.0,33
2024-09-16,SKU0020,188,52,29.0,33
2024-09-23,SKU0020,185,0,29.0,33
2024-09-30,SKU0020,182,0,29.0,33
2024-10-07,SKU0020,174,0,29.0,33
2024-10-14,SKU0020,165,96,29.0,33
2024-10-21,SKU0020,143,0,29.0,33
2024-10-28,SKU0020,137,0,29.0,33
2024-11-04,SKU0020,125,0,29.0,33
2024-11-11,SKU0020,105,0,29.0,33
2024-11-18,SKU0020,103,0,29.0,33
2024-11-25,SKU0020,80,0,29.0,33
2024-12-02,SKU0020,62,0,29.0,33
2024-12-09,SKU0020,53,0,29.0,33
2024-12-16,SKU0020,45,0,29.0,33
2024-12-23,SKU0020,22,79,29.0,33
2024-12-30,SKU0020,7,119,29.0,33
2025-01-06,SKU0020,5,27,29.0,33
2025-01-13,SKU0020,1,0,29.0,33
2025-01-20,SKU0020,0,108,29.0,33
2025-01-27,SKU0020,0,111,29.0,33
2025-02-03,SKU0020,0,0,29.0,33
2025-02-10,SKU0020,85,0,29.0,33
2025-02-17,SKU0020,72,0,29.0,33
2025-02-24,SKU0020,58,48,29.0,33
2025-03-03,SKU0020,49,0,29.0,33
2025-03-10,SKU0020,25,0,29.0,33
2025-03-17,SKU0020,213,0,29.0,33
2025-03-24,SKU0020,195,0,29.0,33
2025-03-31,SKU0020,178,0,29.0,33
2025-04-07,SKU0020,170,54,29.0,33
2025-04-14,SKU0020,154,0,29.0,33
2025-04-21,SKU0020,137,90,29.0,33
2025-04-28,SKU0020,114,33,29.0,33
2025-05-05,SKU0020,112,0,29.0,33
2025-05-12,SKU0020,101,24,29.0,33
2025-05-19,SKU0020,81,0,29.0,33
2025-05-26,SKU0020,72,0,29.0,33
2025-06-02,SKU0020,65,0,29.0,33
2025-06-09,SKU0020,61,0,29.0,33
2025-06-16,SKU0020,44,0,29.0,33
2025-06-23,SKU0020,149,0,29.0,33
2025-06-30,SKU0020,144,0,29.0,33
2025-07-07,SKU0020,127,0,29.0,33
2025-07-14,SKU0020,123,0,29.0,33
2025-07-21,SKU0020,122,13,29.0,33
2025-07-28,SKU0020,115,0,29.0,33
2025-08-04,SKU0020,113,0,29.0,33
2025-08-11,SKU0020,91,0,29.0,33
2025-08-18,SKU0020,89,0,29.0,33
2025-08-25,SKU0020,66,103,29.0,33
2025-09-01,SKU0020,48,0,29.0,33
2025-09-08,SKU0020,27,0,29.0,33
2025-09-15,SKU0020,22,0,29.0,33
2025-09-22,SKU0020,0,0,29.0,33
2025-09-29,SKU0020,0,0,29.0,33
2024-01-01,SKU0021,46,0,36.0,16
2024-01-08,SKU0021,28,0,36.0,16
2024-01-15,SKU0021,12,0,36.0,16
2024-01-22,SKU0021,0,0,36.0,16
2024-01-29,SKU0021,177,0,36.0,16
2024-02-05,SKU0021,177,47,36.0,16
2024-02-12,SKU0021,154,80,36.0,16
2024-02-19,SKU0021,145,0,36.0,16
2024-02-26,SKU0021,129,0,36.0,16
2024-03-04,SKU0021,115,60,36.0,16
2024-03-11,SKU0021,106,51,36.0,16
2024-03-18,SKU0021,102,19,36.0,16
2024-03-25,SKU0021,87,2,36.0,16
2024-04-01,SKU0021,81,0,36.0,16
2024-04-08,SKU0021,67,0,36.0,16
2024-04-15,SKU0021,53,0,36.0,16
2024-04-22,SKU0021,38,0,36.0,16
2024-04-29,SKU0021,38,57,36.0,16
2024-05-06,SKU0021,19,0,36.0,16
2024-05-13,SKU0021,0,0,36.0,16
2024-05-20,SKU0021,0,0,36.0,16
2024-05-27,SKU0021,0,84,36.0,16
2024-06-03,SKU0021,0,0,36.0,16
2024-06-10,SKU0021,148,0,36.0,16
2024-06-17,SKU0021,136,0,36.0,16
2024-06-24,SKU0021,130,0,36.0,16
2024-07-01,SKU0021,107,0,36.0,16
2024-07-08,SKU0021,101,0,36.0,16
2024-07-15,SKU0021,83,0,36.0,16
2024-07-22,SKU0021,75,87,36.0,16
2024-07-29,SKU0021,65,0,36.0,16
2024-08-05,SKU0021,53,0,36.0,16
2024-08-12,SKU0021,43,116,36.0,16
2024-08-19,SKU0021,23,0,36.0,16
2024-08-26,SKU0021,17,0,36.0,16
2024-09-02,SKU0021,0,0,36.0,16
2024-09-09,SKU0021,189,0,36.0,16
2024-09-16,SKU0021,180,0,36.0,16
2024-09-23,SKU0021,156,0,36.0,16
2024-09-30,SKU0021,133,0,36.0,16
2024-10-07,SKU0021,128,0,36.0,16
2024-10-14,SKU0021,125,105,36.0,16
2024-10-21,SKU0021,119,0,36.0,16
2024-10-28,SKU0021,100,107,36.0,16
2024-11-04,SKU0021,77,57,36.0,16
2024-11-11,SKU0021,62,0,36.0,16
2024-11-18,SKU0021,47,71,36.0,16
2024-11-25,SKU0021,36,0,36.0,16
2024-12-02,SKU0021,101,0,36.0,16
2024-12-09,SKU0021,87,0,36.0,16
2024-12-16,SKU0021,65,82,36.0,16
2024-12-23,SKU0021,61,34,36.0,16
2024-12-30,SKU0021,56,0,36.0,16
2025-01-06,SKU0021,56,0,36.0,16
2025-01-13,SKU0021,41,0,36.0,16
2025-01-20,SKU0021,29,0,36.0,16
2025-01-27,SKU0021,28,0,36.0,16
2025-02-03,SKU0021,180,0,36.0,16
2025-02-10,SKU0021,178,0,36.0,16
2025-02-17,SKU0021,168,0,36.0,16
2025-02-24,SKU0021,155,0,36.0,16
2025-03-03,SKU0021,137,0,36.0,16
2025-03-10,SKU0021,129,0,36.0,16
2025-03-17,SKU0021,120,0,36.0,16
2025-03-24,SKU0021,104,0,36.0,16
2025-03-31,SKU0021,96,0,36.0,16
2025-04-07,SKU0021,83,80,36.0,16
2025-04-14,SKU0021,70,0,36.0,16
2025-04-21,SKU0021,54,0,36.0,16
2025-04-28,SKU0021,43,62,36.0,16
2025-05-05,SKU0021,20,0,36.0,16
2025-05-12,SKU0021,17,0,36.0,16
2025-05-19,SKU0021,181,2,36.0,16
2025-05-26,SKU0021,175,41,36.0,16
2025-06-02,SKU0021,173,49,36.0,16
2025-06-09,SKU0021,165,0,36.0,16
2025-06-16,SKU0021,152,0,36.0,16
2025-06-23,SKU0021,146,2,36.0,16
2025-06-30,SKU0021,136,0,36.0,16
2025-07-07,SKU0021,125,0,36.0,16
2025-07-14,SKU0021,115,0,36.0,16
2025-07-21,SKU0021,111,0,36.0,16
2025-07-28,SKU0021,110,53,36.0,16
2025-08-04,SKU0021,106,0,36.0,16
2025-08-11,SKU0021,94,0,36.0,16
2025-08-18,SKU0021,73,0,36.0,16
2025-08-25,SKU0021,56,59,36.0,16
2025-09-01,SKU0021,54,2,36.0,16
2025-09-08,SKU0021,30,0,36.0,16
2025-09-15,SKU0021,23,0,36.0,16
2025-09-22,SKU0021,176,0,36.0,16
2025-09-29,SKU0021,174,0,36.0,16
2024-01-01,SKU0022,288,99,29.0,71
2024-01-08,SKU0022,273,118,29.0,71
2024-01-15,SKU0022,249,0,29.0,71
2024-01-22,SKU0022,235,0,29.0,71
2024-01-29,SKU0022,216,0,29.0,71
2024-02-05,SKU0022,193,0,29.0,71
2024-02-12,SKU0022,171,88,29.0,71
2024-02-19,SKU0022,167,0,29.0,71
2024-02-26,SKU0022,155,115,29.0,71
2024-03-04,SKU0022,136,0,29.0,71
2024-03-11,SKU0022,118,0,29.0,71
2024-03-18,SKU0022,95,0,29.0,71
2024-03-25,SKU0022,79,0,29.0,71
2024-04-01,SKU0022,161,0,29.0,71
2024-04-08,SKU0022,150,0,29.0,71
2024-04-15,SKU0022,145,0,29.0,71
2024-04-22,SKU0022,135,0,29.0,71
2024-04-29,SKU0022,132,0,29.0,71
2024-05-06,SKU0022,124,0,29.0,71
2024-05-13,SKU0022,121,0,29.0,71
2024-05-20,SKU0022,114,0,29.0,71
2024-05-27,SKU0022,103,0,29.0,71
2024-06-03,SKU0022,80,0,29.0,71
2024-06-10,SKU0022,74,0,29.0,71
2024-06-17,SKU0022,53,0,29.0,71
2024-06-24,SKU0022,53,0,29.0,71
2024-07-01,SKU0022,102,17,29.0,71
2024-07-08,SKU0022,100,0,29.0,71
2024-07-15,SKU0022,87,35,29.0,71
2024-07-22,SKU0022,85,0,29.0,71
2024-07-29,SKU0022,249,0,29.0,71
2024-08-05,SKU0022,234,0,29.0,71
2024-08-12,SKU0022,210,101,29.0,71
2024-08-19,SKU0022,195,0,29.0,71
2024-08-26,SKU0022,189,43,29.0,71
2024-09-02,SKU0022,173,0,29.0,71
2024-09-09,SKU0022,166,113,29.0,71
2024-09-16,SKU0022,150,0,29.0,71
2024-09-23,SKU0022,139,0,29.0,71
2024-09-30,SKU0022,134,0,29.0,71
2024-10-07,SKU0022,130,0,29.0,71
2024-10-14,SKU0022,120,0,29.0,71
2024-10-21,SKU0022,115,86,29.0,71
2024-10-28,SKU0022,99,0,29.0,71
2024-11-04,SKU0022,79,19,29.0,71
2024-11-11,SKU0022,77,0,29.0,71
2024-11-18,SKU0022,61,0,29.0,71
2024-11-25,SKU0022,58,0,29.0,71
2024-12-02,SKU0022,49,0,29.0,71
2024-12-09,SKU0022,30,0,29.0,71
2024-12-16,SKU0022,8,0,29.0,71
2024-12-23,SKU0022,6,0,29.0,71
2024-12-30,SKU0022,0,97,29.0,71
2025-01-06,SKU0022,0,0,29.0,71
2025-01-13,SKU0022,0,0,29.0,71
2025-01-20,SKU0022,0,2,29.0,71
2025-01-27,SKU0022,161,2,29.0,71
2025-02-03,SKU0022,147,0,29.0,71
2025-02-10,SKU0022,147,36,29.0,71
2025-02-17,SKU0022,138,0,29.0,71
2025-02-24,SKU0022,130,0,29.0,71
2025-03-03,SKU0022,115,0,29.0,71
2025-03-10,SKU0022,112,0,29.0,71
2025-03-17,SKU0022,88,0,29.0,71
2025-03-24,SKU0022,82,0,29.0,71
2025-03-31,SKU0022,148,0,29.0,71
2025-04-07,SKU0022,141,0,29.0,71
2025-04-14,SKU0022,124,0,29.0,71
2025-04-21,SKU0022,105,0,29.0,71
2025-04-28,SKU0022,91,0,29.0,71
2025-05-05,SKU0022,85,0,29.0,71
2025-05-12,SKU0022,78,0,29.0,71
2025-05-19,SKU0022,129,0,29.0,71
2025-05-26,SKU0022,121,0,29.0,71
2025-06-02,SKU0022,116,0,29.0,71
2025-06-09,SKU0022,92,0,29.0,71
2025-06-16,SKU0022,75,0,29.0,71
2025-06-23,SKU0022,240,7,29.0,71
2025-06-30,SKU0022,219,111,29.0,71
2025-07-07,SKU0022,207,0,29.0,71
2025-07-14,SKU0022,199,0,29.0,71
2025-07-21,SKU0022,198,78,29.0,71
2025-07-28,SKU0022,177,6,29.0,71
2025-08-04,SKU0022,166,0,29.0,71
2025-08-11,SKU0022,147,0,29.0,71
2025-08-18,SKU0022,147,110,29.0,71
2025-08-25,SKU0022,144,0,29.0,71
2025-09-01,SKU0022,130,0,29.0,71
2025-09-08,SKU0022,114,0,29.0,71
2025-09-15,SKU0022,110,6,29.0,71
2025-09-22,SKU0022,88,0,29.0,71
2025-09-29,SKU0022,77,0,29.0,71
2024-01-01,SKU0023,247,0,18.0,74
2024-01-08,SKU0023,234,0,18.0,74
2024-01-15,SKU0023,234,0,18.0,74
2024-01-22,SKU0023,215,0,18.0,74
2024-01-29,SKU0023,204,73,18.0,74
2024-02-05,SKU0023,200,0,18.0,74
2024-02-12,SKU0023,187,38,18.0,74
2024-02-19,SKU0023,183,0,18.0,74
2024-02-26,SKU0023,173,0,18.0,74
2024-03-04,SKU0023,172,0,18.0,74
2024-03-11,SKU0023,157,0,18.0,74
2024-03-18,SKU0023,139,0,18.0,74
2024-03-25,SKU0023,115,0,18.0,74
2024-04-01,SKU0023,98,0,18.0,74
2024-04-08,SKU0023,83,0,18.0,74
2024-04-15,SKU0023,80,0,18.0,74
2024-04-22,SKU0023,78,0,18.0,74
2024-04-29,SKU0023,190,96,18.0,74
2024-05-06,SKU0023,181,75,18.0,74
2024-05-13,SKU0023,171,0,18.0,74
2024-05-20,SKU0023,150,0,18.0,74
2024-05-27,SKU0023,139,38,18.0,74
2024-06-03,SKU0023,116,0,18.0,74
2024-06-10,SKU0023,93,0,18.0,74
2024-06-17,SKU0023,70,0,18.0,74
2024-06-24,SKU0023,239,0,18.0,74
2024-07-01,SKU0023,239,0,18.0,74
2024-07-08,SKU0023,232,101,18.0,74
2024-07-15,SKU0023,230,0,18.0,74
2024-07-22,SKU0023,217,107,18.0,74
2024-07-29,SKU0023,199,29,18.0,74
2024-08-05,SKU0023,194,0,18.0,74
2024-08-12,SKU0023,173,0,18.0,74
2024-08-19,SKU0023,153,0,18.0,74
2024-08-26,SKU0023,142,69,18.0,74
2024-09-02,SKU0023,131,0,18.0,74
2024-09-09,SKU0023,127,0,18.0,74
2024-09-16,SKU0023,119,0,18.0,74
2024-09-23,SKU0023,98,0,18.0,74
2024-09-30,SKU0023,89,0,18.0,74
2024-10-07,SKU0023,85,0,18.0,74
2024-10-14,SKU0023,66,88,18.0,74
2024-10-21,SKU0023,60,105,18.0,74
2024-10-28,SKU0023,245,0,18.0,74
2024-11-04,SKU0023,233,0,18.0,74
2024-11-11,SKU0023,224,0,18.0,74
2024-11-18,SKU0023,224,0,18.0,74
2024-11-25,SKU0023,202,41,18.0,74
2024-12-02,SKU0023,199,0,18.0,74
2024-12-09,SKU0023,178,0,18.0,74
2024-12-16,SKU0023,168,0,18.0,74
2024-12-23,SKU0023,150,0,18.0,74
2024-12-30,SKU0023,147,76,18.0,74
2025-01-06,SKU0023,141,59,18.0,74
2025-01-13,SKU0023,135,0,18.0,74
2025-01-20,SKU0023,127,0,18.0,74
2025-01-27,SKU0023,106,6,18.0,74
2025-02-03,SKU0023,102,0,18.0,74
2025-02-10,SKU0023,80,80,18.0,74
2025-02-17,SKU0023,124,41,18.0,74
2025-02-24,SKU0023,101,0,18.0,74
2025-03-03,SKU0023,83,0,18.0,74
2025-03-10,SKU0023,83,0,18.0,74
2025-03-17,SKU0023,76,0,18.0,74
2025-03-24,SKU0023,239,6,18.0,74
2025-03-31,SKU0023,229,105,18.0,74
2025-04-07,SKU0023,227,0,18.0,74
2025-04-14,SKU0023,217,0,18.0,74
2025-04-21,SKU0023,214,0,18.0,74
2025-04-28,SKU0023,196,0,18.0,74
2025-05-05,SKU0023,183,0,18.0,74
2025-05-12,SKU0023,159,0,18.0,74
2025-05-19,SKU0023,150,107,18.0,74
2025-05-26,SKU0023,126,0,18.0,74
2025-06-02,SKU0023,125,0,18.0,74
2025-06-09,SKU0023,106,0,18.0,74
2025-06-16,SKU0023,83,88,18.0,74
2025-06-23,SKU0023,78,89,18.0,74
2025-06-30,SKU0023,141,0,18.0,74
2025-07-07,SKU0023,131,0,18.0,74
2025-07-14,SKU0023,123,0,18.0,74
2025-07-21,SKU0023,121,0,18.0,74
2025-07-28,SKU0023,102,0,18.0,74
2025-08-04,SKU0023,96,0,18.0,74
2025-08-11,SKU0023,85,0,18.0,74
2025-08-18,SKU0023,202,0,18.0,74
2025-08-25,SKU0023,192,0,18.0,74
2025-09-01,SKU0023,175,0,18.0,74
2025-09-08,SKU0023,165,0,18.0,74
2025-09-15,SKU0023,163,0,18.0,74
2025-09-22,SKU0023,148,101,18.0,74
2025-09-29,SKU0023,135,0,18.0,74
2024-01-01,SKU0024,274,0,14.0,76
2024-01-08,SKU0024,265,0,14.0,76
2024-01-15,SKU0024,246,99,14.0,76
2024-01-22,SKU0024,239,66,14.0,76
2024-01-29,SKU0024,229,0,14.0,76
2024-02-05,SKU0024,213,0,14.0,76
2024-02-12,SKU0024,207,0,14.0,76
2024-02-19,SKU0024,183,0,14.0,76
2024-02-26,SKU0024,172,101,14.0,76
2024-03-04,SKU0024,170,0,14.0,76
2024-03-11,SKU0024,170,0,14.0,76
2024-03-18,SKU0024,159,0,14.0,76
2024-03-25,SKU0024,141,0,14.0,76
2024-04-01,SKU0024,133,75,14.0,76
2024-04-08,SKU0024,122,0,14.0,76
2024-04-15,SKU0024,110,0,14.0,76
2024-04-22,SKU0024,108,0,14.0,76
2024-04-29,SKU0024,87,0,14.0,76
2024-05-06,SKU0024,74,77,14.0,76
2024-05-13,SKU0024,72,0,14.0,76
2024-05-20,SKU0024,56,0,14.0,76
2024-05-27,SKU0024,184,0,14.0,76
2024-06-03,SKU0024,177,0,14.0,76
2024-06-10,SKU0024,172,82,14.0,76
2024-06-17,SKU0024,156,93,14.0,76
2024-06-24,SKU0024,144,0,14.0,76
2024-07-01,SKU0024,123,82,14.0,76
2024-07-08,SKU0024,114,0,14.0,76
2024-07-15,SKU0024,104,24,14.0,76
2024-07-22,SKU0024,91,0,14.0,76
2024-07-29,SKU0024,91,0,14.0,76
2024-08-05,SKU0024,162,0,14.0,76
2024-08-12,SKU0024,142,85,14.0,76
2024-08-19,SKU0024,141,0,14.0,76
2024-08-26,SKU0024,123,0,14.0,76
2024-09-02,SKU0024,122,0,14.0,76
2024-09-09,SKU0024,100,0,14.0,76
2024-09-16,SKU0024,98,0,14.0,76
2024-09-23,SKU0024,88,0,14.0,76
2024-09-30,SKU0024,64,74,14.0,76
2024-10-07,SKU0024,227,42,14.0,76
2024-10-14,SKU0024,211,97,14.0,76
2024-10-21,SKU0024,189,0,14.0,76
2024-10-28,SKU0024,186,0,14.0,76
2024-11-04,SKU0024,172,0,14.0,76
2024-11-11,SKU0024,150,48,14.0,76
2024-11-18,SKU0024,141,0,14.0,76
2024-11-25,SKU0024,127,62,14.0,76
2024-12-02,SKU0024,125,0,14.0,76
2024-12-09,SKU0024,120,0,14.0,76
2024-12-16,SKU0024,120,0,14.0,76
2024-12-23,SKU0024,115,0,14.0,76
2024-12-30,SKU0024,113,0,14.0,76
2025-01-06,SKU0024,91,0,14.0,76
2025-01-13,SKU0024,79,0,14.0,76
2025-01-20,SKU0024,66,0,14.0,76
2025-01-27,SKU0024,57,0,14.0,76
2025-02-03,SKU0024,156,33,14.0,76
2025-02-10,SKU0024,149,0,14.0,76
2025-02-17,SKU0024,125,0,14.0,76
2025-02-24,SKU0024,117,0,14.0,76
2025-03-03,SKU0024,104,0,14.0,76
2025-03-10,SKU0024,98,0,14.0,76
2025-03-17,SKU0024,240,91,14.0,76
2025-03-24,SKU0024,240,35,14.0,76
2025-03-31,SKU0024,220,0,14.0,76
2025-04-07,SKU0024,212,0,14.0,76
2025-04-14,SKU0024,205,0,14.0,76
2025-04-21,SKU0024,198,0,14.0,76
2025-04-28,SKU0024,198,0,14.0,76
2025-05-05,SKU0024,197,0,14.0,76
2025-05-12,SKU0024,191,0,14.0,76
2025-05-19,SKU0024,185,0,14.0,76
2025-05-26,SKU0024,168,97,14.0,76
2025-06-02,SKU0024,168,0,14.0,76
2025-06-09,SKU0024,168,0,14.0,76
2025-06-16,SKU0024,159,0,14.0,76
2025-06-23,SKU0024,153,0,14.0,76
2025-06-30,SKU0024,138,7,14.0,76
2025-07-07,SKU0024,132,26,14.0,76
2025-07-14,SKU0024,125,44,14.0,76
2025-07-21,SKU0024,125,0,14.0,76
2025-07-28,SKU0024,110,81,14.0,76
2025-08-04,SKU0024,88,76,14.0,76
2025-08-11,SKU0024,76,0,14.0,76
2025-08-18,SKU0024,135,0,14.0,76
2025-08-25,SKU0024,125,0,14.0,76
2025-09-01,SKU0024,116,0,14.0,76
2025-09-08,SKU0024,93,0,14.0,76
2025-09-15,SKU0024,72,0,14.0,76
2025-09-22,SKU0024,188,0,14.0,76
2025-09-29,SKU0024,180,47,14.0,76
2025-01-27,SKU0025,177,0,42.0,55
2025-02-03,SKU0025,159,19,42.0,55
2025-02-10,SKU0025,139,85,42.0,55
2025-02-17,SKU0025,138,66,42.0,55
2025-02-24,SKU0025,130,0,42.0,55
2025-03-03,SKU0025,117,87,42.0,55
2025-03-10,SKU0025,116,0,42.0,55
2025-03-17,SKU0025,115,0,42.0,55
2025-03-24,SKU0025,102,0,42.0,55
2025-03-31,SKU0025,97,105,42.0,55
2025-04-07,SKU0025,81,85,42.0,55
2025-04-14,SKU0025,71,0,42.0,55
2025-04-21,SKU0025,63,23,42.0,55
2025-04-28,SKU0025,56,75,42.0,55
2025-05-05,SKU0025,221,0,42.0,55
2025-05-12,SKU0025,220,105,42.0,55
2025-05-19,SKU0025,215,42,42.0,55
2025-05-26,SKU0025,201,0,42.0,55
2025-06-02,SKU0025,198,38,42.0,55
2025-06-09,SKU0025,177,55,42.0,55
2025-06-16,SKU0025,153,0,42.0,55
2025-06-23,SKU0025,140,0,42.0,55
2025-06-30,SKU0025,135,0,42.0,55
2025-07-07,SKU0025,129,0,42.0,55
2025-07-14,SKU0025,128,48,42.0,55
2025-07-21,SKU0025,124,55,42.0,55
2025-07-28,SKU0025,108,79,42.0,55
2025-08-04,SKU0025,94,0,42.0,55
2025-08-11,SKU0025,76,0,42.0,55
2025-08-18,SKU0025,54,0,42.0,55
2025-08-25,SKU0025,176,0,42.0,55
2025-09-01,SKU0025,174,0,42.0,55
2025-09-08,SKU0025,167,0,42.0,55
2025-09-15,SKU0025,166,10,42.0,55
2025-09-22,SKU0025,151,14,42.0,55
2025-09-29,SKU0025,144,31,42.0,55
2024-01-01,SKU0026,101,0,12.0,63
2024-01-08,SKU0026,97,107,12.0,63
2024-01-15,SKU0026,83,0,12.0,63
2024-01-22,SKU0026,74,0,12.0,63
2024-01-29,SKU0026,229,37,12.0,63
2024-02-05,SKU0026,226,0,12.0,63
2024-02-12,SKU0026,207,0,12.0,63
2024-02-19,SKU0026,184,12,12.0,63
2024-02-26,SKU0026,166,0,12.0,63
2024-03-04,SKU0026,165,0,12.0,63
2024-03-11,SKU0026,153,0,12.0,63
2024-03-18,SKU0026,129,0,12.0,63
2024-03-25,SKU0026,124,0,12.0,63
2024-04-01,SKU0026,114,0,12.0,63
2024-04-08,SKU0026,106,0,12.0,63
2024-04-15,SKU0026,84,2,12.0,63
2024-04-22,SKU0026,79,0,12.0,63
2024-04-29,SKU0026,71,0,12.0,63
2024-05-06,SKU0026,259,16,12.0,63
2024-05-13,SKU0026,250,0,12.0,63
2024-05-20,SKU0026,237,8,12.0,63
2024-05-27,SKU0026,228,0,12.0,63
2024-06-03,SKU0026,207,0,12.0,63
2024-06-10,SKU0026,199,0,12.0,63
2024-06-17,SKU0026,184,18,12.0,63
2024-06-24,SKU0026,172,0,12.0,63
2024-07-01,SKU0026,156,70,12.0,63
2024-07-08,SKU0026,148,76,12.0,63
2024-07-15,SKU0026,135,0,12.0,63
2024-07-22,SKU0026,127,0,12.0,63
2024-07-29,SKU0026,105,0,12.0,63
2024-08-05,SKU0026,82,42,12.0,63
2024-08-12,SKU0026,73,22,12.0,63
2024-08-19,SKU0026,64,34,12.0,63
2024-08-26,SKU0026,228,73,12.0,63
2024-09-02,SKU0026,227,83,12.0,63
2024-09-09,SKU0026,208,0,12.0,63
2024-09-16,SKU0026,199,73,12.0,63
2024-09-23,SKU0026,176,104,12.0,63
2024-09-30,SKU0026,165,0,12.0,63
2024-10-07,SKU0026,147,32,12.0,63
2024-10-14,SKU0026,128,115,12.0,63
2024-10-21,SKU0026,118,0,12.0,63
2024-10-28,SKU0026,103,0,12.0,63
2024-11-04,SKU0026,86,77,12.0,63
2024-11-11,SKU0026,69,0,12.0,63
2024-11-18,SKU0026,47,0,12.0,63
2024-11-25,SKU0026,165,0,12.0,63
2024-12-02,SKU0026,156,64,12.0,63
2024-12-09,SKU0026,136,0,12.0,63
2024-12-16,SKU0026,134,117,12.0,63
2024-12-23,SKU0026,115,29,12.0,63
2024-12-30,SKU0026,114,0,12.0,63
2025-01-06,SKU0026,94,0,12.0,63
2025-01-13,SKU0026,70,0,12.0,63
2025-01-20,SKU0026,61,0,12.0,63
2025-01-27,SKU0026,151,0,12.0,63
2025-02-03,SKU0026,144,0,12.0,63
2025-02-10,SKU0026,144,0,12.0,63
2025-02-17,SKU0026,125,31,12.0,63
2025-02-24,SKU0026,101,0,12.0,63
2025-03-03,SKU0026,99,64,12.0,63
2025-03-10,SKU0026,81,97,12.0,63
2025-03-17,SKU0026,77,7,12.0,63
2025-03-24,SKU0026,68,0,12.0,63
2025-03-31,SKU0026,191,6,12.0,63
2025-04-07,SKU0026,190,0,12.0,63
2025-04-14,SKU0026,185,0,12.0,63
2025-04-21,SKU0026,183,0,12.0,63
2025-04-28,SKU0026,164,0,,63
2025-05-05,SKU0026,152,0,12.0,63
2025-05-12,SKU0026,142,0,12.0,63
2025-05-19,SKU0026,142,0,12.0,63
2025-05-26,SKU0026,128,0,12.0,63
2025-06-02,SKU0026,122,0,12.0,63
2025-06-09,SKU0026,111,0,12.0,63
2025-06-16,SKU0026,94,0,12.0,63
2025-06-23,SKU0026,83,0,12.0,63
2025-06-30,SKU0026,83,0,12.0,63
2025-07-07,SKU0026,75,0,12.0,63
2025-07-14,SKU0026,53,0,12.0,63
2025-07-21,SKU0026,38,0,12.0,63
2025-07-28,SKU0026,168,0,12.0,63
2025-08-04,SKU0026,154,0,12.0,63
2025-08-11,SKU0026,139,0,12.0,63
2025-08-18,SKU0026,130,0,12.0,63
2025-08-25,SKU0026,120,81,12.0,63
2025-09-01,SKU0026,99,0,12.0,63
2025-09-08,SKU0026,85,78,12.0,63
2025-09-15,SKU0026,65,0,12.0,63
2025-09-22,SKU0026,54,0,12.0,63
2025-09-29,SKU0026,46,0,12.0,63
2024-01-01,SKU0027,218,0,34.0,43
2024-01-08,SKU0027,217,31,34.0,43
2024-01-15,SKU0027,207,108,34.0,43
2024-01-22,SKU0027,192,0,34.0,43
2024-01-29,SKU0027,180,0,34.0,43
2024-02-05,SKU0027,162,0,34.0,43
2024-02-12,SKU0027,139,32,34.0,43
2024-02-19,SKU0027,124,0,34.0,43
2024-02-26,SKU0027,121,43,34.0,43
2024-03-04,SKU0027,108,0,34.0,43
2024-03-11,SKU0027,90,0,34.0,43
2024-03-18,SKU0027,87,0,34.0,43
2024-03-25,SKU0027,79,0,34.0,43
2024-04-01,SKU0027,75,0,34.0,43
2024-04-08,SKU0027,60,0,34.0,43
2024-04-15,SKU0027,39,0,34.0,43
2024-04-22,SKU0027,30,0,34.0,43
2024-04-29,SKU0027,195,59,34.0,43
2024-05-06,SKU0027,195,11,34.0,43
2024-05-13,SKU0027,179,0,34.0,43
2024-05-20,SKU0027,176,0,34.0,43
2024-05-27,SKU0027,157,0,34.0,43
2024-06-03,SKU0027,155,0,34.0,43
2024-06-10,SKU0027,151,0,34.0,43
2024-06-17,SKU0027,141,0,34.0,43
2024-06-24,SKU0027,125,0,34.0,43
2024-07-01,SKU0027,123,14,34.0,43
2024-07-08,SKU0027,118,0,34.0,43
2024-07-15,SKU0027,96,0,34.0,43
2024-07-22,SKU0027,86,63,34.0,43
2024-07-29,SKU0027,73,0,34.0,43
2024-08-05,SKU0027,60,0,34.0,43
2024-08-12,SKU0027,42,0,34.0,43
2024-08-19,SKU0027,134,19,34.0,43
2024-08-26,SKU0027,120,0,34.0,43
2024-09-02,SKU0027,120,33,34.0,43
2024-09-09,SKU0027,116,0,34.0,43
2024-09-16,SKU0027,110,0,34.0,43
2024-09-23,SKU0027,108,91,34.0,43
2024-09-30,SKU0027,94,0,34.0,43
2024-10-07,SKU0027,79,0,34.0,43
2024-10-14,SKU0027,79,29,34.0,43
2024-10-21,SKU0027,56,0,34.0,43
2024-10-28,SKU0027,150,0,34.0,43
2024-11-04,SKU0027,127,0,34.0,43
2024-11-11,SKU0027,124,0,34.0,43
2024-11-18,SKU0027,106,89,34.0,43
2024-11-25,SKU0027,93,0,34.0,43
2024-12-02,SKU0027,87,0,34.0,43
2024-12-09,SKU0027,86,64,34.0,43
2024-12-16,SKU0027,84,0,34.0,43
2024-12-23,SKU0027,63,42,34.0,43
2024-12-30,SKU0027,43,0,34.0,43
2025-01-06,SKU0027,177,0,34.0,43
2025-01-13,SKU0027,157,0,34.0,43
2025-01-20,SKU0027,138,0,34.0,43
2025-01-27,SKU0027,121,0,34.0,43
2025-02-03,SKU0027,100,0,34.0,43
2025-02-10,SKU0027,95,0,34.0,43
2025-02-17,SKU0027,82,0,34.0,43
2025-02-24,SKU0027,66,16,34.0,43
2025-03-03,SKU0027,61,0,34.0,43
2025-03-10,SKU0027,186,31,34.0,43
2025-03-17,SKU0027,165,114,34.0,43
2025-03-24,SKU0027,152,107,34.0,43
2025-03-31,SKU0027,151,11,34.0,43
2025-04-07,SKU0027,137,0,34.0,43
2025-04-14,SKU0027,133,0,34.0,43
2025-04-21,SKU0027,117,0,34.0,43
2025-04-28,SKU0027,100,41,34.0,43
2025-05-05,SKU0027,79,0,34.0,43
2025-05-12,SKU0027,74,0,34.0,43
2025-05-19,SKU0027,53,71,34.0,43
2025-05-26,SKU0027,128,33,34.0,43
2025-06-02,SKU0027,110,0,34.0,43
2025-06-09,SKU0027,101,0,34.0,43
2025-06-16,SKU0027,91,71,34.0,43
2025-06-23,SKU0027,69,0,34.0,43
2025-06-30,SKU0027,62,0,34.0,43
2025-07-07,SKU0027,59,0,34.0,43
2025-07-14,SKU0027,46,82,34.0,43
2025-07-21,SKU0027,167,0,34.0,43
2025-07-28,SKU0027,143,0,34.0,43
2025-08-04,SKU0027,135,0,34.0,43
2025-08-11,SKU0027,129,0,34.0,43
2025-08-18,SKU0027,110,0,34.0,43
2025-08-25,SKU0027,97,0,34.0,43
2025-09-01,SKU0027,96,0,34.0,43
2025-09-08,SKU0027,91,0,34.0,43
2025-09-15,SKU0027,84,0,34.0,43
2025-09-22,SKU0027,64,24,34.0,43
2025-09-29,SKU0027,43,0,34.0,43
2024-01-01,SKU0028,65,73,20.0,44
2024-01-08,SKU0028,60,0,20.0,44
2024-01-15,SKU0028,53,0,20.0,44
2024-01-22,SKU0028,53,0,20.0,44
2024-01-29,SKU0028,52,46,20.0,44
2024-02-05,SKU0028,175,107,20.0,44
2024-02-12,SKU0028,167,4,20.0,44
2024-02-19,SKU0028,145,0,20.0,44
2024-02-26,SKU0028,144,0,20.0,44
2024-03-04,SKU0028,126,0,20.0,44
2024-03-11,SKU0028,112,0,20.0,44
2024-03-18,SKU0028,101,0,20.0,44
2024-03-25,SKU0028,79,0,20.0,44
2024-04-01,SKU0028,58,0,20.0,44
2024-04-08,SKU0028,46,0,20.0,44
2024-04-15,SKU0028,211,0,20.0,44
2024-04-22,SKU0028,189,0,20.0,44
2024-04-29,SKU0028,182,0,20.0,44
2024-05-06,SKU0028,178,0,20.0,44
2024-05-13,SKU0028,170,72,20.0,44
2024-05-20,SKU0028,147,0,20.0,44
2024-05-27,SKU0028,140,0,20.0,44
2024-06-03,SKU0028,116,0,20.0,44
2024-06-10,SKU0028,96,0,20.0,44
2024-06-17,SKU0028,91,0,20.0,44
2024-06-24,SKU0028,91,0,20.0,44
2024-07-01,SKU0028,86,0,20.0,44
2024-07-08,SKU0028,68,0,20.0,44
2024-07-15,SKU0028,45,0,20.0,44
2024-07-22,SKU0028,116,0,20.0,44
2024-07-29,SKU0028,100,0,20.0,44
2024-08-05,SKU0028,87,0,20.0,44
2024-08-12,SKU0028,68,0,20.0,44
2024-08-19,SKU0028,50,86,20.0,44
2024-08-26,SKU0028,132,38,20.0,44
2024-09-02,SKU0028,128,0,20.0,44
2024-09-09,SKU0028,105,80,20.0,44
2024-09-16,SKU0028,91,0,20.0,44
2024-09-23,SKU0028,67,0,20.0,44
2024-09-30,SKU0028,57,0,20.0,44
2024-10-07,SKU0028,131,0,20.0,44
2024-10-14,SKU0028,125,0,20.0,44
2024-10-21,SKU0028,103,0,20.0,44
2024-10-28,SKU0028,94,0,20.0,44
2024-11-04,SKU0028,73,0,20.0,44
2024-11-11,SKU0028,54,0,20.0,44
2024-11-18,SKU0028,48,0,20.0,44
2024-11-25,SKU0028,182,47,20.0,44
2024-12-02,SKU0028,175,0,20.0,44
2024-12-09,SKU0028,152,0,20.0,44
2024-12-16,SKU0028,135,0,20.0,44
2024-12-23,SKU0028,130,18,20.0,44
2024-12-30,SKU0028,107,0,20.0,44
2025-01-06,SKU0028,92,0,20.0,44
2025-01-13,SKU0028,72,0,20.0,44
2025-01-20,SKU0028,72,0,20.0,44
2025-01-27,SKU0028,51,94,20.0,44
2025-02-03,SKU0028,50,0,20.0,44
2025-02-10,SKU0028,40,0,20.0,44
2025-02-17,SKU0028,29,19,20.0,44
2025-02-24,SKU0028,117,38,20.0,44
2025-03-03,SKU0028,99,0,20.0,44
2025-03-10,SKU0028,83,0,20.0,44
2025-03-17,SKU0028,59,0,20.0,44
2025-03-24,SKU0028,41,36,20.0,44
2025-03-31,SKU0028,228,0,20.0,44
2025-04-07,SKU0028,227,0,20.0,44
2025-04-14,SKU0028,224,0,20.0,44
2025-04-21,SKU0028,215,19,20.0,44
2025-04-28,SKU0028,201,0,20.0,44
2025-05-05,SKU0028,189,0,20.0,44
2025-05-12,SKU0028,174,0,20.0,44
2025-05-19,SKU0028,152,0,20.0,44
2025-05-26,SKU0028,139,0,20.0,44
2025-06-02,SKU0028,127,0,20.0,44
2025-06-09,SKU0028,115,11,20.0,44
2025-06-16,SKU0028,96,0,20.0,44
2025-06-23,SKU0028,76,0,20.0,44
2025-06-30,SKU0028,60,0,20.0,44
2025-07-07,SKU0028,59,0,20.0,44
2025-07-14,SKU0028,41,2,20.0,44
2025-07-21,SKU0028,37,0,20.0,44
2025-07-28,SKU0028,150,0,20.0,44
2025-08-04,SKU0028,145,0,20.0,44
2025-08-11,SKU0028,138,73,20.0,44
2025-08-18,SKU0028,115,0,20.0,44
2025-08-25,SKU0028,114,0,20.0,44
2025-09-01,SKU0028,112,0,20.0,44
2025-09-08,SKU0028,104,90,20.0,44
2025-09-15,SKU0028,91,10,20.0,44
2025-09-22,SKU0028,81,0,20.0,44
2025-09-29,SKU0028,63,41,20.0,44
2024-01-01,SKU0029,233,84,19.0,71
2024-01-08,SKU0029,215,0,19.0,71
2024-01-15,SKU0029,206,79,19.0,71
2024-01-22,SKU0029,199,0,19.0,71
2024-01-29,SKU0029,199,0,19.0,71
2024-02-05,SKU0029,176,0,19.0,71
2024-02-12,SKU0029,167,44,19.0,71
2024-02-19,SKU0029,163,0,19.0,71
2024-02-26,SKU0029,158,0,19.0,71
2024-03-04,SKU0029,137,113,19.0,71
2024-03-11,SKU0029,128,79,19.0,71
2024-03-18,SKU0029,111,0,19.0,71
2024-03-25,SKU0029,99,0,19.0,71
2024-04-01,SKU0029,83,48,19.0,71
2024-04-08,SKU0029,83,0,19.0,71
2024-04-15,SKU0029,80,44,19.0,71
2024-04-22,SKU0029,201,0,19.0,71
2024-04-29,SKU0029,193,89,19.0,71
2024-05-06,SKU0029,181,0,19.0,71
2024-05-13,SKU0029,159,0,19.0,71
2024-05-20,SKU0029,156,0,19.0,71
2024-05-27,SKU0029,148,0,19.0,71
2024-06-03,SKU0029,136,89,19.0,71
2024-06-10,SKU0029,114,15,19.0,71
2024-06-17,SKU0029,100,97,19.0,71
2024-06-24,SKU0029,78,79,19.0,71
2024-07-01,SKU0029,168,0,19.0,71
2024-07-08,SKU0029,152,0,19.0,71
2024-07-15,SKU0029,152,0,19.0,71
2024-07-22,SKU0029,138,0,19.0,71
2024-07-29,SKU0029,136,119,19.0,71
2024-08-05,SKU0029,121,0,19.0,71
2024-08-12,SKU0029,109,0,19.0,71
2024-08-19,SKU0029,101,0,19.0,71
2024-08-26,SKU0029,86,0,19.0,71
2024-09-02,SKU0029,81,98,19.0,71
2024-09-09,SKU0029,261,22,19.0,71
2024-09-16,SKU0029,254,0,19.0,71
2024-09-23,SKU0029,239,0,19.0,71
2024-09-30,SKU0029,217,0,19.0,71
2024-10-07,SKU0029,201,0,19.0,71
2024-10-14,SKU0029,179,0,19.0,71
2024-10-21,SKU0029,157,0,19.0,71
2024-10-28,SKU0029,137,4,19.0,71
2024-11-04,SKU0029,129,45,19.0,71
2024-11-11,SKU0029,108,56,19.0,71
2024-11-18,SKU0029,102,0,19.0,71
2024-11-25,SKU0029,80,0,19.0,71
2024-12-02,SKU0029,189,0,19.0,71
2024-12-09,SKU0029,173,0,19.0,71
2024-12-16,SKU0029,167,0,19.0,71
2024-12-23,SKU0029,147,0,19.0,71
2024-12-30,SKU0029,131,0,19.0,71
2025-01-06,SKU0029,120,0,19.0,71
2025-01-13,SKU0029,107,20,19.0,71
2025-01-20,SKU0029,89,114,19.0,71
2025-01-27,SKU0029,89,0,19.0,71
2025-02-03,SKU0029,83,101,19.0,71
2025-02-10,SKU0029,76,0,19.0,71
2025-02-17,SKU0029,65,0,19.0,71
2025-02-24,SKU0029,51,0,19.0,71
2025-03-03,SKU0029,29,0,19.0,71
2025-03-10,SKU0029,19,0,19.0,71
2025-03-17,SKU0029,8,35,19.0,71
2025-03-24,SKU0029,3,0,19.0,71
2025-03-31,SKU0029,150,69,19.0,71
2025-04-07,SKU0029,132,0,19.0,71
2025-04-14,SKU0029,122,0,19.0,71
2025-04-21,SKU0029,112,0,19.0,71
2025-04-28,SKU0029,90,0,19.0,71
2025-05-05,SKU0029,83,0,19.0,71
2025-05-12,SKU0029,72,0,19.0,71
2025-05-19,SKU0029,237,0,19.0,71
2025-05-26,SKU0029,235,0,19.0,71
2025-06-02,SKU0029,218,0,19.0,71
2025-06-09,SKU0029,215,99,19.0,71
2025-06-16,SKU0029,194,0,19.0,71
2025-06-23,SKU0029,187,9,19.0,71
2025-06-30,SKU0029,181,0,19.0,71
2025-07-07,SKU0029,164,0,19.0,71
2025-07-14,SKU0029,160,0,19.0,71
2025-07-21,SKU0029,136,0,19.0,71
2025-07-28,SKU0029,129,0,19.0,71
2025-08-04,SKU0029,113,0,19.0,71
2025-08-11,SKU0029,98,0,19.0,71
2025-08-18,SKU0029,83,0,19.0,71
2025-08-25,SKU0029,77,0,19.0,71
2025-09-01,SKU0029,147,0,19.0,71
2025-09-08,SKU0029,134,0,19.0,71
2025-09-15,SKU0029,114,0,19.0,71
2025-09-22,SKU0029,114,0,19.0,71
2025-09-29,SKU0029,98,81,19.0,71
2024-01-01,SKU0030,197,0,27.0,70
2024-01-08,SKU0030,184,0,27.0,70
2024-01-15,SKU0030,169,115,27.0,70
2024-01-22,SKU0030,162,0,27.0,70
2024-01-29,SKU0030,143,0,27.0,70
2024-02-05,SKU0030,129,22,27.0,70
2024-02-12,SKU0030,106,0,27.0,70
2024-02-19,SKU0030,86,4,27.0,70
2024-02-26,SKU0030,85,85,27.0,70
2024-03-04,SKU0030,82,0,27.0,70
2024-03-11,SKU0030,77,0,27.0,70
2024-03-18,SKU0030,57,0,27.0,70
2024-03-25,SKU0030,55,0,27.0,70
2024-04-01,SKU0030,52,0,27.0,70
2024-04-08,SKU0030,48,0,27.0,70
2024-04-15,SKU0030,24,0,27.0,70
2024-04-22,SKU0030,12,61,27.0,70
2024-04-29,SKU0030,148,0,27.0,70
2024-05-06,SKU0030,125,0,27.0,70
2024-05-13,SKU0030,107,20,27.0,70
2024-05-20,SKU0030,86,0,27.0,70
2024-05-27,SKU0030,71,44,27.0,70
2024-06-03,SKU0030,133,0,27.0,70
2024-06-10,SKU0030,128,0,27.0,70
2024-06-17,SKU0030,118,0,27.0,70
2024-06-24,SKU0030,113,0,27.0,70
2024-07-01,SKU0030,90,20,27.0,70
2024-07-08,SKU0030,82,0,27.0,70
2024-07-15,SKU0030,67,0,27.0,70
2024-07-22,SKU0030,48,0,27.0,70
2024-07-29,SKU0030,48,0,27.0,70
2024-08-05,SKU0030,30,0,27.0,70
2024-08-12,SKU0030,20,0,27.0,70
2024-08-19,SKU0030,190,0,27.0,70
2024-08-26,SKU0030,190,0,27.0,70
2024-09-02,SKU0030,172,0,27.0,70
2024-09-09,SKU0030,172,0,27.0,70
2024-09-16,SKU0030,164,76,27.0,70
2024-09-23,SKU0030,153,0,27.0,70
2024-09-30,SKU0030,133,38,27.0,70
2024-10-07,SKU0030,127,0,27.0,70
2024-10-14,SKU0030,117,0,27.0,70
2024-10-21,SKU0030,110,0,27.0,70
2024-10-28,SKU0030,105,0,27.0,70
2024-11-04,SKU0030,99,113,27.0,70
2024-11-11,SKU0030,88,0,27.0,70
2024-11-18,SKU0030,68,60,27.0,70
2024-11-25,SKU0030,62,0,27.0,70
2024-12-02,SKU0030,150,57,27.0,70
2024-12-09,SKU0030,140,0,27.0,70
2024-12-16,SKU0030,129,42,27.0,70
2024-12-23,SKU0030,116,0,,70
2024-12-30,SKU0030,98,0,27.0,70
2025-01-06,SKU0030,94,36,27.0,70
2025-01-13,SKU0030,90,0,27.0,70
2025-01-20,SKU0030,81,0,27.0,70
2025-01-27,SKU0030,78,0,27.0,70
2025-02-03,SKU0030,68,0,27.0,70
2025-02-10,SKU0030,44,56,27.0,70
2025-02-17,SKU0030,24,0,27.0,70
2025-02-24,SKU0030,4,112,27.0,70
2025-03-03,SKU0030,70,107,27.0,70
2025-03-10,SKU0030,222,0,27.0,70
2025-03-17,SKU0030,220,46,27.0,70
2025-03-24,SKU0030,205,0,27.0,70
2025-03-31,SKU0030,187,0,27.0,70
2025-04-07,SKU0030,176,0,27.0,70
2025-04-14,SKU0030,157,0,27.0,70
2025-04-21,SKU0030,150,0,27.0,70
2025-04-28,SKU0030,127,0,27.0,70
2025-05-05,SKU0030,115,0,27.0,70
2025-05-12,SKU0030,91,0,27.0,70
2025-05-19,SKU0030,86,0,27.0,70
2025-05-26,SKU0030,76,80,27.0,70
2025-06-02,SKU0030,75,118,27.0,70
2025-06-09,SKU0030,60,0,27.0,70
2025-06-16,SKU0030,142,0,27.0,70
2025-06-23,SKU0030,128,0,27.0,70
2025-06-30,SKU0030,106,0,27.0,70
2025-07-07,SKU0030,83,64,27.0,70
2025-07-14,SKU0030,64,0,27.0,70
2025-07-21,SKU0030,61,0,27.0,70
2025-07-28,SKU0030,173,0,27.0,70
2025-08-04,SKU0030,151,29,27.0,70
2025-08-11,SKU0030,136,0,27.0,70
2025-08-18,SKU0030,125,0,27.0,70
2025-08-25,SKU0030,123,84,27.0,70
2025-09-01,SKU0030,108,0,27.0,70
2025-09-08,SKU0030,85,0,27.0,70
2025-09-15,SKU0030,183,0,27.0,70
2025-09-22,SKU0030,163,0,27.0,70
2025-09-29,SKU0030,150,0,27.0,70
2024-01-01,SKU0031,52,0,12.0,65
2024-01-08,SKU0031,43,0,12.0,65
2024-01-15,SKU0031,152,83,12.0,65
2024-01-22,SKU0031,142,28,12.0,65
2024-01-29,SKU0031,125,99,12.0,65
2024-02-05,SKU0031,121,0,12.0,65
2024-02-12,SKU0031,98,115,12.0,65
2024-02-19,SKU0031,88,0,12.0,65
2024-02-26,SKU0031,87,0,12.0,65
2024-03-04,SKU0031,65,0,12.0,65
2024-03-11,SKU0031,55,0,12.0,65
2024-03-18,SKU0031,139,0,12.0,65
2024-03-25,SKU0031,136,102,12.0,65
2024-04-01,SKU0031,113,0,12.0,65
2024-04-08,SKU0031,95,22,12.0,65
2024-04-15,SKU0031,72,0,12.0,65
2024-04-22,SKU0031,213,6,12.0,65
2024-04-29,SKU0031,202,0,12.0,65
2024-05-06,SKU0031,190,0,12.0,65
2024-05-13,SKU0031,173,82,12.0,65
2024-05-20,SKU0031,165,0,12.0,65
2024-05-27,SKU0031,161,0,12.0,65
2024-06-03,SKU0031,153,71,12.0,65
2024-06-10,SKU0031,137,0,12.0,65
2024-06-17,SKU0031,121,0,12.0,65
2024-06-24,SKU0031,107,0,12.0,65
2024-07-01,SKU0031,103,13,12.0,65
2024-07-08,SKU0031,82,99,12.0,65
2024-07-15,SKU0031,80,0,12.0,65
2024-07-22,SKU0031,160,0,12.0,65
2024-07-29,SKU0031,140,0,12.0,65
2024-08-05,SKU0031,131,0,12.0,65
2024-08-12,SKU0031,129,0,12.0,65
2024-08-19,SKU0031,119,0,12.0,65
2024-08-26,SKU0031,109,0,12.0,65
2024-09-02,SKU0031,90,0,12.0,65
2024-09-09,SKU0031,85,26,12.0,65
2024-09-16,SKU0031,81,0,12.0,65
2024-09-23,SKU0031,60,21,12.0,65
2024-09-30,SKU0031,39,0,12.0,65
2024-10-07,SKU0031,22,0,12.0,65
2024-10-14,SKU0031,5,101,12.0,65
2024-10-21,SKU0031,0,0,12.0,65
2024-10-28,SKU0031,0,102,12.0,65
2024-11-04,SKU0031,0,0,12.0,65
2024-11-11,SKU0031,193,0,12.0,65
2024-11-18,SKU0031,185,38,12.0,65
2024-11-25,SKU0031,185,0,12.0,65
2024-12-02,SKU0031,178,0,12.0,65
2024-12-09,SKU0031,157,101,12.0,65
2024-12-16,SKU0031,154,0,12.0,65
2024-12-23,SKU0031,142,0,12.0,65
2024-12-30,SKU0031,126,0,12.0,65
2025-01-06,SKU0031,103,0,12.0,65
2025-01-13,SKU0031,93,0,12.0,65
2025-01-20,SKU0031,70,0,12.0,65
2025-01-27,SKU0031,241,0,12.0,65
2025-02-03,SKU0031,236,95,12.0,65
2025-02-10,SKU0031,224,11,12.0,65
2025-02-17,SKU0031,206,0,12.0,65
2025-02-24,SKU0031,194,32,12.0,65
2025-03-03,SKU0031,187,22,12.0,65
2025-03-10,SKU0031,179,81,12.0,65
2025-03-17,SKU0031,169,57,12.0,65
2025-03-24,SKU0031,168,0,12.0,65
2025-03-31,SKU0031,165,112,12.0,65
2025-04-07,SKU0031,152,0,12.0,65
2025-04-14,SKU0031,145,0,12.0,65
2025-04-21,SKU0031,139,53,12.0,65
2025-04-28,SKU0031,129,0,12.0,65
2025-05-05,SKU0031,122,0,12.0,65
2025-05-12,SKU0031,116,61,12.0,65
2025-05-19,SKU0031,109,69,12.0,65
2025-05-26,SKU0031,93,0,12.0,65
2025-06-02,SKU0031,91,0,12.0,65
2025-06-09,SKU0031,75,0,12.0,65
2025-06-16,SKU0031,69,25,12.0,65
2025-06-23,SKU0031,201,0,12.0,65
2025-06-30,SKU0031,177,0,12.0,65
2025-07-07,SKU0031,170,0,12.0,65
2025-07-14,SKU0031,146,0,12.0,65
2025-07-21,SKU0031,136,0,12.0,65
2025-07-28,SKU0031,122,0,12.0,65
2025-08-04,SKU0031,107,76,12.0,65
2025-08-11,SKU0031,96,0,12.0,65
2025-08-18,SKU0031,90,0,12.0,65
2025-08-25,SKU0031,75,0,12.0,65
2025-09-01,SKU0031,65,33,12.0,65
2025-09-08,SKU0031,142,0,12.0,65
2025-09-15,SKU0031,136,28,12.0,65
2025-09-22,SKU0031,125,0,12.0,65
2025-09-29,SKU0031,111,0,12.0,65
2024-01-01,SKU0032,122,0,28.0,68
2024-01-08,SKU0032,108,0,28.0,68
2024-01-15,SKU0032,106,0,28.0,68
2024-01-22,SKU0032,85,0,28.0,68
2024-01-29,SKU0032,79,0,28.0,68
2024-02-05,SKU0032,69,0,28.0,68
2024-02-12,SKU0032,50,0,28.0,68
2024-02-19,SKU0032,171,0,28.0,68
2024-02-26,SKU0032,147,0,28.0,68
2024-03-04,SKU0032,135,0,28.0,68
2024-03-11,SKU0032,133,0,28.0,68
2024-03-18,SKU0032,132,89,28.0,68
2024-03-25,SKU0032,128,0,28.0,68
2024-04-01,SKU0032,107,0,28.0,68
2024-04-08,SKU0032,103,0,28.0,68
2024-04-15,SKU0032,100,0,28.0,68
2024-04-22,SKU0032,89,38,28.0,68
2024-04-29,SKU0032,68,0,28.0,68
2024-05-06,SKU0032,173,105,28.0,68
2024-05-13,SKU0032,156,56,28.0,68
2024-05-20,SKU0032,155,0,28.0,68
2024-05-27,SKU0032,135,38,28.0,68
2024-06-03,SKU0032,126,43,28.0,68
2024-06-10,SKU0032,120,0,28.0,68
2024-06-17,SKU0032,96,0,28.0,68
2024-06-24,SKU0032,86,0,28.0,68
2024-07-01,SKU0032,161,18,28.0,68
2024-07-08,SKU0032,155,0,28.0,68
2024-07-15,SKU0032,147,112,28.0,68
2024-07-22,SKU0032,140,0,28.0,68
2024-07-29,SKU0032,121,0,28.0,68
2024-08-05,SKU0032,108,52,28.0,68
2024-08-12,SKU0032,103,0,28.0,68
2024-08-19,SKU0032,103,0,28.0,68
2024-08-26,SKU0032,84,0,28.0,68
2024-09-02,SKU0032,82,0,28.0,68
2024-09-09,SKU0032,70,0,28.0,68
2024-09-16,SKU0032,49,0,28.0,68
2024-09-23,SKU0032,30,0,28.0,68
2024-09-30,SKU0032,207,0,28.0,68
2024-10-07,SKU0032,203,0,28.0,68
2024-10-14,SKU0032,180,0,28.0,68
2024-10-21,SKU0032,160,0,28.0,68
2024-10-28,SKU0032,155,106,28.0,68
2024-11-04,SKU0032,149,0,28.0,68
2024-11-11,SKU0032,148,0,28.0,68
2024-11-18,SKU0032,140,0,28.0,68
2024-11-25,SKU0032,132,0,28.0,68
2024-12-02,SKU0032,124,0,28.0,68
2024-12-09,SKU0032,113,0,28.0,68
2024-12-16,SKU0032,105,0,28.0,68
2024-12-23,SKU0032,92,46,28.0,68
2024-12-30,SKU0032,90,0,28.0,68
2025-01-06,SKU0032,83,0,28.0,68
2025-01-13,SKU0032,62,0,28.0,68
2025-01-20,SKU0032,247,0,28.0,68
2025-01-27,SKU0032,232,0,28.0,68
2025-02-03,SKU0032,211,15,28.0,68
2025-02-10,SKU0032,207,0,28.0,68
2025-02-17,SKU0032,191,0,28.0,68
2025-02-24,SKU0032,186,21,28.0,68
2025-03-03,SKU0032,181,0,28.0,68
2025-03-10,SKU0032,164,0,28.0,68
2025-03-17,SKU0032,163,0,28.0,68
2025-03-24,SKU0032,150,90,28.0,68
2025-03-31,SKU0032,134,0,28.0,68
2025-04-07,SKU0032,120,0,28.0,68
2025-04-14,SKU0032,114,0,28.0,68
2025-04-21,SKU0032,109,0,28.0,68
2025-04-28,SKU0032,86,0,28.0,68
2025-05-05,SKU0032,70,58,28.0,68
2025-05-12,SKU0032,153,0,28.0,68
2025-05-19,SKU0032,151,57,28.0,68
2025-05-26,SKU0032,143,0,28.0,68
2025-06-02,SKU0032,125,0,28.0,68
2025-06-09,SKU0032,101,54,28.0,68
2025-06-16,SKU0032,86,14,28.0,68
2025-06-23,SKU0032,210,0,28.0,68
2025-06-30,SKU0032,200,0,28.0,68
2025-07-07,SKU0032,194,0,28.0,68
2025-07-14,SKU0032,188,51,28.0,68
2025-07-21,SKU0032,173,91,28.0,68
2025-07-28,SKU0032,158,73,28.0,68
2025-08-04,SKU0032,147,0,28.0,68
2025-08-11,SKU0032,139,0,28.0,68
2025-08-18,SKU0032,121,0,28.0,68
2025-08-25,SKU0032,109,85,28.0,68
2025-09-01,SKU0032,96,0,28.0,68
2025-09-08,SKU0032,85,0,28.0,68
2025-09-15,SKU0032,79,0,28.0,68
2025-09-22,SKU0032,78,23,28.0,68
2025-09-29,SKU0032,72,0,28.0,68
2024-01-01,SKU0033,172,32,27.0,30
2024-01-08,SKU0033,156,0,27.0,30
2024-01-15,SKU0033,149,0,27.0,30
2024-01-22,SKU0033,137,41,27.0,30
2024-01-29,SKU0033,117,57,27.0,30
2024-02-05,SKU0033,100,0,27.0,30
2024-02-12,SKU0033,79,0,27.0,30
2024-02-19,SKU0033,77,0,27.0,30
2024-02-26,SKU0033,68,0,27.0,30
2024-03-04,SKU0033,48,0,27.0,30
2024-03-11,SKU0033,181,101,27.0,30
2024-03-18,SKU0033,160,18,27.0,30
2024-03-25,SKU0033,153,8,27.0,30
2024-04-01,SKU0033,129,0,27.0,30
2024-04-08,SKU0033,111,0,27.0,30
2024-04-15,SKU0033,93,0,27.0,30
2024-04-22,SKU0033,84,0,27.0,30
2024-04-29,SKU0033,65,0,27.0,30
2024-05-06,SKU0033,61,86,27.0,30
2024-05-13,SKU0033,48,0,27.0,30
2024-05-20,SKU0033,45,0,27.0,30
2024-05-27,SKU0033,40,0,27.0,30
2024-06-03,SKU0033,20,17,27.0,30
2024-06-10,SKU0033,177,0,27.0,30
2024-06-17,SKU0033,177,0,27.0,30
2024-06-24,SKU0033,162,0,27.0,30
2024-07-01,SKU0033,144,0,27.0,30
2024-07-08,SKU0033,135,0,27.0,30
2024-07-15,SKU0033,122,0,27.0,30
2024-07-22,SKU0033,111,0,27.0,30
2024-07-29,SKU0033,95,54,27.0,30
2024-08-05,SKU0033,82,0,27.0,30
2024-08-12,SKU0033,64,0,27.0,30
2024-08-19,SKU0033,49,0,27.0,30
2024-08-26,SKU0033,48,0,27.0,30
2024-09-02,SKU0033,139,0,27.0,30
2024-09-09,SKU0033,134,0,27.0,30
2024-09-16,SKU0033,125,0,27.0,30
2024-09-23,SKU0033,122,0,27.0,30
2024-09-30,SKU0033,109,0,27.0,30
2024-10-07,SKU0033,87,0,27.0,30
2024-10-14,SKU0033,65,0,27.0,30
2024-10-21,SKU0033,53,22,27.0,30
2024-10-28,SKU0033,47,0,27.0,30
2024-11-04,SKU0033,40,0,27.0,30
2024-11-11,SKU0033,30,0,27.0,30
2024-11-18,SKU0033,206,0,27.0,30
2024-11-25,SKU0033,190,0,27.0,30
2024-12-02,SKU0033,182,0,27.0,30
2024-12-09,SKU0033,165,0,27.0,30
2024-12-16,SKU0033,143,0,27.0,30
2024-12-23,SKU0033,136,0,27.0,30
2024-12-30,SKU0033,122,0,27.0,30
2025-01-06,SKU0033,111,40,27.0,30
2025-01-13,SKU0033,104,0,27.0,30
2025-01-20,SKU0033,94,0,27.0,30
2025-01-27,SKU0033,89,0,27.0,30
2025-02-03,SKU0033,87,8,27.0,30
2025-02-10,SKU0033,67,0,27.0,30
2025-02-17,SKU0033,51,46,27.0,30
2025-02-24,SKU0033,27,0,27.0,30
2025-03-03,SKU0033,194,0,27.0,30
2025-03-10,SKU0033,187,0,27.0,30
2025-03-17,SKU0033,167,63,27.0,30
2025-03-24,SKU0033,162,0,27.0,30
2025-03-31,SKU0033,141,0,27.0,30
2025-04-07,SKU0033,128,0,27.0,30
2025-04-14,SKU0033,117,0,27.0,30
2025-04-21,SKU0033,98,0,27.0,30
2025-04-28,SKU0033,88,0,27.0,30
2025-05-05,SKU0033,67,0,27.0,30
2025-05-12,SKU0033,53,0,27.0,30
2025-05-19,SKU0033,30,51,27.0,30
2025-05-26,SKU0033,16,0,27.0,30
2025-06-02,SKU0033,9,0,27.0,30
2025-06-09,SKU0033,162,0,27.0,30
2025-06-16,SKU0033,154,78,27.0,30
2025-06-23,SKU0033,138,0,27.0,30
2025-06-30,SKU0033,119,0,27.0,30
2025-07-07,SKU0033,104,0,27.0,30
2025-07-14,SKU0033,86,0,27.0,30
2025-07-21,SKU0033,79,0,27.0,30
2025-07-28,SKU0033,69,0,27.0,30
2025-08-04,SKU0033,47,36,27.0,30
2025-08-11,SKU0033,25,0,27.0,30
2025-08-18,SKU0033,113,69,27.0,30
2025-08-25,SKU0033,99,0,27.0,30
2025-09-01,SKU0033,89,0,27.0,30
2025-09-08,SKU0033,81,0,27.0,30
2025-09-15,SKU0033,77,0,27.0,30
2025-09-22,SKU0033,59,0,27.0,30
2025-09-29,SKU0033,52,0,27.0,30
2024-01-01,SKU0034,149,0,31.0,35
2024-01-08,SKU0034,147,0,31.0,35
2024-01-15,SKU0034,125,64,31.0,35
2024-01-22,SKU0034,105,0,31.0,35
2024-01-29,SKU0034,91,5,31.0,35
2024-02-05,SKU0034,70,82,31.0,35
2024-02-12,SKU0034,50,0,31.0,35
2024-02-19,SKU0034,39,0,31.0,35
2024-02-26,SKU0034,33,0,31.0,35
2024-03-04,SKU0034,30,0,31.0,35
2024-03-11,SKU0034,20,0,31.0,35
2024-03-18,SKU0034,175,0,31.0,35
2024-03-25,SKU0034,170,108,31.0,35
2024-04-01,SKU0034,156,0,31.0,35
2024-04-08,SKU0034,144,0,31.0,35
2024-04-15,SKU0034,130,0,31.0,35
2024-04-22,SKU0034,127,80,31.0,35
2024-04-29,SKU0034,110,0,31.0,35
2024-05-06,SKU0034,88,0,31.0,35
2024-05-13,SKU0034,74,0,31.0,35
2024-05-20,SKU0034,65,48,31.0,35
2024-05-27,SKU0034,50,0,31.0,35
2024-06-03,SKU0034,41,49,31.0,35
2024-06-10,SKU0034,18,0,31.0,35
2024-06-17,SKU0034,85,0,31.0,35
2024-06-24,SKU0034,77,0,31.0,35
2024-07-01,SKU0034,64,0,31.0,35
2024-07-08,SKU0034,42,29,31.0,35
2024-07-15,SKU0034,150,0,31.0,35
2024-07-22,SKU0034,134,0,31.0,35
2024-07-29,SKU0034,122,54,31.0,35
2024-08-05,SKU0034,111,0,31.0,35
2024-08-12,SKU0034,96,0,31.0,35
2024-08-19,SKU0034,83,53,31.0,35
2024-08-26,SKU0034,64,0,31.0,35
2024-09-02,SKU0034,53,0,31.0,35
2024-09-09,SKU0034,37,0,31.0,35
2024-09-16,SKU0034,202,0,31.0,35
2024-09-23,SKU0034,186,0,31.0,35
2024-09-30,SKU0034,168,0,31.0,35
2024-10-07,SKU0034,147,0,31.0,35
2024-10-14,SKU0034,131,0,31.0,35
2024-10-21,SKU0034,109,0,31.0,35
2024-10-28,SKU0034,88,0,31.0,35
2024-11-04,SKU0034,64,0,31.0,35
2024-11-11,SKU0034,42,0,31.0,35
2024-11-18,SKU0034,40,0,31.0,35
2024-11-25,SKU0034,34,0,31.0,35
2024-12-02,SKU0034,10,0,31.0,35
2024-12-09,SKU0034,0,68,31.0,35
2024-12-16,SKU0034,0,78,31.0,35
2024-12-23,SKU0034,65,0,31.0,35
2024-12-30,SKU0034,59,111,31.0,35
2025-01-06,SKU0034,45,68,31.0,35
2025-01-13,SKU0034,35,0,31.0,35
2025-01-20,SKU0034,220,0,31.0,35
2025-01-27,SKU0034,208,46,31.0,35
2025-02-03,SKU0034,186,0,31.0,35
2025-02-10,SKU0034,181,3,31.0,35
2025-02-17,SKU0034,180,81,31.0,35
2025-02-24,SKU0034,168,0,31.0,35
2025-03-03,SKU0034,157,0,31.0,35
2025-03-10,SKU0034,147,50,31.0,35
2025-03-17,SKU0034,139,0,31.0,35
2025-03-24,SKU0034,129,80,31.0,35
2025-03-31,SKU0034,123,0,31.0,35
2025-04-07,SKU0034,104,0,31.0,35
2025-04-14,SKU0034,91,79,31.0,35
2025-04-21,SKU0034,86,0,31.0,35
2025-04-28,SKU0034,85,0,31.0,35
2025-05-05,SKU0034,62,98,31.0,35
2025-05-12,SKU0034,60,0,31.0,35
2025-05-19,SKU0034,55,20,31.0,35
2025-05-26,SKU0034,52,0,31.0,35
2025-06-02,SKU0034,37,105,31.0,35
2025-06-09,SKU0034,180,0,31.0,35
2025-06-16,SKU0034,174,0,31.0,35
2025-06-23,SKU0034,172,0,31.0,35
2025-06-30,SKU0034,164,0,31.0,35
2025-07-07,SKU0034,153,102,31.0,35
2025-07-14,SKU0034,130,0,31.0,35
2025-07-21,SKU0034,120,0,31.0,35
2025-07-28,SKU0034,105,32,31.0,35
2025-08-04,SKU0034,105,0,31.0,35
2025-08-11,SKU0034,83,0,31.0,35
2025-08-18,SKU0034,79,0,31.0,35
2025-08-25,SKU0034,58,36,31.0,35
2025-09-01,SKU0034,43,43,31.0,35
2025-09-08,SKU0034,35,0,31.0,35
2025-09-15,SKU0034,35,0,31.0,35
2025-09-22,SKU0034,124,97,31.0,35
2025-09-29,SKU0034,112,0,31.0,35
2024-01-01,SKU0035,149,73,17.0,37
2024-01-08,SKU0035,136,40,17.0,37
2024-01-15,SKU0035,128,0,17.0,37
2024-01-22,SKU0035,126,25,17.0,37
2024-01-29,SKU0035,118,0,17.0,37
2024-02-05,SKU0035,102,110,17.0,37
2024-02-12,SKU0035,84,14,17.0,37
2024-02-19,SKU0035,76,0,17.0,37
2024-02-26,SKU0035,56,0,17.0,37
2024-03-04,SKU0035,51,0,17.0,37
2024-03-11,SKU0035,42,73,17.0,37
2024-03-18,SKU0035,37,0,17.0,37
2024-03-25,SKU0035,126,0,17.0,37
2024-04-01,SKU0035,121,0,17.0,37
2024-04-08,SKU0035,104,0,17.0,37
2024-04-15,SKU0035,101,0,17.0,37
2024-04-22,SKU0035,80,0,17.0,37
2024-04-29,SKU0035,74,0,17.0,37
2024-05-06,SKU0035,65,0,17.0,37
2024-05-13,SKU0035,52,0,17.0,37
2024-05-20,SKU0035,46,0,17.0,37
2024-05-27,SKU0035,22,41,17.0,37
2024-06-03,SKU0035,84,0,17.0,37
2024-06-10,SKU0035,70,0,17.0,37
2024-06-17,SKU0035,62,0,17.0,37
2024-06-24,SKU0035,53,0,17.0,37
2024-07-01,SKU0035,43,107,17.0,37
2024-07-08,SKU0035,31,0,17.0,37
2024-07-15,SKU0035,143,0,17.0,37
2024-07-22,SKU0035,137,0,17.0,37
2024-07-29,SKU0035,126,0,17.0,37
2024-08-05,SKU0035,113,0,17.0,37
2024-08-12,SKU0035,95,17,17.0,37
2024-08-19,SKU0035,93,0,17.0,37
2024-08-26,SKU0035,93,0,17.0,37
2024-09-02,SKU0035,71,0,17.0,37
2024-09-09,SKU0035,59,0,17.0,37
2024-09-16,SKU0035,41,108,17.0,37
2024-09-23,SKU0035,196,0,17.0,37
2024-09-30,SKU0035,194,0,17.0,37
2024-10-07,SKU0035,189,110,17.0,37
2024-10-14,SKU0035,182,103,17.0,37
2024-10-21,SKU0035,159,84,17.0,37
2024-10-28,SKU0035,149,0,17.0,37
2024-11-04,SKU0035,125,0,17.0,37
2024-11-11,SKU0035,103,54,17.0,37
2024-11-18,SKU0035,96,0,17.0,37
2024-11-25,SKU0035,79,0,17.0,37
2024-12-02,SKU0035,71,0,17.0,37
2024-12-09,SKU0035,62,0,17.0,37
2024-12-16,SKU0035,38,114,17.0,37
2024-12-23,SKU0035,36,0,17.0,37
2024-12-30,SKU0035,14,0,17.0,37
2025-01-06,SKU0035,0,0,17.0,37
2025-01-13,SKU0035,0,85,17.0,37
2025-01-20,SKU0035,112,0,17.0,37
2025-01-27,SKU0035,105,0,17.0,37
2025-02-03,SKU0035,90,18,17.0,37
2025-02-10,SKU0035,84,0,17.0,37
2025-02-17,SKU0035,74,0,17.0,37
2025-02-24,SKU0035,60,0,17.0,37
2025-03-03,SKU0035,37,99,17.0,37
2025-03-10,SKU0035,204,0,17.0,37
2025-03-17,SKU0035,184,0,17.0,37
2025-03-24,SKU0035,177,0,17.0,37
2025-03-31,SKU0035,154,0,17.0,37
2025-04-07,SKU0035,138,0,17.0,37
2025-04-14,SKU0035,121,0,17.0,37
2025-04-21,SKU0035,99,0,17.0,37
2025-04-28,SKU0035,99,0,17.0,37
2025-05-05,SKU0035,84,0,17.0,37
2025-05-12,SKU0035,61,0,17.0,37
2025-05-19,SKU0035,51,0,17.0,37
2025-05-26,SKU0035,38,111,17.0,37
2025-06-02,SKU0035,160,0,17.0,37
2025-06-09,SKU0035,153,0,17.0,37
2025-06-16,SKU0035,143,109,17.0,37
2025-06-23,SKU0035,123,0,17.0,37
2025-06-30,SKU0035,109,0,17.0,37
2025-07-07,SKU0035,106,0,17.0,37
2025-07-14,SKU0035,92,3,17.0,37
2025-07-21,SKU0035,85,0,17.0,37
2025-07-28,SKU0035,69,88,17.0,37
2025-08-04,SKU0035,57,100,17.0,37
2025-08-11,SKU0035,40,0,17.0,37
2025-08-18,SKU0035,77,114,17.0,37
2025-08-25,SKU0035,65,0,17.0,37
2025-09-01,SKU0035,65,0,17.0,37
2025-09-08,SKU0035,64,67,17.0,37
2025-09-15,SKU0035,42,0,17.0,37
2025-09-22,SKU0035,28,0,17.0,37
2025-09-29,SKU0035,4,12,17.0,37
2024-01-01,SKU0036,169,0,36.0,24
2024-01-08,SKU0036,149,0,36.0,24
2024-01-15,SKU0036,148,0,36.0,24
2024-01-22,SKU0036,147,48,36.0,24
2024-01-29,SKU0036,147,0,36.0,24
2024-02-05,SKU0036,132,119,36.0,24
2024-02-12,SKU0036,128,0,36.0,24
2024-02-19,SKU0036,108,0,36.0,24
2024-02-26,SKU0036,99,0,36.0,24
2024-03-04,SKU0036,93,61,36.0,24
2024-03-11,SKU0036,91,0,36.0,24
2024-03-18,SKU0036,90,0,36.0,24
2024-03-25,SKU0036,85,40,36.0,24
2024-04-01,SKU0036,74,0,36.0,24
2024-04-08,SKU0036,56,0,36.0,24
2024-04-15,SKU0036,42,0,36.0,24
2024-04-22,SKU0036,32,0,36.0,24
2024-04-29,SKU0036,123,51,36.0,24
2024-05-06,SKU0036,111,0,36.0,24
2024-05-13,SKU0036,88,0,36.0,24
2024-05-20,SKU0036,64,0,36.0,24
2024-05-27,SKU0036,62,109,36.0,24
2024-06-03,SKU0036,47,0,36.0,24
2024-06-10,SKU0036,40,41,36.0,24
2024-06-17,SKU0036,31,0,36.0,24
2024-06-24,SKU0036,17,0,36.0,24
2024-07-01,SKU0036,4,87,36.0,24
2024-07-08,SKU0036,87,0,36.0,24
2024-07-15,SKU0036,67,0,36.0,24
2024-07-22,SKU0036,43,22,36.0,24
2024-07-29,SKU0036,39,0,36.0,24
2024-08-05,SKU0036,25,0,36.0,24
2024-08-12,SKU0036,116,0,36.0,24
2024-08-19,SKU0036,95,41,36.0,24
2024-08-26,SKU0036,71,0,36.0,24
2024-09-02,SKU0036,48,0,36.0,24
2024-09-09,SKU0036,30,0,36.0,24
2024-09-16,SKU0036,16,0,36.0,24
2024-09-23,SKU0036,2,0,36.0,24
2024-09-30,SKU0036,181,48,36.0,24
2024-10-07,SKU0036,163,0,36.0,24
2024-10-14,SKU0036,155,28,36.0,24
2024-10-21,SKU0036,144,0,36.0,24
2024-10-28,SKU0036,124,0,36.0,24
2024-11-04,SKU0036,104,0,36.0,24
2024-11-11,SKU0036,90,0,36.0,24
2024-11-18,SKU0036,84,0,36.0,24
2024-11-25,SKU0036,79,0,36.0,24
2024-12-02,SKU0036,74,74,36.0,24
2024-12-09,SKU0036,62,50,36.0,24
2024-12-16,SKU0036,59,0,36.0,24
2024-12-23,SKU0036,52,12,36.0,24
2024-12-30,SKU0036,28,0,36.0,24
2025-01-06,SKU0036,171,72,36.0,24
2025-01-13,SKU0036,169,58,36.0,24
2025-01-20,SKU0036,162,0,36.0,24
2025-01-27,SKU0036,161,0,36.0,24
2025-02-03,SKU0036,152,0,36.0,24
2025-02-10,SKU0036,136,0,36.0,24
2025-02-17,SKU0036,130,0,36.0,24
2025-02-24,SKU0036,106,0,36.0,24
2025-03-03,SKU0036,98,0,36.0,24
2025-03-10,SKU0036,90,87,36.0,24
2025-03-17,SKU0036,89,0,36.0,24
2025-03-24,SKU0036,70,0,36.0,24
2025-03-31,SKU0036,62,0,36.0,24
2025-04-07,SKU0036,54,0,36.0,24
2025-04-14,SKU0036,34,21,36.0,24
2025-04-21,SKU0036,10,0,36.0,24
2025-04-28,SKU0036,176,0,36.0,24
2025-05-05,SKU0036,164,0,36.0,24
2025-05-12,SKU0036,163,0,36.0,24
2025-05-19,SKU0036,142,0,36.0,24
2025-05-26,SKU0036,141,3,36.0,24
2025-06-02,SKU0036,134,0,36.0,24
2025-06-09,SKU0036,127,0,36.0,24
2025-06-16,SKU0036,107,0,36.0,24
2025-06-23,SKU0036,86,101,36.0,24
2025-06-30,SKU0036,68,74,36.0,24
2025-07-07,SKU0036,61,0,36.0,24
2025-07-14,SKU0036,53,21,36.0,24
2025-07-21,SKU0036,52,0,36.0,24
2025-07-28,SKU0036,49,5,36.0,24
2025-08-04,SKU0036,25,0,36.0,24
2025-08-11,SKU0036,25,0,36.0,24
2025-08-18,SKU0036,21,0,36.0,24
2025-08-25,SKU0036,2,0,36.0,24
2025-09-01,SKU0036,0,33,36.0,24
2025-09-08,SKU0036,156,0,36.0,24
2025-09-15,SKU0036,148,59,36.0,24
2025-09-22,SKU0036,134,0,36.0,24
2025-09-29,SKU0036,134,0,36.0,24
2024-01-01,SKU0037,250,110,13.0,71
2024-01-08,SKU0037,239,0,13.0,71
2024-01-15,SKU0037,218,0,13.0,71
2024-01-22,SKU0037,211,21,13.0,71
2024-01-29,SKU0037,190,0,13.0,71
2024-02-05,SKU0037,186,0,13.0,71
2024-02-12,SKU0037,170,77,13.0,71
2024-02-19,SKU0037,159,0,13.0,71
2024-02-26,SKU0037,156,0,13.0,71
2024-03-04,SKU0037,139,0,13.0,71
2024-03-11,SKU0037,128,0,13.0,71
2024-03-18,SKU0037,119,0,13.0,71
2024-03-25,SKU0037,97,0,13.0,71
2024-04-01,SKU0037,80,0,13.0,71
2024-04-08,SKU0037,69,71,13.0,71
2024-04-15,SKU0037,45,0,13.0,71
2024-04-22,SKU0037,36,0,13.0,71
2024-04-29,SKU0037,110,76,13.0,71
2024-05-06,SKU0037,87,0,13.0,71
2024-05-13,SKU0037,76,77,13.0,71
2024-05-20,SKU0037,180,8,13.0,71
2024-05-27,SKU0037,163,0,13.0,71
2024-06-03,SKU0037,160,0,13.0,71
2024-06-10,SKU0037,152,88,13.0,71
2024-06-17,SKU0037,136,0,13.0,71
2024-06-24,SKU0037,123,0,13.0,71
2024-07-01,SKU0037,110,64,13.0,71
2024-07-08,SKU0037,88,0,13.0,71
2024-07-15,SKU0037,69,0,13.0,71
2024-07-22,SKU0037,158,0,13.0,71
2024-07-29,SKU0037,138,0,13.0,71
2024-08-05,SKU0037,114,0,13.0,71
2024-08-12,SKU0037,98,0,13.0,71
2024-08-19,SKU0037,89,0,13.0,71
2024-08-26,SKU0037,74,0,13.0,71
2024-09-02,SKU0037,68,0,13.0,71
2024-09-09,SKU0037,173,0,13.0,71
2024-09-16,SKU0037,152,0,13.0,71
2024-09-23,SKU0037,132,0,13.0,71
2024-09-30,SKU0037,124,77,13.0,71
2024-10-07,SKU0037,113,0,13.0,71
2024-10-14,SKU0037,103,0,13.0,71
2024-10-21,SKU0037,81,0,13.0,71
2024-10-28,SKU0037,59,0,13.0,71
2024-11-04,SKU0037,55,0,13.0,71
2024-11-11,SKU0037,248,80,13.0,71
2024-11-18,SKU0037,228,0,13.0,71
2024-11-25,SKU0037,207,0,13.0,71
2024-12-02,SKU0037,197,0,13.0,71
2024-12-09,SKU0037,174,0,13.0,71
2024-12-16,SKU0037,155,0,13.0,71
2024-12-23,SKU0037,154,0,13.0,71
2024-12-30,SKU0037,142,0,13.0,71
2025-01-06,SKU0037,123,20,13.0,71
2025-01-13,SKU0037,106,0,13.0,71
2025-01-20,SKU0037,88,0,13.0,71
2025-01-27,SKU0037,245,0,13.0,71
2025-02-03,SKU0037,224,38,13.0,71
2025-02-10,SKU0037,221,0,13.0,71
2025-02-17,SKU0037,211,0,13.0,71
2025-02-24,SKU0037,193,0,13.0,71
2025-03-03,SKU0037,176,105,13.0,71
2025-03-10,SKU0037,153,0,13.0,71
2025-03-17,SKU0037,150,73,13.0,71
2025-03-24,SKU0037,129,47,13.0,71
2025-03-31,SKU0037,112,0,13.0,71
2025-04-07,SKU0037,105,105,13.0,71
2025-04-14,SKU0037,86,0,13.0,71
2025-04-21,SKU0037,72,0,13.0,71
2025-04-28,SKU0037,200,96,13.0,71
2025-05-05,SKU0037,187,0,13.0,71
2025-05-12,SKU0037,179,17,13.0,71
2025-05-19,SKU0037,171,0,13.0,71
2025-05-26,SKU0037,168,0,13.0,71
2025-06-02,SKU0037,145,91,13.0,71
2025-06-09,SKU0037,122,0,13.0,71
2025-06-16,SKU0037,104,6,13.0,71
2025-06-23,SKU0037,85,106,13.0,71
2025-06-30,SKU0037,76,0,13.0,71
2025-07-07,SKU0037,59,0,13.0,71
2025-07-14,SKU0037,210,51,13.0,71
2025-07-21,SKU0037,206,0,13.0,71
2025-07-28,SKU0037,186,29,13.0,71
2025-08-04,SKU0037,179,0,13.0,71
2025-08-11,SKU0037,166,0,13.0,71
2025-08-18,SKU0037,156,8,13.0,71
2025-08-25,SKU0037,133,0,13.0,71
2025-09-01,SKU0037,123,0,13.0,71
2025-09-08,SKU0037,106,0,13.0,71
2025-09-15,SKU0037,103,0,13.0,71
2025-09-22,SKU0037,85,0,13.0,71
2025-09-29,SKU0037,176,0,13.0,71
2024-08-26,SKU0038,83,68,22.0,28
2024-09-02,SKU0038,63,0,22.0,28
2024-09-09,SKU0038,48,0,22.0,28
2024-09-16,SKU0038,45,0,22.0,28
2024-09-23,SKU0038,23,0,22.0,28
2024-09-30,SKU0038,21,56,22.0,28
2024-10-07,SKU0038,198,0,22.0,28
2024-10-14,SKU0038,193,0,22.0,28
2024-10-21,SKU0038,191,0,22.0,28
2024-10-28,SKU0038,178,0,22.0,28
2024-11-04,SKU0038,177,107,22.0,28
2024-11-11,SKU0038,153,0,22.0,28
2024-11-18,SKU0038,151,81,22.0,28
2024-11-25,SKU0038,141,0,22.0,28
2024-12-02,SKU0038,140,0,22.0,28
2024-12-09,SKU0038,132,0,22.0,28
2024-12-16,SKU0038,112,0,22.0,28
2024-12-23,SKU0038,97,0,22.0,28
2024-12-30,SKU0038,83,0,22.0,28
2025-01-06,SKU0038,67,0,22.0,28
2025-01-13,SKU0038,50,0,22.0,28
2025-01-20,SKU0038,39,0,22.0,28
2025-01-27,SKU0038,15,98,22.0,28
2025-02-03,SKU0038,133,0,22.0,28
2025-02-10,SKU0038,113,0,22.0,28
2025-02-17,SKU0038,111,0,22.0,28
2025-02-24,SKU0038,104,0,22.0,28
2025-03-03,SKU0038,100,0,22.0,28
2025-03-10,SKU0038,98,0,22.0,28
2025-03-17,SKU0038,86,0,22.0,28
2025-03-24,SKU0038,85,0,22.0,28
2025-03-31,SKU0038,75,0,22.0,28
2025-04-07,SKU0038,55,15,22.0,28
2025-04-14,SKU0038,45,0,22.0,28
2025-04-21,SKU0038,23,0,22.0,28
2025-04-28,SKU0038,123,45,22.0,28
2025-05-05,SKU0038,103,0,22.0,28
2025-05-12,SKU0038,103,0,22.0,28
2025-05-19,SKU0038,92,0,22.0,28
2025-05-26,SKU0038,70,96,22.0,28
2025-06-02,SKU0038,53,47,22.0,28
2025-06-09,SKU0038,51,0,22.0,28
2025-06-16,SKU0038,43,0,22.0,28
2025-06-23,SKU0038,218,0,22.0,28
2025-06-30,SKU0038,212,0,22.0,28
2025-07-07,SKU0038,201,0,22.0,28
2025-07-14,SKU0038,182,11,22.0,28
2025-07-21,SKU0038,178,0,22.0,28
2025-07-28,SKU0038,177,0,22.0,28
2025-08-04,SKU0038,171,0,22.0,28
2025-08-11,SKU0038,148,0,22.0,28
2025-08-18,SKU0038,134,4,22.0,28
2025-08-25,SKU0038,131,0,22.0,28
2025-09-01,SKU0038,109,0,22.0,28
2025-09-08,SKU0038,92,81,22.0,28
2025-09-15,SKU0038,85,63,22.0,28
2025-09-22,SKU0038,84,0,22.0,28
2025-09-29,SKU0038,62,22,22.0,28
2024-01-01,SKU0039,156,0,10.0,71
2024-01-08,SKU0039,141,0,10.0,71
2024-01-15,SKU0039,128,66,10.0,71
2024-01-22,SKU0039,110,0,10.0,71
2024-01-29,SKU0039,95,0,10.0,71
2024-02-05,SKU0039,87,0,10.0,71
2024-02-12,SKU0039,87,21,10.0,71
2024-02-19,SKU0039,198,0,10.0,71
2024-02-26,SKU0039,188,0,10.0,71
2024-03-04,SKU0039,177,0,10.0,71
2024-03-11,SKU0039,164,0,10.0,71
2024-03-18,SKU0039,149,0,10.0,71
2024-03-25,SKU0039,149,108,10.0,71
2024-04-01,SKU0039,132,71,10.0,71
2024-04-08,SKU0039,112,101,10.0,71
2024-04-15,SKU0039,94,95,10.0,71
2024-04-22,SKU0039,79,0,10.0,71
2024-04-29,SKU0039,72,0,10.0,71
2024-05-06,SKU0039,215,0,10.0,71
2024-05-13,SKU0039,199,0,10.0,71
2024-05-20,SKU0039,190,109,10.0,71
2024-05-27,SKU0039,178,92,10.0,71
2024-06-03,SKU0039,171,0,10.0,71
2024-06-10,SKU0039,157,114,10.0,71
2024-06-17,SKU0039,153,0,10.0,71
2024-06-24,SKU0039,152,0,10.0,71
2024-07-01,SKU0039,133,0,10.0,71
2024-07-08,SKU0039,132,40,10.0,71
2024-07-15,SKU0039,115,0,10.0,71
2024-07-22,SKU0039,104,0,10.0,71
2024-07-29,SKU0039,91,63,10.0,71
2024-08-05,SKU0039,75,0,10.0,71
2024-08-12,SKU0039,179,13,10.0,71
2024-08-19,SKU0039,176,0,10.0,71
2024-08-26,SKU0039,162,0,10.0,71
2024-09-02,SKU0039,161,0,10.0,71
2024-09-09,SKU0039,139,0,10.0,71
2024-09-16,SKU0039,121,45,10.0,71
2024-09-23,SKU0039,102,0,10.0,71
2024-09-30,SKU0039,102,66,10.0,71
2024-10-07,SKU0039,88,0,10.0,71
2024-10-14,SKU0039,183,0,10.0,71
2024-10-21,SKU0039,168,0,10.0,71
2024-10-28,SKU0039,167,112,10.0,71
2024-11-04,SKU0039,157,86,10.0,71
2024-11-11,SKU0039,138,0,10.0,71
2024-11-18,SKU0039,123,0,10.0,71
2024-11-25,SKU0039,117,0,10.0,71
2024-12-02,SKU0039,93,0,10.0,71
2024-12-09,SKU0039,85,0,10.0,71
2024-12-16,SKU0039,73,84,10.0,71
2024-12-23,SKU0039,181,0,10.0,71
2024-12-30,SKU0039,164,0,10.0,71
2025-01-06,SKU0039,143,75,10.0,71
2025-01-13,SKU0039,139,0,10.0,71
2025-01-20,SKU0039,129,0,10.0,71
2025-01-27,SKU0039,122,78,10.0,71
2025-02-03,SKU0039,109,0,10.0,71
2025-02-10,SKU0039,93,0,10.0,71
2025-02-17,SKU0039,71,0,10.0,71
2025-02-24,SKU0039,50,0,10.0,71
2025-03-03,SKU0039,49,0,10.0,71
2025-03-10,SKU0039,29,86,10.0,71
2025-03-17,SKU0039,22,0,10.0,71
2025-03-24,SKU0039,103,0,10.0,71
2025-03-31,SKU0039,86,0,10.0,71
2025-04-07,SKU0039,68,109,10.0,71
2025-04-14,SKU0039,248,67,10.0,71
2025-04-21,SKU0039,236,0,10.0,71
2025-04-28,SKU0039,228,48,10.0,71
2025-05-05,SKU0039,209,0,10.0,71
2025-05-12,SKU0039,197,0,10.0,71
2025-05-19,SKU0039,175,88,10.0,71
2025-05-26,SKU0039,165,53,10.0,71
2025-06-02,SKU0039,146,0,10.0,71
2025-06-09,SKU0039,143,19,10.0,71
2025-06-16,SKU0039,120,0,10.0,71
2025-06-23,SKU0039,104,0,10.0,71
2025-06-30,SKU0039,93,115,10.0,71
2025-07-07,SKU0039,69,0,10.0,71
2025-07-14,SKU0039,63,0,10.0,71
2025-07-21,SKU0039,124,96,10.0,71
2025-07-28,SKU0039,119,0,10.0,71
2025-08-04,SKU0039,108,0,10.0,71
2025-08-11,SKU0039,95,0,10.0,71
2025-08-18,SKU0039,87,0,10.0,71
2025-08-25,SKU0039,184,0,10.0,71
2025-09-01,SKU0039,167,0,10.0,71
2025-09-08,SKU0039,143,0,10.0,71
2025-09-15,SKU0039,141,78,10.0,71
2025-09-22,SKU0039,122,0,10.0,71
2025-09-29,SKU0039,108,0,10.0,71
2024-01-01,SKU0040,204,24,26.0,66
2024-01-08,SKU0040,197,0,26.0,66
2024-01-15,SKU0040,182,36,26.0,66
2024-01-22,SKU0040,171,0,26.0,66
2024-01-29,SKU0040,164,0,26.0,66
2024-02-05,SKU0040,146,0,26.0,66
2024-02-12,SKU0040,122,0,26.0,66
2024-02-19,SKU0040,120,32,26.0,66
2024-02-26,SKU0040,106,0,26.0,66
2024-03-04,SKU0040,83,0,26.0,66
2024-03-11,SKU0040,158,0,26.0,66
2024-03-18,SKU0040,137,111,26.0,66
2024-03-25,SKU0040,127,0,26.0,66
2024-04-01,SKU0040,125,0,26.0,66
2024-04-08,SKU0040,106,0,26.0,66
2024-04-15,SKU0040,85,94,26.0,66
2024-04-22,SKU0040,63,0,26.0,66
2024-04-29,SKU0040,50,39,26.0,66
2024-05-06,SKU0040,242,0,26.0,66
2024-05-13,SKU0040,219,101,26.0,66
2024-05-20,SKU0040,201,0,26.0,66
2024-05-27,SKU0040,197,85,26.0,66
2024-06-03,SKU0040,173,118,26.0,66
2024-06-10,SKU0040,161,0,26.0,66
2024-06-17,SKU0040,150,0,26.0,66
2024-06-24,SKU0040,128,0,26.0,66
2024-07-01,SKU0040,117,0,26.0,66
2024-07-08,SKU0040,115,0,26.0,66
2024-07-15,SKU0040,98,0,26.0,66
2024-07-22,SKU0040,94,0,26.0,66
2024-07-29,SKU0040,94,0,26.0,66
2024-08-05,SKU0040,80,0,26.0,66
2024-08-12,SKU0040,63,0,26.0,66
2024-08-19,SKU0040,59,0,26.0,66
2024-08-26,SKU0040,37,0,26.0,66
2024-09-02,SKU0040,15,51,26.0,66
2024-09-09,SKU0040,0,0,26.0,66
2024-09-16,SKU0040,0,0,26.0,66
2024-09-23,SKU0040,0,106,26.0,66
2024-09-30,SKU0040,0,0,26.0,66
2024-10-07,SKU0040,0,0,26.0,66
2024-10-14,SKU0040,133,8,26.0,66
2024-10-21,SKU0040,132,0,26.0,66
2024-10-28,SKU0040,126,26,26.0,66
2024-11-04,SKU0040,123,99,26.0,66
2024-11-11,SKU0040,116,0,26.0,66
2024-11-18,SKU0040,116,94,26.0,66
2024-11-25,SKU0040,97,0,26.0,66
2024-12-02,SKU0040,81,59,26.0,66
2024-12-09,SKU0040,71,0,26.0,66
2024-12-16,SKU0040,172,0,26.0,66
2024-12-23,SKU0040,155,0,26.0,66
2024-12-30,SKU0040,140,0,26.0,66
2025-01-06,SKU0040,125,0,26.0,66
2025-01-13,SKU0040,110,82,26.0,66
2025-01-20,SKU0040,88,0,26.0,66
2025-01-27,SKU0040,81,0,26.0,66
2025-02-03,SKU0040,71,0,26.0,66
2025-02-10,SKU0040,57,0,26.0,66
2025-02-17,SKU0040,44,0,26.0,66
2025-02-24,SKU0040,35,0,26.0,66
2025-03-03,SKU0040,128,0,26.0,66
2025-03-10,SKU0040,121,0,26.0,66
2025-03-17,SKU0040,118,0,26.0,66
2025-03-24,SKU0040,118,0,26.0,66
2025-03-31,SKU0040,101,0,26.0,66
2025-04-07,SKU0040,95,0,26.0,66
2025-04-14,SKU0040,87,0,26.0,66
2025-04-21,SKU0040,81,0,26.0,66
2025-04-28,SKU0040,67,21,26.0,66
2025-05-05,SKU0040,67,0,26.0,66
2025-05-12,SKU0040,56,0,26.0,66
2025-05-19,SKU0040,177,0,26.0,66
2025-05-26,SKU0040,166,41,26.0,66
2025-06-02,SKU0040,161,0,26.0,66
2025-06-09,SKU0040,158,0,26.0,66
2025-06-16,SKU0040,135,0,26.0,66
2025-06-23,SKU0040,130,0,26.0,66
2025-06-30,SKU0040,125,45,26.0,66
2025-07-07,SKU0040,109,0,26.0,66
2025-07-14,SKU0040,95,12,26.0,66
2025-07-21,SKU0040,74,110,26.0,66
2025-07-28,SKU0040,64,0,26.0,66
2025-08-04,SKU0040,187,0,26.0,66
2025-08-11,SKU0040,187,0,26.0,66
2025-08-18,SKU0040,187,56,26.0,66
2025-08-25,SKU0040,180,0,26.0,66
2025-09-01,SKU0040,157,0,26.0,66
2025-09-08,SKU0040,134,87,26.0,66
2025-09-15,SKU0040,112,57,26.0,66
2025-09-22,SKU0040,108,0,26.0,66
2025-09-29,SKU0040,91,110,26.0,66
2024-01-01,SKU0041,54,0,12.0,30
2024-01-08,SKU0041,38,0,12.0,30
2024-01-15,SKU0041,35,85,12.0,30
2024-01-22,SKU0041,141,0,12.0,30
2024-01-29,SKU0041,131,9,12.0,30
2024-02-05,SKU0041,127,0,12.0,30
2024-02-12,SKU0041,110,0,12.0,30
2024-02-19,SKU0041,102,0,12.0,30
2024-02-26,SKU0041,84,0,12.0,30
2024-03-04,SKU0041,60,0,12.0,30
2024-03-11,SKU0041,38,0,12.0,30
2024-03-18,SKU0041,36,0,12.0,30
2024-03-25,SKU0041,19,0,12.0,30
2024-04-01,SKU0041,194,0,12.0,30
2024-04-08,SKU0041,177,0,12.0,30
2024-04-15,SKU0041,160,0,12.0,30
2024-04-22,SKU0041,149,82,12.0,30
2024-04-29,SKU0041,134,0,12.0,30
2024-05-06,SKU0041,124,56,12.0,30
2024-05-13,SKU0041,118,0,12.0,30
2024-05-20,SKU0041,95,0,12.0,30
2024-05-27,SKU0041,77,85,12.0,30
2024-06-03,SKU0041,65,79,12.0,30
2024-06-10,SKU0041,62,0,12.0,30
2024-06-17,SKU0041,59,94,12.0,30
2024-06-24,SKU0041,45,0,12.0,30
2024-07-01,SKU0041,42,0,12.0,30
2024-07-08,SKU0041,207,0,12.0,30
2024-07-15,SKU0041,197,56,12.0,30
2024-07-22,SKU0041,189,1,12.0,30
2024-07-29,SKU0041,186,0,12.0,30
2024-08-05,SKU0041,186,0,12.0,30
2024-08-12,SKU0041,175,0,12.0,30
2024-08-19,SKU0041,152,0,12.0,30
2024-08-26,SKU0041,141,0,12.0,30
2024-09-02,SKU0041,139,0,12.0,30
2024-09-09,SKU0041,139,0,12.0,30
2024-09-16,SKU0041,135,0,12.0,30
2024-09-23,SKU0041,133,0,12.0,30
2024-09-30,SKU0041,122,92,12.0,30
2024-10-07,SKU0041,106,0,12.0,30
2024-10-14,SKU0041,98,4,12.0,30
2024-10-21,SKU0041,85,0,12.0,30
2024-10-28,SKU0041,77,0,12.0,30
2024-11-04,SKU0041,57,0,12.0,30
2024-11-11,SKU0041,51,24,12.0,30
2024-11-18,SKU0041,33,0,12.0,30
2024-11-25,SKU0041,172,0,12.0,30
2024-12-02,SKU0041,170,0,12.0,30
2024-12-09,SKU0041,157,0,12.0,30
2024-12-16,SKU0041,149,0,12.0,30
2024-12-23,SKU0041,144,36,12.0,30
2024-12-30,SKU0041,130,0,12.0,30
2025-01-06,SKU0041,118,94,12.0,30
2025-01-13,SKU0041,104,0,12.0,30
2025-01-20,SKU0041,101,0,12.0,30
2025-01-27,SKU0041,82,93,12.0,30
2025-02-03,SKU0041,82,98,12.0,30
2025-02-10,SKU0041,69,0,12.0,30
2025-02-17,SKU0041,62,0,12.0,30
2025-02-24,SKU0041,42,0,12.0,30
2025-03-03,SKU0041,36,0,12.0,30
2025-03-10,SKU0041,26,0,12.0,30
2025-03-17,SKU0041,4,0,12.0,30
2025-03-24,SKU0041,2,20,12.0,30
2025-03-31,SKU0041,0,0,12.0,30
2025-04-07,SKU0041,0,0,12.0,30
2025-04-14,SKU0041,112,95,12.0,30
2025-04-21,SKU0041,108,0,12.0,30
2025-04-28,SKU0041,89,0,12.0,30
2025-05-05,SKU0041,87,0,12.0,30
2025-05-12,SKU0041,65,0,12.0,30
2025-05-19,SKU0041,47,0,12.0,30
2025-05-26,SKU0041,42,0,12.0,30
2025-06-02,SKU0041,174,0,12.0,30
2025-06-09,SKU0041,170,0,12.0,30
2025-06-16,SKU0041,162,0,12.0,30
2025-06-23,SKU0041,158,0,12.0,30
2025-06-30,SKU0041,145,50,12.0,30
2025-07-07,SKU0041,138,0,12.0,30
2025-07-14,SKU0041,127,0,12.0,30
2025-07-21,SKU0041,123,0,12.0,30
2025-07-28,SKU0041,123,0,12.0,30
2025-08-04,SKU0041,106,116,12.0,30
2025-08-11,SKU0041,96,10,12.0,30
2025-08-18,SKU0041,78,81,12.0,30
2025-08-25,SKU0041,65,0,12.0,30
2025-09-01,SKU0041,61,32,12.0,30
2025-09-08,SKU0041,39,0,12.0,30
2025-09-15,SKU0041,27,0,12.0,30
2025-09-22,SKU0041,27,0,12.0,30
2025-09-29,SKU0041,19,84,12.0,30
2024-01-01,SKU0042,295,0,16.0,36
2024-01-08,SKU0042,277,0,16.0,36
2024-01-15,SKU0042,263,0,16.0,36
2024-01-22,SKU0042,250,0,16.0,36
2024-01-29,SKU0042,226,0,16.0,36
2024-02-05,SKU0042,220,52,16.0,36
2024-02-12,SKU0042,204,0,16.0,36
2024-02-19,SKU0042,185,0,16.0,36
2024-02-26,SKU0042,179,0,16.0,36
2024-03-04,SKU0042,160,0,16.0,36
2024-03-11,SKU0042,151,0,16.0,36
2024-03-18,SKU0042,147,0,16.0,36
2024-03-25,SKU0042,125,0,16.0,36
2024-04-01,SKU0042,113,40,16.0,36
2024-04-08,SKU0042,98,0,16.0,36
2024-04-15,SKU0042,84,0,16.0,36
2024-04-22,SKU0042,60,75,16.0,36
2024-04-29,SKU0042,36,62,16.0,36
2024-05-06,SKU0042,91,13,16.0,36
2024-05-13,SKU0042,84,0,16.0,36
2024-05-20,SKU0042,80,106,16.0,36
2024-05-27,SKU0042,63,0,16.0,36
2024-06-03,SKU0042,45,27,16.0,36
2024-06-10,SKU0042,44,54,16.0,36
2024-06-17,SKU0042,23,0,16.0,36
2024-06-24,SKU0042,15,0,16.0,36
2024-07-01,SKU0042,185,0,16.0,36
2024-07-08,SKU0042,174,0,16.0,36
2024-07-15,SKU0042,171,0,16.0,36
2024-07-22,SKU0042,149,0,16.0,36
2024-07-29,SKU0042,145,0,16.0,36
2024-08-05,SKU0042,141,0,16.0,36
2024-08-12,SKU0042,122,65,16.0,36
2024-08-19,SKU0042,101,92,16.0,36
2024-08-26,SKU0042,94,0,16.0,36
2024-09-02,SKU0042,77,108,16.0,36
2024-09-09,SKU0042,73,0,16.0,36
2024-09-16,SKU0042,50,0,16.0,36
2024-09-23,SKU0042,46,0,16.0,36
2024-09-30,SKU0042,40,0,16.0,36
2024-10-07,SKU0042,38,0,16.0,36
2024-10-14,SKU0042,191,21,16.0,36
2024-10-21,SKU0042,186,0,16.0,36
2024-10-28,SKU0042,178,0,16.0,36
2024-11-04,SKU0042,171,69,16.0,36
2024-11-11,SKU0042,152,71,16.0,36
2024-11-18,SKU0042,142,0,16.0,36
2024-11-25,SKU0042,131,0,16.0,36
2024-12-02,SKU0042,131,0,16.0,36
2024-12-09,SKU0042,109,0,16.0,36
2024-12-16,SKU0042,88,20,16.0,36
2024-12-23,SKU0042,88,0,16.0,36
2024-12-30,SKU0042,78,0,16.0,36
2025-01-06,SKU0042,57,0,16.0,36
2025-01-13,SKU0042,56,0,16.0,36
2025-01-20,SKU0042,52,0,16.0,36
2025-01-27,SKU0042,42,0,16.0,36
2025-02-03,SKU0042,21,0,16.0,36
2025-02-10,SKU0042,9,0,16.0,36
2025-02-17,SKU0042,0,80,16.0,36
2025-02-24,SKU0042,62,0,16.0,36
2025-03-03,SKU0042,48,0,16.0,36
2025-03-10,SKU0042,96,0,16.0,36
2025-03-17,SKU0042,90,52,16.0,36
2025-03-24,SKU0042,80,0,16.0,36
2025-03-31,SKU0042,61,0,16.0,36
2025-04-07,SKU0042,41,30,16.0,36
2025-04-14,SKU0042,133,96,16.0,36
2025-04-21,SKU0042,127,0,16.0,36
2025-04-28,SKU0042,120,0,16.0,36
2025-05-05,SKU0042,99,0,16.0,36
2025-05-12,SKU0042,75,0,16.0,36
2025-05-19,SKU0042,53,0,16.0,36
2025-05-26,SKU0042,53,95,16.0,36
2025-06-02,SKU0042,36,51,16.0,36
2025-06-09,SKU0042,117,0,16.0,36
2025-06-16,SKU0042,116,94,16.0,36
2025-06-23,SKU0042,94,0,16.0,36
2025-06-30,SKU0042,80,0,16.0,36
2025-07-07,SKU0042,68,0,16.0,36
2025-07-14,SKU0042,66,96,16.0,36
2025-07-21,SKU0042,42,38,16.0,36
2025-07-28,SKU0042,37,51,16.0,36
2025-08-04,SKU0042,37,0,16.0,36
2025-08-11,SKU0042,103,108,16.0,36
2025-08-18,SKU0042,89,0,16.0,36
2025-08-25,SKU0042,65,0,16.0,36
2025-09-01,SKU0042,63,10,16.0,36
2025-09-08,SKU0042,56,16,16.0,36
2025-09-15,SKU0042,43,0,16.0,36
2025-09-22,SKU0042,166,0,16.0,36
2025-09-29,SKU0042,161,0,16.0,36
2024-01-01,SKU0043,199,0,23.0,66
2024-01-08,SKU0043,191,0,23.0,66
2024-01-15,SKU0043,190,0,23.0,66
2024-01-22,SKU0043,174,0,23.0,66
2024-01-29,SKU0043,160,0,23.0,66
2024-02-05,SKU0043,139,0,23.0,66
2024-02-12,SKU0043,125,94,23.0,66
2024-02-19,SKU0043,108,92,23.0,66
2024-02-26,SKU0043,94,0,23.0,66
2024-03-04,SKU0043,78,0,23.0,66
2024-03-11,SKU0043,175,0,23.0,66
2024-03-18,SKU0043,172,0,23.0,66
2024-03-25,SKU0043,156,0,23.0,66
2024-04-01,SKU0043,139,0,23.0,66
2024-04-08,SKU0043,119,76,23.0,66
2024-04-15,SKU0043,102,0,23.0,66
2024-04-22,SKU0043,81,0,23.0,66
2024-04-29,SKU0043,180,0,23.0,66
2024-05-06,SKU0043,163,84,23.0,66
2024-05-13,SKU0043,146,0,23.0,66
2024-05-20,SKU0043,141,0,23.0,66
2024-05-27,SKU0043,128,0,23.0,66
2024-06-03,SKU0043,122,0,23.0,66
2024-06-10,SKU0043,107,0,23.0,66
2024-06-17,SKU0043,96,0,23.0,66
2024-06-24,SKU0043,87,0,23.0,66
2024-07-01,SKU0043,83,0,23.0,66
2024-07-08,SKU0043,187,0,23.0,66
2024-07-15,SKU0043,179,0,23.0,66
2024-07-22,SKU0043,168,0,23.0,66
2024-07-29,SKU0043,151,71,23.0,66
2024-08-05,SKU0043,133,17,23.0,66
2024-08-12,SKU0043,128,0,23.0,66
2024-08-19,SKU0043,107,82,23.0,66
2024-08-26,SKU0043,95,0,23.0,66
2024-09-02,SKU0043,93,0,23.0,66
2024-09-09,SKU0043,82,0,23.0,66
2024-09-16,SKU0043,81,0,23.0,66
2024-09-23,SKU0043,162,0,23.0,66
2024-09-30,SKU0043,148,54,23.0,66
2024-10-07,SKU0043,131,0,23.0,66
2024-10-14,SKU0043,122,93,23.0,66
2024-10-21,SKU0043,114,45,23.0,66
2024-10-28,SKU0043,103,0,23.0,66
2024-11-04,SKU0043,98,0,23.0,66
2024-11-11,SKU0043,76,0,23.0,66
2024-11-18,SKU0043,67,88,23.0,66
2024-11-25,SKU0043,135,0,23.0,66
2024-12-02,SKU0043,123,0,23.0,66
2024-12-09,SKU0043,113,0,23.0,66
2024-12-16,SKU0043,99,0,23.0,66
2024-12-23,SKU0043,75,0,23.0,66
2024-12-30,SKU0043,170,0,23.0,66
2025-01-06,SKU0043,153,0,23.0,66
2025-01-13,SKU0043,129,0,23.0,66
2025-01-20,SKU0043,108,110,23.0,66
2025-01-27,SKU0043,96,0,23.0,66
2025-02-03,SKU0043,82,0,23.0,66
2025-02-10,SKU0043,67,0,23.0,66
2025-02-17,SKU0043,186,82,23.0,66
2025-02-24,SKU0043,170,47,23.0,66
2025-03-03,SKU0043,165,0,23.0,66
2025-03-10,SKU0043,144,0,23.0,66
2025-03-17,SKU0043,143,0,23.0,66
2025-03-24,SKU0043,128,0,23.0,66
2025-03-31,SKU0043,113,119,23.0,66
2025-04-07,SKU0043,94,42,23.0,66
2025-04-14,SKU0043,74,48,23.0,66
2025-04-21,SKU0043,66,119,23.0,66
2025-04-28,SKU0043,56,0,23.0,66
2025-05-05,SKU0043,38,0,23.0,66
2025-05-12,SKU0043,148,0,23.0,66
2025-05-19,SKU0043,141,0,23.0,66
2025-05-26,SKU0043,133,37,23.0,66
2025-06-02,SKU0043,120,0,23.0,66
2025-06-09,SKU0043,98,63,23.0,66
2025-06-16,SKU0043,75,116,23.0,66
2025-06-23,SKU0043,224,0,23.0,66
2025-06-30,SKU0043,210,0,23.0,66
2025-07-07,SKU0043,196,0,23.0,66
2025-07-14,SKU0043,177,0,23.0,66
2025-07-21,SKU0043,163,0,23.0,66
2025-07-28,SKU0043,156,0,23.0,66
2025-08-04,SKU0043,156,0,23.0,66
2025-08-11,SKU0043,152,105,23.0,66
2025-08-18,SKU0043,129,0,23.0,66
2025-08-25,SKU0043,127,119,23.0,66
2025-09-01,SKU0043,117,0,23.0,66
2025-09-08,SKU0043,113,0,23.0,66
2025-09-15,SKU0043,103,37,23.0,66
2025-09-22,SKU0043,89,78,23.0,66
2025-09-29,SKU0043,79,0,23.0,66
2024-01-01,SKU0044,45,0,31.0,23
2024-01-08,SKU0044,44,74,31.0,23
2024-01-15,SKU0044,29,18,31.0,23
2024-01-22,SKU0044,18,0,31.0,23
2024-01-29,SKU0044,103,0,31.0,23
2024-02-05,SKU0044,103,0,31.0,23
2024-02-12,SKU0044,93,113,31.0,23
2024-02-19,SKU0044,77,10,31.0,23
2024-02-26,SKU0044,62,75,31.0,23
2024-03-04,SKU0044,46,0,31.0,23
2024-03-11,SKU0044,32,0,31.0,23
2024-03-18,SKU0044,16,0,31.0,23
2024-03-25,SKU0044,159,63,31.0,23
2024-04-01,SKU0044,154,14,31.0,23
2024-04-08,SKU0044,132,0,31.0,23
2024-04-15,SKU0044,130,0,31.0,23
2024-04-22,SKU0044,126,81,31.0,23
2024-04-29,SKU0044,123,0,31.0,23
2024-05-06,SKU0044,119,0,31.0,23
2024-05-13,SKU0044,100,57,31.0,23
2024-05-20,SKU0044,82,114,31.0,23
2024-05-27,SKU0044,73,0,31.0,23
2024-06-03,SKU0044,66,0,31.0,23
2024-06-10,SKU0044,56,86,31.0,23
2024-06-17,SKU0044,48,0,31.0,23
2024-06-24,SKU0044,26,0,31.0,23
2024-07-01,SKU0044,17,0,31.0,23
2024-07-08,SKU0044,182,69,31.0,23
2024-07-15,SKU0044,158,0,31.0,23
2024-07-22,SKU0044,158,0,31.0,23
2024-07-29,SKU0044,157,0,31.0,23
2024-08-05,SKU0044,143,0,31.0,23
2024-08-12,SKU0044,129,102,31.0,23
2024-08-19,SKU0044,109,0,31.0,23
2024-08-26,SKU0044,101,0,31.0,23
2024-09-02,SKU0044,84,18,31.0,23
2024-09-09,SKU0044,60,0,31.0,23
2024-09-16,SKU0044,50,87,31.0,23
2024-09-23,SKU0044,27,0,31.0,23
2024-09-30,SKU0044,18,0,31.0,23
2024-10-07,SKU0044,14,0,31.0,23
2024-10-14,SKU0044,0,106,31.0,23
2024-10-21,SKU0044,79,67,31.0,23
2024-10-28,SKU0044,61,0,31.0,23
2024-11-04,SKU0044,41,0,31.0,23
2024-11-11,SKU0044,25,0,31.0,23
2024-11-18,SKU0044,177,13,31.0,23
2024-11-25,SKU0044,153,0,31.0,23
2024-12-02,SKU0044,143,90,31.0,23
2024-12-09,SKU0044,120,0,31.0,23
2024-12-16,SKU0044,113,0,31.0,23
2024-12-23,SKU0044,108,0,31.0,23
2024-12-30,SKU0044,105,115,31.0,23
2025-01-06,SKU0044,95,0,31.0,23
2025-01-13,SKU0044,91,0,31.0,23
2025-01-20,SKU0044,84,0,31.0,23
2025-01-27,SKU0044,78,0,31.0,23
2025-02-03,SKU0044,76,0,31.0,23
2025-02-10,SKU0044,64,40,31.0,23
2025-02-17,SKU0044,40,0,31.0,23
2025-02-24,SKU0044,86,0,31.0,23
2025-03-03,SKU0044,77,0,31.0,23
2025-03-10,SKU0044,62,97,31.0,23
2025-03-17,SKU0044,55,0,31.0,23
2025-03-24,SKU0044,36,0,31.0,23
2025-03-31,SKU0044,136,0,31.0,23
2025-04-07,SKU0044,119,0,31.0,23
2025-04-14,SKU0044,103,0,31.0,23
2025-04-21,SKU0044,100,0,31.0,23
2025-04-28,SKU0044,77,0,31.0,23
2025-05-05,SKU0044,54,0,31.0,23
2025-05-12,SKU0044,45,45,31.0,23
2025-05-19,SKU0044,34,0,31.0,23
2025-05-26,SKU0044,13,0,31.0,23
2025-06-02,SKU0044,12,0,31.0,23
2025-06-09,SKU0044,6,0,31.0,23
2025-06-16,SKU0044,0,17,31.0,23
2025-06-23,SKU0044,169,19,31.0,23
2025-06-30,SKU0044,154,0,31.0,23
2025-07-07,SKU0044,131,69,31.0,23
2025-07-14,SKU0044,124,0,31.0,23
2025-07-21,SKU0044,104,0,31.0,23
2025-07-28,SKU0044,96,0,31.0,23
2025-08-04,SKU0044,92,0,31.0,23
2025-08-11,SKU0044,77,0,31.0,23
2025-08-18,SKU0044,75,112,31.0,23
2025-08-25,SKU0044,67,112,31.0,23
2025-09-01,SKU0044,48,0,31.0,23
2025-09-08,SKU0044,36,0,31.0,23
2025-09-15,SKU0044,17,0,31.0,23
2025-09-22,SKU0044,5,93,31.0,23
2025-09-29,SKU0044,0,0,31.0,23
2024-01-01,SKU0045,256,0,32.0,72
2024-01-08,SKU0045,240,0,32.0,72
2024-01-15,SKU0045,224,66,32.0,72
2024-01-22,SKU0045,208,103,32.0,72
2024-01-29,SKU0045,189,0,32.0,72
2024-02-05,SKU0045,186,0,32.0,72
2024-02-12,SKU0045,176,0,32.0,72
2024-02-19,SKU0045,157,38,32.0,72
2024-02-26,SKU0045,142,0,32.0,72
2024-03-04,SKU0045,123,0,32.0,72
2024-03-11,SKU0045,99,0,32.0,72
2024-03-18,SKU0045,79,0,32.0,72
2024-03-25,SKU0045,61,0,32.0,72
2024-04-01,SKU0045,189,0,32.0,72
2024-04-08,SKU0045,166,0,32.0,72
2024-04-15,SKU0045,159,27,32.0,72
2024-04-22,SKU0045,139,0,32.0,72
2024-04-29,SKU0045,122,0,32.0,72
2024-05-06,SKU0045,121,0,32.0,72
2024-05-13,SKU0045,106,0,32.0,72
2024-05-20,SKU0045,95,0,32.0,72
2024-05-27,SKU0045,75,57,32.0,72
2024-06-03,SKU0045,151,0,32.0,72
2024-06-10,SKU0045,143,0,32.0,72
2024-06-17,SKU0045,132,0,32.0,72
2024-06-24,SKU0045,121,0,32.0,72
2024-07-01,SKU0045,102,0,32.0,72
2024-07-08,SKU0045,87,0,32.0,72
2024-07-15,SKU0045,68,0,32.0,72
2024-07-22,SKU0045,45,0,32.0,72
2024-07-29,SKU0045,194,7,32.0,72
2024-08-05,SKU0045,193,0,32.0,72
2024-08-12,SKU0045,184,0,32.0,72
2024-08-19,SKU0045,162,0,32.0,72
2024-08-26,SKU0045,157,0,32.0,72
2024-09-02,SKU0045,149,0,32.0,72
2024-09-09,SKU0045,126,0,32.0,72
2024-09-16,SKU0045,121,10,32.0,72
2024-09-23,SKU0045,104,22,32.0,72
2024-09-30,SKU0045,81,45,32.0,72
2024-10-07,SKU0045,67,0,32.0,72
2024-10-14,SKU0045,136,0,32.0,72
2024-10-21,SKU0045,121,0,32.0,72
2024-10-28,SKU0045,97,0,32.0,72
2024-11-04,SKU0045,88,0,32.0,72
2024-11-11,SKU0045,68,0,32.0,72
2024-11-18,SKU0045,52,0,32.0,72
2024-11-25,SKU0045,176,69,32.0,72
2024-12-02,SKU0045,170,0,32.0,72
2024-12-09,SKU0045,169,0,32.0,72
2024-12-16,SKU0045,167,0,32.0,72
2024-12-23,SKU0045,164,0,32.0,72
2024-12-30,SKU0045,148,72,32.0,72
2025-01-06,SKU0045,134,0,32.0,72
2025-01-13,SKU0045,127,0,32.0,72
2025-01-20,SKU0045,114,64,32.0,72
2025-01-27,SKU0045,114,0,32.0,72
2025-02-03,SKU0045,98,0,32.0,72
2025-02-10,SKU0045,90,0,32.0,72
2025-02-17,SKU0045,77,0,32.0,72
2025-02-24,SKU0045,130,0,32.0,72
2025-03-03,SKU0045,110,0,32.0,72
2025-03-10,SKU0045,106,0,32.0,72
2025-03-17,SKU0045,93,0,32.0,72
2025-03-24,SKU0045,74,0,32.0,72
2025-03-31,SKU0045,250,0,32.0,72
2025-04-07,SKU0045,226,13,32.0,72
2025-04-14,SKU0045,221,48,32.0,72
2025-04-21,SKU0045,219,16,32.0,72
2025-04-28,SKU0045,205,39,32.0,72
2025-05-05,SKU0045,182,0,32.0,72
2025-05-12,SKU0045,170,0,32.0,72
2025-05-19,SKU0045,163,0,32.0,72
2025-05-26,SKU0045,139,0,32.0,72
2025-06-02,SKU0045,138,0,32.0,72
2025-06-09,SKU0045,115,0,32.0,72
2025-06-16,SKU0045,91,0,32.0,72
2025-06-23,SKU0045,69,0,32.0,72
2025-06-30,SKU0045,204,0,32.0,72
2025-07-07,SKU0045,181,0,32.0,72
2025-07-14,SKU0045,174,0,32.0,72
2025-07-21,SKU0045,170,51,32.0,72
2025-07-28,SKU0045,170,0,32.0,72
2025-08-04,SKU0045,150,0,32.0,72
2025-08-11,SKU0045,145,0,32.0,72
2025-08-18,SKU0045,143,35,32.0,72
2025-08-25,SKU0045,130,0,32.0,72
2025-09-01,SKU0045,118,0,32.0,72
2025-09-08,SKU0045,117,0,32.0,72
2025-09-15,SKU0045,94,0,32.0,72
2025-09-22,SKU0045,74,79,32.0,72
2025-09-29,SKU0045,250,0,32.0,72
2024-01-01,SKU0046,204,0,34.0,51
2024-01-08,SKU0046,180,3,34.0,51
2024-01-15,SKU0046,166,16,34.0,51
2024-01-22,SKU0046,161,0,34.0,51
2024-01-29,SKU0046,158,18,34.0,51
2024-02-05,SKU0046,149,0,34.0,51
2024-02-12,SKU0046,125,0,34.0,51
2024-02-19,SKU0046,121,97,34.0,51
2024-02-26,SKU0046,110,40,34.0,51
2024-03-04,SKU0046,96,0,34.0,51
2024-03-11,SKU0046,92,0,34.0,51
2024-03-18,SKU0046,69,0,34.0,51
2024-03-25,SKU0046,58,50,34.0,51
2024-04-01,SKU0046,53,0,34.0,51
2024-04-08,SKU0046,31,80,34.0,51
2024-04-15,SKU0046,29,0,34.0,51
2024-04-22,SKU0046,98,0,34.0,51
2024-04-29,SKU0046,83,0,34.0,51
2024-05-06,SKU0046,82,0,34.0,51
2024-05-13,SKU0046,68,0,34.0,51
2024-05-20,SKU0046,52,0,34.0,51
2024-05-27,SKU0046,170,0,34.0,51
2024-06-03,SKU0046,146,0,34.0,51
2024-06-10,SKU0046,134,37,34.0,51
2024-06-17,SKU0046,130,0,34.0,51
2024-06-24,SKU0046,108,97,34.0,51
2024-07-01,SKU0046,92,0,34.0,51
2024-07-08,SKU0046,80,0,34.0,51
2024-07-15,SKU0046,57,47,34.0,51
2024-07-22,SKU0046,203,0,34.0,51
2024-07-29,SKU0046,185,0,34.0,51
2024-08-05,SKU0046,167,0,34.0,51
2024-08-12,SKU0046,167,28,34.0,51
2024-08-19,SKU0046,159,0,34.0,51
2024-08-26,SKU0046,150,30,34.0,51
2024-09-02,SKU0046,142,0,34.0,51
2024-09-09,SKU0046,129,0,34.0,51
2024-09-16,SKU0046,118,0,34.0,51
2024-09-23,SKU0046,107,87,34.0,51
2024-09-30,SKU0046,93,59,34.0,51
2024-10-07,SKU0046,86,19,34.0,51
2024-10-14,SKU0046,67,19,34.0,51
2024-10-21,SKU0046,61,64,34.0,51
2024-10-28,SKU0046,38,0,34.0,51
2024-11-04,SKU0046,118,0,34.0,51
2024-11-11,SKU0046,110,0,34.0,51
2024-11-18,SKU0046,89,0,34.0,51
2024-11-25,SKU0046,75,0,34.0,51
2024-12-02,SKU0046,64,0,34.0,51
2024-12-09,SKU0046,54,53,34.0,51
2024-12-16,SKU0046,34,0,34.0,51
2024-12-23,SKU0046,26,0,34.0,51
2024-12-30,SKU0046,3,0,34.0,51
2025-01-06,SKU0046,0,78,34.0,51
2025-01-13,SKU0046,199,0,34.0,51
2025-01-20,SKU0046,199,0,34.0,51
2025-01-27,SKU0046,192,0,34.0,51
2025-02-03,SKU0046,190,0,34.0,51
2025-02-10,SKU0046,166,0,34.0,51
2025-02-17,SKU0046,144,0,34.0,51
2025-02-24,SKU0046,140,101,34.0,51
2025-03-03,SKU0046,118,0,34.0,51
2025-03-10,SKU0046,111,0,34.0,51
2025-03-17,SKU0046,102,0,34.0,51
2025-03-24,SKU0046,82,0,34.0,51
2025-03-31,SKU0046,71,0,34.0,51
2025-04-07,SKU0046,166,41,34.0,51
2025-04-14,SKU0046,160,0,34.0,51
2025-04-21,SKU0046,150,0,34.0,51
2025-04-28,SKU0046,143,96,34.0,51
2025-05-05,SKU0046,139,8,34.0,51
2025-05-12,SKU0046,124,0,34.0,51
2025-05-19,SKU0046,108,0,34.0,51
2025-05-26,SKU0046,90,112,34.0,51
2025-06-02,SKU0046,80,0,34.0,51
2025-06-09,SKU0046,59,0,34.0,51
2025-06-16,SKU0046,209,0,34.0,51
2025-06-23,SKU0046,201,105,34.0,51
2025-06-30,SKU0046,191,115,34.0,51
2025-07-07,SKU0046,173,103,34.0,51
2025-07-14,SKU0046,159,0,34.0,51
2025-07-21,SKU0046,152,0,34.0,51
2025-07-28,SKU0046,147,0,34.0,51
2025-08-04,SKU0046,142,0,34.0,51
2025-08-11,SKU0046,134,0,34.0,51
2025-08-18,SKU0046,115,0,34.0,51
2025-08-25,SKU0046,94,0,34.0,51
2025-09-01,SKU0046,84,0,34.0,51
2025-09-08,SKU0046,78,0,34.0,51
2025-09-15,SKU0046,60,20,34.0,51
2025-09-22,SKU0046,210,97,34.0,51
2025-09-29,SKU0046,208,0,34.0,51
2024-01-01,SKU0047,165,77,33.0,40
2024-01-08,SKU0047,146,0,33.0,40
2024-01-15,SKU0047,122,57,33.0,40
2024-01-22,SKU0047,112,0,33.0,40
2024-01-29,SKU0047,99,0,33.0,40
2024-02-05,SKU0047,78,14,33.0,40
2024-02-12,SKU0047,76,118,33.0,40
2024-02-19,SKU0047,66,0,33.0,40
2024-02-26,SKU0047,52,23,33.0,40
2024-03-04,SKU0047,51,0,33.0,40
2024-03-11,SKU0047,48,23,33.0,40
2024-03-18,SKU0047,130,0,33.0,40
2024-03-25,SKU0047,114,0,33.0,40
2024-04-01,SKU0047,102,0,33.0,40
2024-04-08,SKU0047,91,0,33.0,40
2024-04-15,SKU0047,75,0,33.0,40
2024-04-22,SKU0047,58,101,33.0,40
2024-04-29,SKU0047,219,0,33.0,40
2024-05-06,SKU0047,212,55,33.0,40
2024-05-13,SKU0047,204,43,33.0,40
2024-05-20,SKU0047,183,69,33.0,40
2024-05-27,SKU0047,173,63,33.0,40
2024-06-03,SKU0047,154,0,33.0,40
2024-06-10,SKU0047,141,115,33.0,40
2024-06-17,SKU0047,122,0,33.0,40
2024-06-24,SKU0047,120,35,33.0,40
2024-07-01,SKU0047,110,0,33.0,40
2024-07-08,SKU0047,109,0,33.0,40
2024-07-15,SKU0047,88,0,33.0,40
2024-07-22,SKU0047,77,85,33.0,40
2024-07-29,SKU0047,69,46,33.0,40
2024-08-05,SKU0047,63,0,33.0,40
2024-08-12,SKU0047,48,14,33.0,40
2024-08-19,SKU0047,132,12,33.0,40
2024-08-26,SKU0047,125,0,33.0,40
2024-09-02,SKU0047,107,0,33.0,40
2024-09-09,SKU0047,99,24,33.0,40
2024-09-16,SKU0047,86,0,33.0,40
2024-09-23,SKU0047,78,3,33.0,40
2024-09-30,SKU0047,67,0,33.0,40
2024-10-07,SKU0047,44,0,33.0,40
2024-10-14,SKU0047,41,0,33.0,40
2024-10-21,SKU0047,17,0,33.0,40
2024-10-28,SKU0047,114,0,33.0,40
2024-11-04,SKU0047,92,97,33.0,40
2024-11-11,SKU0047,78,0,33.0,40
2024-11-18,SKU0047,76,0,33.0,40
2024-11-25,SKU0047,57,0,33.0,40
2024-12-02,SKU0047,45,0,33.0,40
2024-12-09,SKU0047,197,0,33.0,40
2024-12-16,SKU0047,185,0,33.0,40
2024-12-23,SKU0047,175,78,33.0,40
2024-12-30,SKU0047,173,0,33.0,40
2025-01-06,SKU0047,159,0,33.0,40
2025-01-13,SKU0047,140,0,33.0,40
2025-01-20,SKU0047,128,0,33.0,40
2025-01-27,SKU0047,109,0,33.0,40
2025-02-03,SKU0047,99,49,33.0,40
2025-02-10,SKU0047,83,105,33.0,40
2025-02-17,SKU0047,63,0,33.0,40
2025-02-24,SKU0047,40,0,33.0,40
2025-03-03,SKU0047,146,0,33.0,40
2025-03-10,SKU0047,139,0,33.0,40
2025-03-17,SKU0047,131,0,33.0,40
2025-03-24,SKU0047,121,0,33.0,40
2025-03-31,SKU0047,97,0,33.0,40
2025-04-07,SKU0047,82,0,33.0,40
2025-04-14,SKU0047,64,0,33.0,40
2025-04-21,SKU0047,58,0,33.0,40
2025-04-28,SKU0047,53,56,33.0,40
2025-05-05,SKU0047,44,71,33.0,40
2025-05-12,SKU0047,164,11,33.0,40
2025-05-19,SKU0047,140,89,33.0,40
2025-05-26,SKU0047,122,0,33.0,40
2025-06-02,SKU0047,117,0,33.0,40
2025-06-09,SKU0047,106,114,33.0,40
2025-06-16,SKU0047,94,0,33.0,40
2025-06-23,SKU0047,78,0,33.0,40
2025-06-30,SKU0047,66,55,33.0,40
2025-07-07,SKU0047,46,12,33.0,40
2025-07-14,SKU0047,168,96,33.0,40
2025-07-21,SKU0047,157,0,33.0,40
2025-07-28,SKU0047,156,0,33.0,40
2025-08-04,SKU0047,136,80,33.0,40
2025-08-11,SKU0047,124,70,33.0,40
2025-08-18,SKU0047,113,0,33.0,40
2025-08-25,SKU0047,110,93,33.0,40
2025-09-01,SKU0047,101,39,33.0,40
2025-09-08,SKU0047,90,21,33.0,40
2025-09-15,SKU0047,82,0,33.0,40
2025-09-22,SKU0047,74,0,33.0,40
2025-09-29,SKU0047,66,0,33.0,40
2024-01-01,SKU0048,184,0,19.0,65
2024-01-08,SKU0048,161,0,19.0,65
2024-01-15,SKU0048,153,0,19.0,65
2024-01-22,SKU0048,153,10,19.0,65
2024-01-29,SKU0048,140,0,19.0,65
2024-02-05,SKU0048,138,0,19.0,65
2024-02-12,SKU0048,120,72,19.0,65
2024-02-19,SKU0048,106,0,19.0,65
2024-02-26,SKU0048,88,0,19.0,65
2024-03-04,SKU0048,67,92,19.0,65
2024-03-11,SKU0048,46,0,19.0,65
2024-03-18,SKU0048,157,0,19.0,65
2024-03-25,SKU0048,151,0,19.0,65
2024-04-01,SKU0048,144,3,19.0,65
2024-04-08,SKU0048,129,0,19.0,65
2024-04-15,SKU0048,113,0,19.0,65
2024-04-22,SKU0048,102,0,19.0,65
2024-04-29,SKU0048,102,15,19.0,65
2024-05-06,SKU0048,87,0,19.0,65
2024-05-13,SKU0048,240,0,19.0,65
2024-05-20,SKU0048,228,0,19.0,65
2024-05-27,SKU0048,225,0,19.0,65
2024-06-03,SKU0048,220,20,19.0,65
2024-06-10,SKU0048,198,0,19.0,65
2024-06-17,SKU0048,195,0,19.0,65
2024-06-24,SKU0048,193,0,19.0,65
2024-07-01,SKU0048,190,0,19.0,65
2024-07-08,SKU0048,177,0,19.0,65
2024-07-15,SKU0048,162,93,19.0,65
2024-07-22,SKU0048,149,0,19.0,65
2024-07-29,SKU0048,140,28,19.0,65
2024-08-05,SKU0048,120,0,19.0,65
2024-08-12,SKU0048,108,0,19.0,65
2024-08-19,SKU0048,103,23,19.0,65
2024-08-26,SKU0048,83,26,19.0,65
2024-09-02,SKU0048,69,0,19.0,65
2024-09-09,SKU0048,69,0,19.0,65
2024-09-16,SKU0048,118,52,19.0,65
2024-09-23,SKU0048,108,7,19.0,65
2024-09-30,SKU0048,108,0,19.0,65
2024-10-07,SKU0048,94,0,19.0,65
2024-10-14,SKU0048,82,0,19.0,65
2024-10-21,SKU0048,66,0,19.0,65
2024-10-28,SKU0048,227,0,19.0,65
2024-11-04,SKU0048,210,64,19.0,65
2024-11-11,SKU0048,198,92,19.0,65
2024-11-18,SKU0048,182,26,19.0,65
2024-11-25,SKU0048,159,0,19.0,65
2024-12-02,SKU0048,137,35,19.0,65
2024-12-09,SKU0048,127,0,19.0,65
2024-12-16,SKU0048,114,0,19.0,65
2024-12-23,SKU0048,91,97,19.0,65
2024-12-30,SKU0048,75,28,19.0,65
2025-01-06,SKU0048,214,0,19.0,65
2025-01-13,SKU0048,201,0,19.0,65
2025-01-20,SKU0048,181,0,19.0,65
2025-01-27,SKU0048,167,0,19.0,65
2025-02-03,SKU0048,155,0,19.0,65
2025-02-10,SKU0048,141,0,19.0,65
2025-02-17,SKU0048,120,0,19.0,65
2025-02-24,SKU0048,109,0,19.0,65
2025-03-03,SKU0048,103,0,19.0,65
2025-03-10,SKU0048,85,0,19.0,65
2025-03-17,SKU0048,74,100,19.0,65
2025-03-24,SKU0048,68,0,19.0,65
2025-03-31,SKU0048,55,0,19.0,65
2025-04-07,SKU0048,37,70,19.0,65
2025-04-14,SKU0048,83,0,19.0,65
2025-04-21,SKU0048,237,22,19.0,65
2025-04-28,SKU0048,215,0,19.0,65
2025-05-05,SKU0048,196,81,19.0,65
2025-05-12,SKU0048,193,0,19.0,65
2025-05-19,SKU0048,173,0,19.0,65
2025-05-26,SKU0048,161,0,19.0,65
2025-06-02,SKU0048,154,0,19.0,65
2025-06-09,SKU0048,143,0,19.0,65
2025-06-16,SKU0048,134,0,19.0,65
2025-06-23,SKU0048,117,0,19.0,65
2025-06-30,SKU0048,104,0,19.0,65
2025-07-07,SKU0048,87,0,19.0,65
2025-07-14,SKU0048,74,0,19.0,65
2025-07-21,SKU0048,65,0,19.0,65
2025-07-28,SKU0048,235,42,19.0,65
2025-08-04,SKU0048,223,0,19.0,65
2025-08-11,SKU0048,202,0,19.0,65
2025-08-18,SKU0048,180,41,19.0,65
2025-08-25,SKU0048,159,74,19.0,65
2025-09-01,SKU0048,144,0,19.0,65
2025-09-08,SKU0048,142,0,19.0,65
2025-09-15,SKU0048,129,36,19.0,65
2025-09-22,SKU0048,110,0,19.0,65
2025-09-29,SKU0048,94,0,19.0,65
2024-01-01,SKU0049,271,0,23.0,51
2024-01-08,SKU0049,270,0,23.0,51
2024-01-15,SKU0049,258,37,23.0,51
2024-01-22,SKU0049,234,0,23.0,51
2024-01-29,SKU0049,217,0,23.0,51
2024-02-05,SKU0049,214,0,23.0,51
2024-02-12,SKU0049,208,0,23.0,51
2024-02-19,SKU0049,197,0,23.0,51
2024-02-26,SKU0049,193,0,23.0,51
2024-03-04,SKU0049,189,0,23.0,51
2024-03-11,SKU0049,181,0,23.0,51
2024-03-18,SKU0049,178,0,23.0,51
2024-03-25,SKU0049,156,37,23.0,51
2024-04-01,SKU0049,151,105,23.0,51
2024-04-08,SKU0049,148,0,23.0,51
2024-04-15,SKU0049,143,0,23.0,51
2024-04-22,SKU0049,128,0,23.0,51
2024-04-29,SKU0049,105,0,23.0,51
2024-05-06,SKU0049,82,104,23.0,51
2024-05-13,SKU0049,73,66,23.0,51
2024-05-20,SKU0049,60,73,23.0,51
2024-05-27,SKU0049,55,36,23.0,51
2024-06-03,SKU0049,55,0,23.0,51
2024-06-10,SKU0049,222,0,23.0,51
2024-06-17,SKU0049,198,1,23.0,51
2024-06-24,SKU0049,187,0,23.0,51
2024-07-01,SKU0049,176,0,23.0,51
2024-07-08,SKU0049,171,0,23.0,51
2024-07-15,SKU0049,163,0,23.0,51
2024-07-22,SKU0049,161,0,23.0,51
2024-07-29,SKU0049,142,0,23.0,51
2024-08-05,SKU0049,120,0,23.0,51
2024-08-12,SKU0049,98,7,23.0,51
2024-08-19,SKU0049,94,0,23.0,51
2024-08-26,SKU0049,89,0,23.0,51
2024-09-02,SKU0049,72,0,23.0,51
2024-09-09,SKU0049,61,0,23.0,51
2024-09-16,SKU0049,55,78,23.0,51
2024-09-23,SKU0049,208,0,23.0,51
2024-09-30,SKU0049,189,0,23.0,51
2024-10-07,SKU0049,178,0,23.0,51
2024-10-14,SKU0049,171,0,23.0,51
2024-10-21,SKU0049,167,0,23.0,51
2024-10-28,SKU0049,145,15,23.0,51
2024-11-04,SKU0049,121,0,23.0,51
2024-11-11,SKU0049,111,91,23.0,51
2024-11-18,SKU0049,88,0,23.0,51
2024-11-25,SKU0049,86,0,23.0,51
2024-12-02,SKU0049,76,0,23.0,51
2024-12-09,SKU0049,66,0,23.0,51
2024-12-16,SKU0049,56,0,23.0,51
2024-12-23,SKU0049,53,0,23.0,51
2024-12-30,SKU0049,52,108,23.0,51
2025-01-06,SKU0049,41,0,23.0,51
2025-01-13,SKU0049,96,6,23.0,51
2025-01-20,SKU0049,89,0,23.0,51
2025-01-27,SKU0049,83,100,23.0,51
2025-02-03,SKU0049,80,0,23.0,51
2025-02-10,SKU0049,71,0,23.0,51
2025-02-17,SKU0049,216,0,23.0,51
2025-02-24,SKU0049,210,0,23.0,51
2025-03-03,SKU0049,200,93,23.0,51
2025-03-10,SKU0049,179,24,23.0,51
2025-03-17,SKU0049,163,0,23.0,51
2025-03-24,SKU0049,158,99,23.0,51
2025-03-31,SKU0049,135,0,23.0,51
2025-04-07,SKU0049,132,0,23.0,51
2025-04-14,SKU0049,118,0,23.0,51
2025-04-21,SKU0049,105,0,23.0,51
2025-04-28,SKU0049,87,0,23.0,51
2025-05-05,SKU0049,76,0,23.0,51
2025-05-12,SKU0049,70,0,23.0,51
2025-05-19,SKU0049,65,100,23.0,51
2025-05-26,SKU0049,185,0,23.0,51
2025-06-02,SKU0049,169,0,23.0,51
2025-06-09,SKU0049,160,6,23.0,51
2025-06-16,SKU0049,136,0,23.0,51
2025-06-23,SKU0049,112,0,23.0,51
2025-06-30,SKU0049,94,0,23.0,51
2025-07-07,SKU0049,75,0,23.0,51
2025-07-14,SKU0049,51,0,23.0,51
2025-07-21,SKU0049,155,0,23.0,51
2025-07-28,SKU0049,134,0,23.0,51
2025-08-04,SKU0049,132,95,23.0,51
2025-08-11,SKU0049,121,50,23.0,51
2025-08-18,SKU0049,109,0,23.0,51
2025-08-25,SKU0049,108,0,23.0,51
2025-09-01,SKU0049,99,0,23.0,51
2025-09-08,SKU0049,81,60,23.0,51
2025-09-15,SKU0049,69,0,23.0,51
2025-09-22,SKU0049,46,0,23.0,51
2025-09-29,SKU0049,105,0,23.0,51
2024-01-01,SKU0050,229,0,18.0,68
2024-01-08,SKU0050,218,0,18.0,68
2024-01-15,SKU0050,204,0,18.0,68
2024-01-22,SKU0050,183,0,18.0,68
2024-01-29,SKU0050,179,0,18.0,68
2024-02-05,SKU0050,174,76,18.0,68
2024-02-12,SKU0050,156,0,18.0,68
2024-02-19,SKU0050,139,110,18.0,68
2024-02-26,SKU0050,124,37,18.0,68
2024-03-04,SKU0050,115,0,18.0,68
2024-03-11,SKU0050,91,39,18.0,68
2024-03-18,SKU0050,74,99,18.0,68
2024-03-25,SKU0050,231,0,18.0,68
2024-04-01,SKU0050,228,0,18.0,68
2024-04-08,SKU0050,223,0,18.0,68
2024-04-15,SKU0050,213,41,18.0,68
2024-04-22,SKU0050,207,0,18.0,68
2024-04-29,SKU0050,203,65,18.0,68
2024-05-06,SKU0050,192,0,18.0,68
2024-05-13,SKU0050,173,0,18.0,68
2024-05-20,SKU0050,152,0,18.0,68
2024-05-27,SKU0050,147,0,18.0,68
2024-06-03,SKU0050,138,0,18.0,68
2024-06-10,SKU0050,138,0,18.0,68
2024-06-17,SKU0050,126,77,18.0,68
2024-06-24,SKU0050,113,0,18.0,68
2024-07-01,SKU0050,90,0,18.0,68
2024-07-08,SKU0050,73,0,18.0,68
2024-07-15,SKU0050,65,0,18.0,68
2024-07-22,SKU0050,150,0,18.0,68
2024-07-29,SKU0050,131,34,18.0,68
2024-08-05,SKU0050,119,0,18.0,68
2024-08-12,SKU0050,115,65,18.0,68
2024-08-19,SKU0050,91,0,18.0,68
2024-08-26,SKU0050,74,0,18.0,68
2024-09-02,SKU0050,150,0,18.0,68
2024-09-09,SKU0050,131,0,18.0,68
2024-09-16,SKU0050,111,46,18.0,68
2024-09-23,SKU0050,104,0,18.0,68
2024-09-30,SKU0050,91,0,18.0,68
2024-10-07,SKU0050,84,25,18.0,68
2024-10-14,SKU0050,82,89,18.0,68
2024-10-21,SKU0050,63,0,18.0,68
2024-10-28,SKU0050,46,64,18.0,68
2024-11-04,SKU0050,43,119,18.0,68
2024-11-11,SKU0050,171,0,18.0,68
2024-11-18,SKU0050,147,0,18.0,68
2024-11-25,SKU0050,141,58,18.0,68
2024-12-02,SKU0050,135,0,18.0,68
2024-12-09,SKU0050,124,0,18.0,68
2024-12-16,SKU0050,121,0,18.0,68
2024-12-23,SKU0050,101,0,18.0,68
2024-12-30,SKU0050,78,117,18.0,68
2025-01-06,SKU0050,246,0,18.0,68
2025-01-13,SKU0050,246,19,18.0,68
2025-01-20,SKU0050,222,0,18.0,68
2025-01-27,SKU0050,220,0,18.0,68
2025-02-03,SKU0050,208,0,18.0,68
2025-02-10,SKU0050,191,84,18.0,68
2025-02-17,SKU0050,185,0,18.0,68
2025-02-24,SKU0050,173,0,18.0,68
2025-03-03,SKU0050,154,0,18.0,68
2025-03-10,SKU0050,136,0,18.0,68
2025-03-17,SKU0050,126,66,18.0,68
2025-03-24,SKU0050,120,0,18.0,68
2025-03-31,SKU0050,98,0,18.0,68
2025-04-07,SKU0050,79,0,18.0,68
2025-04-14,SKU0050,57,0,18.0,68
2025-04-21,SKU0050,34,60,18.0,68
2025-04-28,SKU0050,17,0,18.0,68
2025-05-05,SKU0050,9,0,18.0,68
2025-05-12,SKU0050,0,0,18.0,68
2025-05-19,SKU0050,124,0,18.0,68
2025-05-26,SKU0050,111,0,18.0,68
2025-06-02,SKU0050,97,0,18.0,68
2025-06-09,SKU0050,94,0,18.0,68
2025-06-16,SKU0050,76,0,18.0,68
2025-06-23,SKU0050,210,94,18.0,68
2025-06-30,SKU0050,206,0,18.0,68
2025-07-07,SKU0050,199,35,18.0,68
2025-07-14,SKU0050,183,0,18.0,68
2025-07-21,SKU0050,179,101,18.0,68
2025-07-28,SKU0050,164,0,18.0,68
2025-08-04,SKU0050,148,0,18.0,68
2025-08-11,SKU0050,139,0,18.0,68
2025-08-18,SKU0050,139,0,18.0,68
2025-08-25,SKU0050,136,0,18.0,68
2025-09-01,SKU0050,117,0,18.0,68
2025-09-08,SKU0050,93,0,18.0,68
2025-09-15,SKU0050,73,0,18.0,68
2025-09-22,SKU0050,140,0,18.0,68
2025-09-29,SKU0050,121,0,18.0,68
2024-01-01,SKU0051,242,0,26.0,13
2024-01-08,SKU0051,232,100,26.0,13
2024-01-15,SKU0051,230,0,26.0,13
2024-01-22,SKU0051,209,0,26.0,13
2024-01-29,SKU0051,195,0,26.0,13
2024-02-05,SKU0051,187,0,26.0,13
2024-02-12,SKU0051,179,0,26.0,13
2024-02-19,SKU0051,166,67,26.0,13
2024-02-26,SKU0051,148,0,26.0,13
2024-03-04,SKU0051,141,0,26.0,13
2024-03-11,SKU0051,128,0,26.0,13
2024-03-18,SKU0051,126,0,26.0,13
2024-03-25,SKU0051,120,0,26.0,13
2024-04-01,SKU0051,107,0,26.0,13
2024-04-08,SKU0051,88,0,26.0,13
2024-04-15,SKU0051,75,90,26.0,13
2024-04-22,SKU0051,74,0,26.0,13
2024-04-29,SKU0051,63,55,26.0,13
2024-05-06,SKU0051,49,0,26.0,13
2024-05-13,SKU0051,37,0,26.0,13
2024-05-20,SKU0051,36,0,26.0,13
2024-05-27,SKU0051,26,0,26.0,13
2024-06-03,SKU0051,19,89,26.0,13
2024-06-10,SKU0051,199,0,26.0,13
2024-06-17,SKU0051,185,0,26.0,13
2024-06-24,SKU0051,184,119,26.0,13
2024-07-01,SKU0051,175,93,26.0,13
2024-07-08,SKU0051,152,0,26.0,13
2024-07-15,SKU0051,141,0,26.0,13
2024-07-22,SKU0051,141,19,26.0,13
2024-07-29,SKU0051,126,0,26.0,13
2024-08-05,SKU0051,112,0,26.0,13
2024-08-12,SKU0051,108,0,26.0,13
2024-08-19,SKU0051,100,0,26.0,13
2024-08-26,SKU0051,81,0,26.0,13
2024-09-02,SKU0051,68,46,26.0,13
2024-09-09,SKU0051,49,0,26.0,13
2024-09-16,SKU0051,25,0,26.0,13
2024-09-23,SKU0051,129,100,26.0,13
2024-09-30,SKU0051,105,0,26.0,13
2024-10-07,SKU0051,104,0,26.0,13
2024-10-14,SKU0051,92,0,26.0,13
2024-10-21,SKU0051,68,57,26.0,13
2024-10-28,SKU0051,66,0,26.0,13
2024-11-04,SKU0051,58,0,26.0,13
2024-11-11,SKU0051,40,84,26.0,13
2024-11-18,SKU0051,16,0,26.0,13
2024-11-25,SKU0051,7,0,26.0,13
2024-12-02,SKU0051,0,0,26.0,13
2024-12-09,SKU0051,62,0,26.0,13
2024-12-16,SKU0051,62,43,26.0,13
2024-12-23,SKU0051,53,66,26.0,13
2024-12-30,SKU0051,38,0,26.0,13
2025-01-06,SKU0051,36,100,26.0,13
2025-01-13,SKU0051,35,58,26.0,13
2025-01-20,SKU0051,26,0,26.0,13
2025-01-27,SKU0051,13,90,26.0,13
2025-02-03,SKU0051,177,0,26.0,13
2025-02-10,SKU0051,172,109,26.0,13
2025-02-17,SKU0051,168,0,26.0,13
2025-02-24,SKU0051,151,0,26.0,13
2025-03-03,SKU0051,142,0,26.0,13
2025-03-10,SKU0051,136,105,26.0,13
2025-03-17,SKU0051,115,0,26.0,13
2025-03-24,SKU0051,102,0,26.0,13
2025-03-31,SKU0051,100,0,26.0,13
2025-04-07,SKU0051,84,0,26.0,13
2025-04-14,SKU0051,68,0,26.0,13
2025-04-21,SKU0051,48,0,26.0,13
2025-04-28,SKU0051,41,0,26.0,13
2025-05-05,SKU0051,22,55,26.0,13
2025-05-12,SKU0051,143,40,26.0,13
2025-05-19,SKU0051,139,38,26.0,13
2025-05-26,SKU0051,131,0,26.0,13
2025-06-02,SKU0051,116,0,26.0,13
2025-06-09,SKU0051,94,0,26.0,13
2025-06-16,SKU0051,70,0,26.0,13
2025-06-23,SKU0051,57,0,26.0,13
2025-06-30,SKU0051,48,0,26.0,13
2025-07-07,SKU0051,26,95,26.0,13
2025-07-14,SKU0051,4,75,26.0,13
2025-07-21,SKU0051,0,0,26.0,13
2025-07-28,SKU0051,0,20,26.0,13
2025-08-04,SKU0051,0,0,26.0,13
2025-08-11,SKU0051,135,47,26.0,13
2025-08-18,SKU0051,121,0,26.0,13
2025-08-25,SKU0051,99,0,26.0,13
2025-09-01,SKU0051,82,0,26.0,13
2025-09-08,SKU0051,78,0,26.0,13
2025-09-15,SKU0051,68,0,26.0,13
2025-09-22,SKU0051,64,0,26.0,13
2025-09-29,SKU0051,41,110,26.0,13
2025-04-28,SKU0052,91,0,34.0,49
2025-05-05,SKU0052,88,0,34.0,49
2025-05-12,SKU0052,85,0,34.0,49
2025-05-19,SKU0052,68,113,34.0,49
2025-05-26,SKU0052,66,37,34.0,49
2025-06-02,SKU0052,61,0,34.0,49
2025-06-09,SKU0052,37,0,34.0,49
2025-06-16,SKU0052,175,0,34.0,49
2025-06-23,SKU0052,154,39,34.0,49
2025-06-30,SKU0052,153,42,34.0,49
2025-07-07,SKU0052,140,0,34.0,49
2025-07-14,SKU0052,116,0,34.0,49
2025-07-21,SKU0052,93,0,34.0,49
2025-07-28,SKU0052,92,92,34.0,49
2025-08-04,SKU0052,91,104,34.0,49
2025-08-11,SKU0052,88,88,34.0,49
2025-08-18,SKU0052,80,95,34.0,49
2025-08-25,SKU0052,74,0,34.0,49
2025-09-01,SKU0052,72,56,34.0,49
2025-09-08,SKU0052,67,0,34.0,49
2025-09-15,SKU0052,53,0,34.0,49
2025-09-22,SKU0052,53,84,34.0,49
2025-09-29,SKU0052,52,0,34.0,49
2024-01-01,SKU0053,80,0,44.0,44
2024-01-08,SKU0053,79,0,44.0,44
2024-01-15,SKU0053,72,0,44.0,44
2024-01-22,SKU0053,48,0,44.0,44
2024-01-29,SKU0053,229,0,44.0,44
2024-02-05,SKU0053,212,0,44.0,44
2024-02-12,SKU0053,201,0,44.0,44
2024-02-19,SKU0053,195,98,44.0,44
2024-02-26,SKU0053,184,0,44.0,44
2024-03-04,SKU0053,179,43,44.0,44
2024-03-11,SKU0053,156,0,44.0,44
2024-03-18,SKU0053,145,113,44.0,44
2024-03-25,SKU0053,122,0,44.0,44
2024-04-01,SKU0053,104,0,44.0,44
2024-04-08,SKU0053,100,0,44.0,44
2024-04-15,SKU0053,92,0,44.0,44
2024-04-22,SKU0053,71,0,44.0,44
2024-04-29,SKU0053,66,0,44.0,44
2024-05-06,SKU0053,44,81,44.0,44
2024-05-13,SKU0053,170,0,44.0,44
2024-05-20,SKU0053,147,0,44.0,44
2024-05-27,SKU0053,138,54,44.0,44
2024-06-03,SKU0053,136,0,44.0,44
2024-06-10,SKU0053,131,0,44.0,44
2024-06-17,SKU0053,114,104,44.0,44
2024-06-24,SKU0053,104,0,44.0,44
2024-07-01,SKU0053,83,0,44.0,44
2024-07-08,SKU0053,67,12,44.0,44
2024-07-15,SKU0053,43,91,44.0,44
2024-07-22,SKU0053,19,0,44.0,44
2024-07-29,SKU0053,152,0,44.0,44
2024-08-05,SKU0053,147,0,44.0,44
2024-08-12,SKU0053,141,48,44.0,44
2024-08-19,SKU0053,129,0,44.0,44
2024-08-26,SKU0053,128,0,44.0,44
2024-09-02,SKU0053,118,85,44.0,44
2024-09-09,SKU0053,108,0,44.0,44
2024-09-16,SKU0053,101,50,44.0,44
2024-09-23,SKU0053,83,0,44.0,44
2024-09-30,SKU0053,66,0,44.0,44
2024-10-07,SKU0053,58,0,44.0,44
2024-10-14,SKU0053,51,0,44.0,44
2024-10-21,SKU0053,27,0,44.0,44
2024-10-28,SKU0053,117,71,44.0,44
2024-11-04,SKU0053,115,18,44.0,44
2024-11-11,SKU0053,111,0,44.0,44
2024-11-18,SKU0053,93,50,44.0,44
2024-11-25,SKU0053,86,0,44.0,44
2024-12-02,SKU0053,72,0,44.0,44
2024-12-09,SKU0053,60,0,44.0,44
2024-12-16,SKU0053,38,34,44.0,44
2024-12-23,SKU0053,93,0,44.0,44
2024-12-30,SKU0053,85,0,44.0,44
2025-01-06,SKU0053,70,0,44.0,44
2025-01-13,SKU0053,57,10,44.0,44
2025-01-20,SKU0053,46,0,44.0,44
2025-01-27,SKU0053,39,21,44.0,44
2025-02-03,SKU0053,126,0,44.0,44
2025-02-10,SKU0053,117,65,44.0,44
2025-02-17,SKU0053,104,11,44.0,44
2025-02-24,SKU0053,83,0,44.0,44
2025-03-03,SKU0053,69,0,44.0,44
2025-03-10,SKU0053,48,0,44.0,44
2025-03-17,SKU0053,219,0,44.0,44
2025-03-24,SKU0053,206,0,44.0,44
2025-03-31,SKU0053,199,71,44.0,44
2025-04-07,SKU0053,186,0,44.0,44
2025-04-14,SKU0053,178,0,44.0,44
2025-04-21,SKU0053,172,0,44.0,44
2025-04-28,SKU0053,167,0,44.0,44
2025-05-05,SKU0053,146,0,44.0,44
2025-05-12,SKU0053,144,0,44.0,44
2025-05-19,SKU0053,123,0,44.0,44
2025-05-26,SKU0053,116,0,44.0,44
2025-06-02,SKU0053,94,109,44.0,44
2025-06-09,SKU0053,89,0,44.0,44
2025-06-16,SKU0053,69,0,44.0,44
2025-06-23,SKU0053,52,11,44.0,44
2025-06-30,SKU0053,39,0,44.0,44
2025-07-07,SKU0053,213,0,44.0,44
2025-07-14,SKU0053,205,0,44.0,44
2025-07-21,SKU0053,185,0,44.0,44
2025-07-28,SKU0053,183,30,44.0,44
2025-08-04,SKU0053,161,0,44.0,44
2025-08-11,SKU0053,147,51,44.0,44
2025-08-18,SKU0053,146,28,44.0,44
2025-08-25,SKU0053,138,83,44.0,44
2025-09-01,SKU0053,118,0,44.0,44
2025-09-08,SKU0053,95,0,44.0,44
2025-09-15,SKU0053,76,0,44.0,44
2025-09-22,SKU0053,73,0,44.0,44
2025-09-29,SKU0053,53,81,,44
2024-01-01,SKU0054,195,0,34.0,71
2024-01-08,SKU0054,175,0,34.0,71
2024-01-15,SKU0054,173,0,34.0,71
2024-01-22,SKU0054,161,0,34.0,71
2024-01-29,SKU0054,143,0,34.0,71
2024-02-05,SKU0054,123,0,34.0,71
2024-02-12,SKU0054,117,27,34.0,71
2024-02-19,SKU0054,94,0,34.0,71
2024-02-26,SKU0054,79,0,34.0,71
2024-03-04,SKU0054,79,0,34.0,71
2024-03-11,SKU0054,189,88,34.0,71
2024-03-18,SKU0054,180,6,34.0,71
2024-03-25,SKU0054,163,0,34.0,71
2024-04-01,SKU0054,150,67,34.0,71
2024-04-08,SKU0054,131,0,34.0,71
2024-04-15,SKU0054,112,105,34.0,71
2024-04-22,SKU0054,104,24,34.0,71
2024-04-29,SKU0054,102,0,34.0,71
2024-05-06,SKU0054,81,0,34.0,71
2024-05-13,SKU0054,76,60,34.0,71
2024-05-20,SKU0054,240,0,34.0,71
2024-05-27,SKU0054,228,0,34.0,71
2024-06-03,SKU0054,227,0,34.0,71
2024-06-10,SKU0054,224,0,34.0,71
2024-06-17,SKU0054,224,0,34.0,71
2024-06-24,SKU0054,212,0,34.0,71
2024-07-01,SKU0054,203,0,34.0,71
2024-07-08,SKU0054,179,0,34.0,71
2024-07-15,SKU0054,155,60,34.0,71
2024-07-22,SKU0054,148,0,34.0,71
2024-07-29,SKU0054,140,82,34.0,71
2024-08-05,SKU0054,129,0,34.0,71
2024-08-12,SKU0054,115,0,34.0,71
2024-08-19,SKU0054,96,0,34.0,71
2024-08-26,SKU0054,74,0,34.0,71
2024-09-02,SKU0054,209,112,34.0,71
2024-09-09,SKU0054,196,0,34.0,71
2024-09-16,SKU0054,196,0,34.0,71
2024-09-23,SKU0054,192,0,34.0,71
2024-09-30,SKU0054,183,0,34.0,71
2024-10-07,SKU0054,160,0,34.0,71
2024-10-14,SKU0054,136,58,34.0,71
2024-10-21,SKU0054,130,0,34.0,71
2024-10-28,SKU0054,129,25,34.0,71
2024-11-04,SKU0054,108,0,34.0,71
2024-11-11,SKU0054,90,0,34.0,71
2024-11-18,SKU0054,73,33,34.0,71
2024-11-25,SKU0054,65,0,34.0,71
2024-12-02,SKU0054,201,0,34.0,71
2024-12-09,SKU0054,199,0,34.0,71
2024-12-16,SKU0054,180,57,34.0,71
2024-12-23,SKU0054,174,0,34.0,71
2024-12-30,SKU0054,174,0,34.0,71
2025-01-06,SKU0054,170,0,34.0,71
2025-01-13,SKU0054,167,0,34.0,71
2025-01-20,SKU0054,152,103,34.0,71
2025-01-27,SKU0054,142,59,34.0,71
2025-02-03,SKU0054,124,0,34.0,71
2025-02-10,SKU0054,120,0,34.0,71
2025-02-17,SKU0054,120,87,34.0,71
2025-02-24,SKU0054,110,75,34.0,71
2025-03-03,SKU0054,91,7,34.0,71
2025-03-10,SKU0054,90,91,34.0,71
2025-03-17,SKU0054,84,0,34.0,71
2025-03-24,SKU0054,259,0,34.0,71
2025-03-31,SKU0054,258,83,34.0,71
2025-04-07,SKU0054,243,0,34.0,71
2025-04-14,SKU0054,240,48,34.0,71
2025-04-21,SKU0054,216,0,34.0,71
2025-04-28,SKU0054,203,0,34.0,71
2025-05-05,SKU0054,186,0,34.0,71
2025-05-12,SKU0054,166,0,34.0,71
2025-05-19,SKU0054,159,0,34.0,71
2025-05-26,SKU0054,157,0,34.0,71
2025-06-02,SKU0054,149,0,34.0,71
2025-06-09,SKU0054,129,0,34.0,71
2025-06-16,SKU0054,112,56,34.0,71
2025-06-23,SKU0054,112,0,34.0,71
2025-06-30,SKU0054,93,43,34.0,71
2025-07-07,SKU0054,81,0,34.0,71
2025-07-14,SKU0054,62,0,34.0,71
2025-07-21,SKU0054,146,0,34.0,71
2025-07-28,SKU0054,141,27,34.0,71
2025-08-04,SKU0054,141,65,34.0,71
2025-08-11,SKU0054,141,0,34.0,71
2025-08-18,SKU0054,135,0,34.0,71
2025-08-25,SKU0054,125,14,34.0,71
2025-09-01,SKU0054,111,0,34.0,71
2025-09-08,SKU0054,109,0,34.0,71
2025-09-15,SKU0054,107,0,34.0,71
2025-09-22,SKU0054,95,0,34.0,71
2025-09-29,SKU0054,95,30,34.0,71
2024-05-06,SKU0055,74,0,32.0,35
2024-05-13,SKU0055,64,0,32.0,35
2024-05-20,SKU0055,41,0,32.0,35
2024-05-27,SKU0055,133,0,32.0,35
2024-06-03,SKU0055,130,0,32.0,35
2024-06-10,SKU0055,126,0,32.0,35
2024-06-17,SKU0055,106,0,32.0,35
2024-06-24,SKU0055,92,0,32.0,35
2024-07-01,SKU0055,90,0,32.0,35
2024-07-08,SKU0055,90,0,32.0,35
2024-07-15,SKU0055,80,0,32.0,35
2024-07-22,SKU0055,80,0,32.0,35
2024-07-29,SKU0055,72,0,32.0,35
2024-08-05,SKU0055,71,0,32.0,35
2024-08-12,SKU0055,70,115,32.0,35
2024-08-19,SKU0055,66,0,32.0,35
2024-08-26,SKU0055,63,2,32.0,35
2024-09-02,SKU0055,62,0,32.0,35
2024-09-09,SKU0055,49,0,32.0,35
2024-09-16,SKU0055,182,0,32.0,35
2024-09-23,SKU0055,175,0,32.0,35
2024-09-30,SKU0055,167,0,32.0,35
2024-10-07,SKU0055,161,0,32.0,35
2024-10-14,SKU0055,146,79,32.0,35
2024-10-21,SKU0055,142,77,32.0,35
2024-10-28,SKU0055,141,0,32.0,35
2024-11-04,SKU0055,133,1,32.0,35
2024-11-11,SKU0055,121,0,32.0,35
2024-11-18,SKU0055,113,29,32.0,35
2024-11-25,SKU0055,109,0,32.0,35
2024-12-02,SKU0055,97,0,32.0,35
2024-12-09,SKU0055,94,0,32.0,35
2024-12-16,SKU0055,80,0,32.0,35
2024-12-23,SKU0055,62,0,32.0,35
2024-12-30,SKU0055,52,0,32.0,35
2025-01-06,SKU0055,34,0,32.0,35
2025-01-13,SKU0055,28,0,32.0,35
2025-01-20,SKU0055,209,0,32.0,35
2025-01-27,SKU0055,185,11,32.0,35
2025-02-03,SKU0055,184,0,,35
2025-02-10,SKU0055,170,0,32.0,35
2025-02-17,SKU0055,168,0,32.0,35
2025-02-24,SKU0055,149,0,32.0,35
2025-03-03,SKU0055,133,0,32.0,35
2025-03-10,SKU0055,111,0,32.0,35
2025-03-17,SKU0055,105,2,32.0,35
2025-03-24,SKU0055,91,0,32.0,35
2025-03-31,SKU0055,89,0,32.0,35
2025-04-07,SKU0055,68,12,32.0,35
2025-04-14,SKU0055,45,94,32.0,35
2025-04-21,SKU0055,36,86,32.0,35
2025-04-28,SKU0055,167,0,32.0,35
2025-05-05,SKU0055,162,0,32.0,35
2025-05-12,SKU0055,150,0,32.0,35
2025-05-19,SKU0055,129,0,32.0,35
2025-05-26,SKU0055,120,0,32.0,35
2025-06-02,SKU0055,104,0,32.0,35
2025-06-09,SKU0055,80,0,32.0,35
2025-06-16,SKU0055,77,0,32.0,35
2025-06-23,SKU0055,71,71,32.0,35
2025-06-30,SKU0055,58,0,32.0,35
2025-07-07,SKU0055,40,0,32.0,35
2025-07-14,SKU0055,172,0,32.0,35
2025-07-21,SKU0055,169,0,32.0,35
2025-07-28,SKU0055,168,0,32.0,35
2025-08-04,SKU0055,148,0,32.0,35
2025-08-11,SKU0055,143,0,32.0,35
2025-08-18,SKU0055,129,0,32.0,35
2025-08-25,SKU0055,124,0,32.0,35
2025-09-01,SKU0055,120,0,32.0,35
2025-09-08,SKU0055,108,0,32.0,35
2025-09-15,SKU0055,107,0,32.0,35
2025-09-22,SKU0055,90,0,32.0,35
2025-09-29,SKU0055,69,0,32.0,35
2024-01-01,SKU0056,242,101,20.0,74
2024-01-08,SKU0056,231,0,20.0,74
2024-01-15,SKU0056,229,41,20.0,74
2024-01-22,SKU0056,212,70,20.0,74
2024-01-29,SKU0056,208,117,20.0,74
2024-02-05,SKU0056,208,0,20.0,74
2024-02-12,SKU0056,191,0,20.0,74
2024-02-19,SKU0056,191,0,20.0,74
2024-02-26,SKU0056,179,0,20.0,74
2024-03-04,SKU0056,177,0,20.0,74
2024-03-11,SKU0056,172,0,20.0,74
2024-03-18,SKU0056,155,0,20.0,74
2024-03-25,SKU0056,151,0,20.0,74
2024-04-01,SKU0056,127,0,20.0,74
2024-04-08,SKU0056,106,114,20.0,74
2024-04-15,SKU0056,95,0,20.0,74
2024-04-22,SKU0056,77,0,20.0,74
2024-04-29,SKU0056,180,0,20.0,74
2024-05-06,SKU0056,180,0,20.0,74
2024-05-13,SKU0056,163,0,20.0,74
2024-05-20,SKU0056,143,0,20.0,74
2024-05-27,SKU0056,129,106,20.0,74
2024-06-03,SKU0056,107,14,20.0,74
2024-06-10,SKU0056,88,17,20.0,74
2024-06-17,SKU0056,65,77,20.0,74
2024-06-24,SKU0056,50,45,20.0,74
2024-07-01,SKU0056,48,86,20.0,74
2024-07-08,SKU0056,43,0,20.0,74
2024-07-15,SKU0056,109,0,20.0,74
2024-07-22,SKU0056,106,0,20.0,74
2024-07-29,SKU0056,97,0,20.0,74
2024-08-05,SKU0056,80,48,20.0,74
2024-08-12,SKU0056,57,0,20.0,74
2024-08-19,SKU0056,57,0,20.0,74
2024-08-26,SKU0056,45,75,20.0,74
2024-09-02,SKU0056,40,0,20.0,74
2024-09-09,SKU0056,206,0,20.0,74
2024-09-16,SKU0056,201,0,20.0,74
2024-09-23,SKU0056,197,0,20.0,74
2024-09-30,SKU0056,176,0,20.0,74
2024-10-07,SKU0056,171,33,20.0,74
2024-10-14,SKU0056,147,88,20.0,74
2024-10-21,SKU0056,123,0,20.0,74
2024-10-28,SKU0056,119,0,20.0,74
2024-11-04,SKU0056,109,0,20.0,74
2024-11-11,SKU0056,99,0,20.0,74
2024-11-18,SKU0056,84,0,20.0,74
2024-11-25,SKU0056,182,0,20.0,74
2024-12-02,SKU0056,161,0,20.0,74
2024-12-09,SKU0056,137,0,20.0,74
2024-12-16,SKU0056,114,0,20.0,74
2024-12-23,SKU0056,94,100,20.0,74
2024-12-30,SKU0056,91,104,20.0,74
2025-01-06,SKU0056,224,60,20.0,74
2025-01-13,SKU0056,201,0,20.0,74
2025-01-20,SKU0056,193,0,20.0,74
2025-01-27,SKU0056,181,0,20.0,74
2025-02-03,SKU0056,162,97,20.0,74
2025-02-10,SKU0056,156,0,20.0,74
2025-02-17,SKU0056,154,0,20.0,74
2025-02-24,SKU0056,137,0,20.0,74
2025-03-03,SKU0056,124,56,20.0,74
2025-03-10,SKU0056,118,0,20.0,74
2025-03-17,SKU0056,104,0,20.0,74
2025-03-24,SKU0056,98,0,20.0,74
2025-03-31,SKU0056,94,0,20.0,74
2025-04-07,SKU0056,152,68,20.0,74
2025-04-14,SKU0056,146,0,20.0,74
2025-04-21,SKU0056,134,0,20.0,74
2025-04-28,SKU0056,110,0,20.0,74
2025-05-05,SKU0056,88,0,20.0,74
2025-05-12,SKU0056,79,0,20.0,74
2025-05-19,SKU0056,69,0,20.0,74
2025-05-26,SKU0056,171,0,20.0,74
2025-06-02,SKU0056,170,0,20.0,74
2025-06-09,SKU0056,155,0,20.0,74
2025-06-16,SKU0056,133,0,20.0,74
2025-06-23,SKU0056,116,81,20.0,74
2025-06-30,SKU0056,101,0,20.0,74
2025-07-07,SKU0056,83,14,20.0,74
2025-07-14,SKU0056,69,0,20.0,74
2025-07-21,SKU0056,56,0,20.0,74
2025-07-28,SKU0056,160,0,20.0,74
2025-08-04,SKU0056,143,117,20.0,74
2025-08-11,SKU0056,141,0,20.0,74
2025-08-18,SKU0056,122,0,20.0,74
2025-08-25,SKU0056,122,0,20.0,74
2025-09-01,SKU0056,106,43,20.0,74
2025-09-08,SKU0056,93,0,20.0,74
2025-09-15,SKU0056,79,0,20.0,74
2025-09-22,SKU0056,57,0,20.0,74
2025-09-29,SKU0056,52,0,20.0,74
2024-01-01,SKU0057,177,107,25.0,41
2024-01-08,SKU0057,173,100,25.0,41
2024-01-15,SKU0057,152,0,25.0,41
2024-01-22,SKU0057,135,15,25.0,41
2024-01-29,SKU0057,125,97,25.0,41
2024-02-05,SKU0057,113,0,25.0,41
2024-02-12,SKU0057,108,0,25.0,41
2024-02-19,SKU0057,94,112,25.0,41
2024-02-26,SKU0057,94,0,25.0,41
2024-03-04,SKU0057,71,0,25.0,41
2024-03-11,SKU0057,54,0,25.0,41
2024-03-18,SKU0057,49,0,25.0,41
2024-03-25,SKU0057,32,0,25.0,41
2024-04-01,SKU0057,182,0,25.0,41
2024-04-08,SKU0057,158,77,25.0,41
2024-04-15,SKU0057,153,0,25.0,41
2024-04-22,SKU0057,145,0,25.0,41
2024-04-29,SKU0057,126,0,25.0,41
2024-05-06,SKU0057,123,0,25.0,41
2024-05-13,SKU0057,110,58,25.0,41
2024-05-20,SKU0057,92,0,25.0,41
2024-05-27,SKU0057,83,86,25.0,41
2024-06-03,SKU0057,76,115,25.0,41
2024-06-10,SKU0057,72,70,25.0,41
2024-06-17,SKU0057,59,0,25.0,41
2024-06-24,SKU0057,59,0,25.0,41
2024-07-01,SKU0057,48,109,25.0,41
2024-07-08,SKU0057,44,78,25.0,41
2024-07-15,SKU0057,26,0,25.0,41
2024-07-22,SKU0057,7,119,25.0,41
2024-07-29,SKU0057,160,11,25.0,41
2024-08-05,SKU0057,149,0,25.0,41
2024-08-12,SKU0057,142,0,25.0,41
2024-08-19,SKU0057,121,0,25.0,41
2024-08-26,SKU0057,105,6,25.0,41
2024-09-02,SKU0057,100,0,25.0,41
2024-09-09,SKU0057,91,101,25.0,41
2024-09-16,SKU0057,76,23,25.0,41
2024-09-23,SKU0057,74,0,25.0,41
2024-09-30,SKU0057,63,49,25.0,41
2024-10-07,SKU0057,44,0,25.0,41
2024-10-14,SKU0057,162,63,25.0,41
2024-10-21,SKU0057,142,56,25.0,41
2024-10-28,SKU0057,139,99,25.0,41
2024-11-04,SKU0057,120,0,25.0,41
2024-11-11,SKU0057,118,0,25.0,41
2024-11-18,SKU0057,115,0,25.0,41
2024-11-25,SKU0057,95,119,25.0,41
2024-12-02,SKU0057,81,0,25.0,41
2024-12-09,SKU0057,69,0,25.0,41
2024-12-16,SKU0057,64,91,25.0,41
2024-12-23,SKU0057,49,0,25.0,41
2024-12-30,SKU0057,43,0,25.0,41
2025-01-06,SKU0057,170,0,25.0,41
2025-01-13,SKU0057,151,0,25.0,41
2025-01-20,SKU0057,134,44,25.0,41
2025-01-27,SKU0057,132,0,25.0,41
2025-02-03,SKU0057,110,69,25.0,41
2025-02-10,SKU0057,99,0,25.0,41
2025-02-17,SKU0057,84,60,25.0,41
2025-02-24,SKU0057,77,0,25.0,41
2025-03-03,SKU0057,61,0,25.0,41
2025-03-10,SKU0057,56,0,25.0,41
2025-03-17,SKU0057,44,0,25.0,41
2025-03-24,SKU0057,33,0,25.0,41
2025-03-31,SKU0057,150,0,25.0,41
2025-04-07,SKU0057,135,0,25.0,41
2025-04-14,SKU0057,112,92,25.0,41
2025-04-21,SKU0057,89,0,25.0,41
2025-04-28,SKU0057,81,112,25.0,41
2025-05-05,SKU0057,62,0,25.0,41
2025-05-12,SKU0057,49,17,25.0,41
2025-05-19,SKU0057,42,3,25.0,41
2025-05-26,SKU0057,190,27,25.0,41
2025-06-02,SKU0057,168,0,25.0,41
2025-06-09,SKU0057,153,0,25.0,41
2025-06-16,SKU0057,137,77,25.0,41
2025-06-23,SKU0057,117,0,25.0,41
2025-06-30,SKU0057,116,0,25.0,41
2025-07-07,SKU0057,99,0,25.0,41
2025-07-14,SKU0057,77,17,25.0,41
2025-07-21,SKU0057,64,73,25.0,41
2025-07-28,SKU0057,40,0,25.0,41
2025-08-04,SKU0057,158,15,25.0,41
2025-08-11,SKU0057,138,52,25.0,41
2025-08-18,SKU0057,115,0,25.0,41
2025-08-25,SKU0057,108,20,25.0,41
2025-09-01,SKU0057,100,0,25.0,41
2025-09-08,SKU0057,98,0,25.0,41
2025-09-15,SKU0057,94,0,25.0,41
2025-09-22,SKU0057,92,0,25.0,41
2025-09-29,SKU0057,76,54,25.0,41
2024-01-01,SKU0058,73,12,41.0,34
2024-01-08,SKU0058,62,0,41.0,34
2024-01-15,SKU0058,46,0,41.0,34
2024-01-22,SKU0058,31,0,41.0,34
2024-01-29,SKU0058,28,0,41.0,34
2024-02-05,SKU0058,162,0,41.0,34
2024-02-12,SKU0058,162,0,41.0,34
2024-02-19,SKU0058,152,0,41.0,34
2024-02-26,SKU0058,129,112,41.0,34
2024-03-04,SKU0058,125,0,41.0,34
2024-03-11,SKU0058,125,68,41.0,34
2024-03-18,SKU0058,122,0,41.0,34
2024-03-25,SKU0058,101,0,41.0,34
2024-04-01,SKU0058,90,79,41.0,34
2024-04-08,SKU0058,89,74,41.0,34
2024-04-15,SKU0058,69,21,41.0,34
2024-04-22,SKU0058,46,0,41.0,34
2024-04-29,SKU0058,43,0,41.0,34
2024-05-06,SKU0058,37,0,41.0,34
2024-05-13,SKU0058,16,0,41.0,34
2024-05-20,SKU0058,0,0,41.0,34
2024-05-27,SKU0058,0,0,41.0,34
2024-06-03,SKU0058,0,0,41.0,34
2024-06-10,SKU0058,0,0,41.0,34
2024-06-17,SKU0058,160,8,41.0,34
2024-06-24,SKU0058,138,0,41.0,34
2024-07-01,SKU0058,137,0,41.0,34
2024-07-08,SKU0058,118,0,41.0,34
2024-07-15,SKU0058,105,0,41.0,34
2024-07-22,SKU0058,105,100,41.0,34
2024-07-29,SKU0058,81,0,41.0,34
2024-08-05,SKU0058,65,30,41.0,34
2024-08-12,SKU0058,55,0,41.0,34
2024-08-19,SKU0058,39,0,41.0,34
2024-08-26,SKU0058,38,0,41.0,34
2024-09-02,SKU0058,14,0,41.0,34
2024-09-09,SKU0058,5,47,41.0,34
2024-09-16,SKU0058,0,0,41.0,34
2024-09-23,SKU0058,94,0,41.0,34
2024-09-30,SKU0058,90,0,41.0,34
2024-10-07,SKU0058,67,0,41.0,34
2024-10-14,SKU0058,67,0,41.0,34
2024-10-21,SKU0058,59,89,41.0,34
2024-10-28,SKU0058,54,43,41.0,34
2024-11-04,SKU0058,45,31,41.0,34
2024-11-11,SKU0058,38,0,41.0,34
2024-11-18,SKU0058,34,0,41.0,34
2024-11-25,SKU0058,15,0,41.0,34
2024-12-02,SKU0058,187,0,41.0,34
2024-12-09,SKU0058,184,107,41.0,34
2024-12-16,SKU0058,183,0,41.0,34
2024-12-23,SKU0058,172,0,41.0,34
2024-12-30,SKU0058,156,31,41.0,34
2025-01-06,SKU0058,150,50,41.0,34
2025-01-13,SKU0058,135,0,41.0,34
2025-01-20,SKU0058,134,0,41.0,34
2025-01-27,SKU0058,119,0,41.0,34
2025-02-03,SKU0058,96,0,41.0,34
2025-02-10,SKU0058,88,11,41.0,34
2025-02-17,SKU0058,75,0,41.0,34
2025-02-24,SKU0058,59,0,41.0,34
2025-03-03,SKU0058,43,59,41.0,34
2025-03-10,SKU0058,39,0,41.0,34
2025-03-17,SKU0058,18,0,41.0,34
2025-03-24,SKU0058,187,0,41.0,34
2025-03-31,SKU0058,184,0,41.0,34
2025-04-07,SKU0058,166,0,41.0,34
2025-04-14,SKU0058,150,0,41.0,34
2025-04-21,SKU0058,148,32,41.0,34
2025-04-28,SKU0058,131,0,41.0,34
2025-05-05,SKU0058,118,0,41.0,34
2025-05-12,SKU0058,100,72,41.0,34
2025-05-19,SKU0058,91,67,41.0,34
2025-05-26,SKU0058,73,57,41.0,34
2025-06-02,SKU0058,61,0,41.0,34
2025-06-09,SKU0058,45,58,41.0,34
2025-06-16,SKU0058,45,0,41.0,34
2025-06-23,SKU0058,39,0,41.0,34
2025-06-30,SKU0058,117,32,41.0,34
2025-07-07,SKU0058,112,5,41.0,34
2025-07-14,SKU0058,108,0,41.0,34
2025-07-21,SKU0058,105,0,41.0,34
2025-07-28,SKU0058,105,0,41.0,34
2025-08-04,SKU0058,81,0,41.0,34
2025-08-11,SKU0058,75,0,41.0,34
2025-08-18,SKU0058,54,0,41.0,34
2025-08-25,SKU0058,33,0,41.0,34
2025-09-01,SKU0058,9,100,41.0,34
2025-09-08,SKU0058,1,112,41.0,34
2025-09-15,SKU0058,0,0,41.0,34
2025-09-22,SKU0058,0,0,41.0,34
2025-09-29,SKU0058,97,0,41.0,34
2024-01-01,SKU0059,53,66,44.0,36
2024-01-08,SKU0059,41,68,44.0,36
2024-01-15,SKU0059,153,0,44.0,36
2024-01-22,SKU0059,148,18,44.0,36
2024-01-29,SKU0059,131,0,44.0,36
2024-02-05,SKU0059,119,0,44.0,36
2024-02-12,SKU0059,100,0,44.0,36
2024-02-19,SKU0059,100,0,44.0,36
2024-02-26,SKU0059,88,114,44.0,36
2024-03-04,SKU0059,79,0,44.0,36
2024-03-11,SKU0059,79,0,44.0,36
2024-03-18,SKU0059,57,92,44.0,36
2024-03-25,SKU0059,39,0,44.0,36
2024-04-01,SKU0059,203,25,44.0,36
2024-04-08,SKU0059,181,99,44.0,36
2024-04-15,SKU0059,174,50,44.0,36
2024-04-22,SKU0059,155,0,44.0,36
2024-04-29,SKU0059,134,0,44.0,36
2024-05-06,SKU0059,113,0,44.0,36
2024-05-13,SKU0059,92,0,44.0,36
2024-05-20,SKU0059,86,113,44.0,36
2024-05-27,SKU0059,83,0,44.0,36
2024-06-03,SKU0059,73,0,44.0,36
2024-06-10,SKU0059,60,0,44.0,36
2024-06-17,SKU0059,49,100,44.0,36
2024-06-24,SKU0059,37,73,44.0,36
2024-07-01,SKU0059,160,0,44.0,36
2024-07-08,SKU0059,151,98,44.0,36
2024-07-15,SKU0059,135,0,44.0,36
2024-07-22,SKU0059,123,0,44.0,36
2024-07-29,SKU0059,103,0,44.0,36
2024-08-05,SKU0059,102,0,44.0,36
2024-08-12,SKU0059,100,97,44.0,36
2024-08-19,SKU0059,80,6,44.0,36
2024-08-26,SKU0059,72,0,44.0,36
2024-09-02,SKU0059,71,0,44.0,36
2024-09-09,SKU0059,49,0,44.0,36
2024-09-16,SKU0059,36,0,44.0,36
2024-09-23,SKU0059,19,0,44.0,36
2024-09-30,SKU0059,122,0,44.0,36
2024-10-07,SKU0059,104,45,44.0,36
2024-10-14,SKU0059,92,0,44.0,36
2024-10-21,SKU0059,79,0,44.0,36
2024-10-28,SKU0059,70,108,44.0,36
2024-11-04,SKU0059,48,0,44.0,36
2024-11-11,SKU0059,24,0,44.0,36
2024-11-18,SKU0059,76,0,44.0,36
2024-11-25,SKU0059,75,2,44.0,36
2024-12-02,SKU0059,58,0,44.0,36
2024-12-09,SKU0059,43,0,44.0,36
2024-12-16,SKU0059,94,97,44.0,36
2024-12-23,SKU0059,93,0,44.0,36
2024-12-30,SKU0059,79,0,44.0,36
2025-01-06,SKU0059,56,0,44.0,36
2025-01-13,SKU0059,38,0,44.0,36
2025-01-20,SKU0059,124,0,44.0,36
2025-01-27,SKU0059,117,0,44.0,36
2025-02-03,SKU0059,109,0,44.0,36
2025-02-10,SKU0059,108,0,44.0,36
2025-02-17,SKU0059,92,0,44.0,36
2025-02-24,SKU0059,72,0,44.0,36
2025-03-03,SKU0059,71,0,44.0,36
2025-03-10,SKU0059,48,0,44.0,36
2025-03-17,SKU0059,43,0,44.0,36
2025-03-24,SKU0059,38,119,44.0,36
2025-03-31,SKU0059,30,0,44.0,36
2025-04-07,SKU0059,27,0,44.0,36
2025-04-14,SKU0059,146,0,44.0,36
2025-04-21,SKU0059,126,27,44.0,36
2025-04-28,SKU0059,106,0,44.0,36
2025-05-05,SKU0059,102,0,44.0,36
2025-05-12,SKU0059,97,0,44.0,36
2025-05-19,SKU0059,97,0,44.0,36
2025-05-26,SKU0059,94,23,44.0,36
2025-06-02,SKU0059,73,0,44.0,36
2025-06-09,SKU0059,67,0,44.0,36
2025-06-16,SKU0059,63,0,44.0,36
2025-06-23,SKU0059,57,65,44.0,36
2025-06-30,SKU0059,49,0,44.0,36
2025-07-07,SKU0059,36,0,44.0,36
2025-07-14,SKU0059,14,0,44.0,36
2025-07-21,SKU0059,184,8,44.0,36
2025-07-28,SKU0059,178,0,44.0,36
2025-08-04,SKU0059,171,0,44.0,36
2025-08-11,SKU0059,163,0,44.0,36
2025-08-18,SKU0059,145,67,44.0,36
2025-08-25,SKU0059,126,0,44.0,36
2025-09-01,SKU0059,102,0,44.0,36
2025-09-08,SKU0059,99,32,44.0,36
2025-09-15,SKU0059,75,0,44.0,36
2025-09-22,SKU0059,59,0,44.0,36
2025-09-29,SKU0059,42,0,44.0,36
2024-01-01,SKU0060,48,0,43.0,29
2024-01-08,SKU0060,127,0,43.0,29
2024-01-15,SKU0060,114,0,43.0,29
2024-01-22,SKU0060,110,36,43.0,29
2024-01-29,SKU0060,94,0,43.0,29
2024-02-05,SKU0060,77,0,43.0,29
2024-02-12,SKU0060,74,34,43.0,29
2024-02-19,SKU0060,64,13,43.0,29
2024-02-26,SKU0060,47,62,43.0,29
2024-03-04,SKU0060,24,0,43.0,29
2024-03-11,SKU0060,10,0,43.0,29
2024-03-18,SKU0060,0,0,43.0,29
2024-03-25,SKU0060,0,0,43.0,29
2024-04-01,SKU0060,82,0,43.0,29
2024-04-08,SKU0060,62,0,43.0,29
2024-04-15,SKU0060,42,0,43.0,29
2024-04-22,SKU0060,154,8,43.0,29
2024-04-29,SKU0060,135,62,43.0,29
2024-05-06,SKU0060,114,0,43.0,29
2024-05-13,SKU0060,102,101,43.0,29
2024-05-20,SKU0060,97,0,43.0,29
2024-05-27,SKU0060,74,0,43.0,29
2024-06-03,SKU0060,50,0,43.0,29
2024-06-10,SKU0060,35,49,43.0,29
2024-06-17,SKU0060,147,0,43.0,29
2024-06-24,SKU0060,123,13,43.0,29
2024-07-01,SKU0060,111,0,43.0,29
2024-07-08,SKU0060,91,0,43.0,29
2024-07-15,SKU0060,86,90,43.0,29
2024-07-22,SKU0060,69,0,43.0,29
2024-07-29,SKU0060,66,15,43.0,29
2024-08-05,SKU0060,48,80,43.0,29
2024-08-12,SKU0060,30,0,43.0,29
2024-08-19,SKU0060,29,0,43.0,29
2024-08-26,SKU0060,138,0,43.0,29
2024-09-02,SKU0060,117,0,43.0,29
2024-09-09,SKU0060,107,0,43.0,29
2024-09-16,SKU0060,91,0,43.0,29
2024-09-23,SKU0060,80,0,43.0,29
2024-09-30,SKU0060,63,0,43.0,29
2024-10-07,SKU0060,59,0,43.0,29
2024-10-14,SKU0060,53,0,43.0,29
2024-10-21,SKU0060,42,0,43.0,29
2024-10-28,SKU0060,31,38,43.0,29
2024-11-04,SKU0060,120,0,43.0,29
2024-11-11,SKU0060,105,0,43.0,29
2024-11-18,SKU0060,94,0,43.0,29
2024-11-25,SKU0060,78,0,43.0,29
2024-12-02,SKU0060,61,0,43.0,29
2024-12-09,SKU0060,51,0,43.0,29
2024-12-16,SKU0060,35,66,43.0,29
2024-12-23,SKU0060,18,0,43.0,29
2024-12-30,SKU0060,163,0,43.0,29
2025-01-06,SKU0060,155,0,43.0,29
2025-01-13,SKU0060,133,0,43.0,29
2025-01-20,SKU0060,116,0,43.0,29
2025-01-27,SKU0060,115,0,43.0,29
2025-02-03,SKU0060,99,0,43.0,29
2025-02-10,SKU0060,95,0,43.0,29
2025-02-17,SKU0060,79,0,43.0,29
2025-02-24,SKU0060,72,89,43.0,29
2025-03-03,SKU0060,72,0,43.0,29
2025-03-10,SKU0060,52,57,43.0,29
2025-03-17,SKU0060,28,0,43.0,29
2025-03-24,SKU0060,8,50,43.0,29
2025-03-31,SKU0060,5,0,43.0,29
2025-04-07,SKU0060,67,0,43.0,29
2025-04-14,SKU0060,67,0,43.0,29
2025-04-21,SKU0060,58,0,43.0,29
2025-04-28,SKU0060,45,42,43.0,29
2025-05-05,SKU0060,136,0,43.0,29
2025-05-12,SKU0060,135,0,43.0,29
2025-05-19,SKU0060,134,0,43.0,29
2025-05-26,SKU0060,120,0,43.0,29
2025-06-02,SKU0060,102,2,43.0,29
2025-06-09,SKU0060,86,0,43.0,29
2025-06-16,SKU0060,85,0,43.0,29
2025-06-23,SKU0060,77,0,43.0,29
2025-06-30,SKU0060,74,107,43.0,29
2025-07-07,SKU0060,51,0,43.0,29
2025-07-14,SKU0060,35,0,43.0,29
2025-07-21,SKU0060,14,111,43.0,29
2025-07-28,SKU0060,85,0,43.0,29
2025-08-04,SKU0060,71,76,43.0,29
2025-08-11,SKU0060,67,53,43.0,29
2025-08-18,SKU0060,60,68,43.0,29
2025-08-25,SKU0060,54,0,43.0,29
2025-09-01,SKU0060,34,42,43.0,29
2025-09-08,SKU0060,125,0,43.0,29
2025-09-15,SKU0060,102,0,43.0,29
2025-09-22,SKU0060,95,0,43.0,29
2025-09-29,SKU0060,73,0,43.0,29
2024-01-01,SKU0061,279,86,25.0,37
2024-01-08,SKU0061,262,0,25.0,37
2024-01-15,SKU0061,244,0,25.0,37
2024-01-22,SKU0061,230,0,25.0,37
2024-01-29,SKU0061,218,0,25.0,37
2024-02-05,SKU0061,196,0,25.0,37
2024-02-12,SKU0061,180,17,25.0,37
2024-02-19,SKU0061,158,0,25.0,37
2024-02-26,SKU0061,139,97,25.0,37
2024-03-04,SKU0061,118,0,25.0,37
2024-03-11,SKU0061,107,0,25.0,37
2024-03-18,SKU0061,88,0,25.0,37
2024-03-25,SKU0061,73,0,25.0,37
2024-04-01,SKU0061,62,0,25.0,37
2024-04-08,SKU0061,53,27,25.0,37
2024-04-15,SKU0061,33,0,25.0,37
2024-04-22,SKU0061,214,0,25.0,37
2024-04-29,SKU0061,198,0,25.0,37
2024-05-06,SKU0061,192,0,25.0,37
2024-05-13,SKU0061,179,0,25.0,37
2024-05-20,SKU0061,172,0,25.0,37
2024-05-27,SKU0061,150,0,25.0,37
2024-06-03,SKU0061,145,63,25.0,37
2024-06-10,SKU0061,139,0,25.0,37
2024-06-17,SKU0061,124,0,25.0,37
2024-06-24,SKU0061,102,0,25.0,37
2024-07-01,SKU0061,100,60,25.0,37
2024-07-08,SKU0061,80,78,25.0,37
2024-07-15,SKU0061,59,0,25.0,37
2024-07-22,SKU0061,52,0,25.0,37
2024-07-29,SKU0061,36,0,25.0,37
2024-08-05,SKU0061,126,40,25.0,37
2024-08-12,SKU0061,124,0,25.0,37
2024-08-19,SKU0061,107,0,25.0,37
2024-08-26,SKU0061,106,0,25.0,37
2024-09-02,SKU0061,105,0,25.0,37
2024-09-09,SKU0061,82,32,25.0,37
2024-09-16,SKU0061,73,19,25.0,37
2024-09-23,SKU0061,68,0,25.0,37
2024-09-30,SKU0061,50,12,25.0,37
2024-10-07,SKU0061,32,0,25.0,37
2024-10-14,SKU0061,92,0,25.0,37
2024-10-21,SKU0061,88,81,25.0,37
2024-10-28,SKU0061,72,0,25.0,37
2024-11-04,SKU0061,66,55,25.0,37
2024-11-11,SKU0061,53,0,25.0,37
2024-11-18,SKU0061,41,0,25.0,37
2024-11-25,SKU0061,39,91,25.0,37
2024-12-02,SKU0061,20,0,25.0,37
2024-12-09,SKU0061,111,17,25.0,37
2024-12-16,SKU0061,98,0,25.0,37
2024-12-23,SKU0061,98,72,25.0,37
2024-12-30,SKU0061,75,0,25.0,37
2025-01-06,SKU0061,65,0,25.0,37
2025-01-13,SKU0061,45,12,25.0,37
2025-01-20,SKU0061,40,92,25.0,37
2025-01-27,SKU0061,38,0,25.0,37
2025-02-03,SKU0061,19,0,25.0,37
2025-02-10,SKU0061,153,0,25.0,37
2025-02-17,SKU0061,133,0,25.0,37
2025-02-24,SKU0061,109,100,25.0,37
2025-03-03,SKU0061,102,0,25.0,37
2025-03-10,SKU0061,102,0,25.0,37
2025-03-17,SKU0061,81,0,25.0,37
2025-03-24,SKU0061,66,0,25.0,37
2025-03-31,SKU0061,42,94,25.0,37
2025-04-07,SKU0061,25,101,25.0,37
2025-04-14,SKU0061,104,0,25.0,37
2025-04-21,SKU0061,86,83,25.0,37
2025-04-28,SKU0061,85,105,25.0,37
2025-05-05,SKU0061,69,0,25.0,37
2025-05-12,SKU0061,64,101,25.0,37
2025-05-19,SKU0061,58,0,25.0,37
2025-05-26,SKU0061,39,36,25.0,37
2025-06-02,SKU0061,27,0,25.0,37
2025-06-09,SKU0061,86,0,25.0,37
2025-06-16,SKU0061,74,0,25.0,37
2025-06-23,SKU0061,74,111,25.0,37
2025-06-30,SKU0061,70,94,25.0,37
2025-07-07,SKU0061,53,0,25.0,37
2025-07-14,SKU0061,53,51,25.0,37
2025-07-21,SKU0061,41,0,25.0,37
2025-07-28,SKU0061,41,0,25.0,37
2025-08-04,SKU0061,175,0,25.0,37
2025-08-11,SKU0061,171,62,25.0,37
2025-08-18,SKU0061,153,0,25.0,37
2025-08-25,SKU0061,149,0,25.0,37
2025-09-01,SKU0061,142,0,25.0,37
2025-09-08,SKU0061,135,0,25.0,37
2025-09-15,SKU0061,112,0,25.0,37
2025-09-22,SKU0061,108,85,25.0,37
2025-09-29,SKU0061,88,93,25.0,37
2024-01-01,SKU0062,159,0,13.0,70
2024-01-08,SKU0062,145,0,13.0,70
2024-01-15,SKU0062,136,0,13.0,70
2024-01-22,SKU0062,114,0,13.0,70
2024-01-29,SKU0062,100,0,13.0,70
2024-02-05,SKU0062,84,0,13.0,70
2024-02-12,SKU0062,72,0,13.0,70
2024-02-19,SKU0062,246,0,13.0,70
2024-02-26,SKU0062,227,0,13.0,70
2024-03-04,SKU0062,207,0,13.0,70
2024-03-11,SKU0062,202,45,13.0,70
2024-03-18,SKU0062,187,0,13.0,70
2024-03-25,SKU0062,179,98,13.0,70
2024-04-01,SKU0062,175,0,13.0,70
2024-04-08,SKU0062,158,0,13.0,70
2024-04-15,SKU0062,138,0,13.0,70
2024-04-22,SKU0062,128,0,13.0,70
2024-04-29,SKU0062,117,0,13.0,70
2024-05-06,SKU0062,99,78,13.0,70
2024-05-13,SKU0062,93,0,13.0,70
2024-05-20,SKU0062,248,0,13.0,70
2024-05-27,SKU0062,242,8,13.0,70
2024-06-03,SKU0062,231,117,13.0,70
2024-06-10,SKU0062,210,0,13.0,70
2024-06-17,SKU0062,195,0,13.0,70
2024-06-24,SKU0062,178,0,13.0,70
2024-07-01,SKU0062,160,0,13.0,70
2024-07-08,SKU0062,139,0,13.0,70
2024-07-15,SKU0062,118,0,13.0,70
2024-07-22,SKU0062,102,0,13.0,70
2024-07-29,SKU0062,99,0,13.0,70
2024-08-05,SKU0062,84,0,13.0,70
2024-08-12,SKU0062,79,0,13.0,70
2024-08-19,SKU0062,216,0,13.0,70
2024-08-26,SKU0062,196,0,13.0,70
2024-09-02,SKU0062,192,45,13.0,70
2024-09-09,SKU0062,172,0,13.0,70
2024-09-16,SKU0062,162,0,13.0,70
2024-09-23,SKU0062,142,0,13.0,70
2024-09-30,SKU0062,132,57,13.0,70
2024-10-07,SKU0062,111,0,13.0,70
2024-10-14,SKU0062,107,88,13.0,70
2024-10-21,SKU0062,96,0,13.0,70
2024-10-28,SKU0062,93,0,13.0,70
2024-11-04,SKU0062,89,0,13.0,70
2024-11-11,SKU0062,81,0,13.0,70
2024-11-18,SKU0062,217,117,13.0,70
2024-11-25,SKU0062,196,0,13.0,70
2024-12-02,SKU0062,192,0,13.0,70
2024-12-09,SKU0062,182,116,13.0,70
2024-12-16,SKU0062,182,85,13.0,70
2024-12-23,SKU0062,179,0,13.0,70
2024-12-30,SKU0062,176,0,13.0,70
2025-01-06,SKU0062,166,0,13.0,70
2025-01-13,SKU0062,155,0,13.0,70
2025-01-20,SKU0062,149,26,13.0,70
2025-01-27,SKU0062,147,0,13.0,70
2025-02-03,SKU0062,129,85,13.0,70
2025-02-10,SKU0062,118,103,13.0,70
2025-02-17,SKU0062,116,0,13.0,70
2025-02-24,SKU0062,113,0,13.0,70
2025-03-03,SKU0062,93,0,13.0,70
2025-03-10,SKU0062,74,97,13.0,70
2025-03-17,SKU0062,50,0,13.0,70
2025-03-24,SKU0062,207,0,13.0,70
2025-03-31,SKU0062,183,13,13.0,70
2025-04-07,SKU0062,173,0,13.0,70
2025-04-14,SKU0062,150,116,13.0,70
2025-04-21,SKU0062,134,0,13.0,70
2025-04-28,SKU0062,116,8,13.0,70
2025-05-05,SKU0062,115,0,13.0,70
2025-05-12,SKU0062,112,105,13.0,70
2025-05-19,SKU0062,112,0,13.0,70
2025-05-26,SKU0062,112,0,13.0,70
2025-06-02,SKU0062,107,0,13.0,70
2025-06-09,SKU0062,83,0,13.0,70
2025-06-16,SKU0062,74,0,13.0,70
2025-06-23,SKU0062,66,0,13.0,70
2025-06-30,SKU0062,65,0,13.0,70
2025-07-07,SKU0062,231,0,13.0,70
2025-07-14,SKU0062,219,0,13.0,70
2025-07-21,SKU0062,215,0,13.0,70
2025-07-28,SKU0062,213,0,13.0,70
2025-08-04,SKU0062,192,0,13.0,70
2025-08-11,SKU0062,179,0,13.0,70
2025-08-18,SKU0062,155,54,13.0,70
2025-08-25,SKU0062,143,0,13.0,70
2025-09-01,SKU0062,138,0,13.0,70
2025-09-08,SKU0062,122,0,13.0,70
2025-09-15,SKU0062,122,98,13.0,70
2025-09-22,SKU0062,108,0,13.0,70
2025-09-29,SKU0062,99,0,13.0,70
2024-01-01,SKU0063,227,0,44.0,26
2024-01-08,SKU0063,210,0,44.0,26
2024-01-15,SKU0063,200,88,44.0,26
2024-01-22,SKU0063,180,0,44.0,26
2024-01-29,SKU0063,165,0,44.0,26
2024-02-05,SKU0063,163,71,44.0,26
2024-02-12,SKU0063,163,0,44.0,26
2024-02-19,SKU0063,153,1,44.0,26
2024-02-26,SKU0063,137,0,44.0,26
2024-03-04,SKU0063,115,0,44.0,26
2024-03-11,SKU0063,113,25,44.0,26
2024-03-18,SKU0063,91,42,44.0,26
2024-03-25,SKU0063,78,56,44.0,26
2024-04-01,SKU0063,54,114,44.0,26
2024-04-08,SKU0063,44,0,44.0,26
2024-04-15,SKU0063,125,0,44.0,26
2024-04-22,SKU0063,102,29,44.0,26
2024-04-29,SKU0063,99,0,44.0,26
2024-05-06,SKU0063,84,0,44.0,26
2024-05-13,SKU0063,66,0,44.0,26
2024-05-20,SKU0063,64,0,44.0,26
2024-05-27,SKU0063,52,0,44.0,26
2024-06-03,SKU0063,46,113,44.0,26
2024-06-10,SKU0063,40,0,44.0,26
2024-06-17,SKU0063,96,58,44.0,26
2024-06-24,SKU0063,78,89,44.0,26
2024-07-01,SKU0063,76,0,44.0,26
2024-07-08,SKU0063,70,3,44.0,26
2024-07-15,SKU0063,68,0,44.0,26
2024-07-22,SKU0063,65,0,44.0,26
2024-07-29,SKU0063,54,0,44.0,26
2024-08-05,SKU0063,49,0,44.0,26
2024-08-12,SKU0063,33,0,44.0,26
2024-08-19,SKU0063,11,0,44.0,26
2024-08-26,SKU0063,140,75,44.0,26
2024-09-02,SKU0063,122,113,44.0,26
2024-09-09,SKU0063,103,7,44.0,26
2024-09-16,SKU0063,102,0,44.0,26
2024-09-23,SKU0063,89,0,44.0,26
2024-09-30,SKU0063,68,81,44.0,26
2024-10-07,SKU0063,57,7,44.0,26
2024-10-14,SKU0063,45,0,44.0,26
2024-10-21,SKU0063,40,0,44.0,26
2024-10-28,SKU0063,24,0,44.0,26
2024-11-04,SKU0063,80,0,44.0,26
2024-11-11,SKU0063,80,0,44.0,26
2024-11-18,SKU0063,66,0,44.0,26
2024-11-25,SKU0063,64,0,44.0,26
2024-12-02,SKU0063,58,0,44.0,26
2024-12-09,SKU0063,56,0,44.0,26
2024-12-16,SKU0063,38,0,44.0,26
2024-12-23,SKU0063,37,0,44.0,26
2024-12-30,SKU0063,164,0,44.0,26
2025-01-06,SKU0063,161,0,44.0,26
2025-01-13,SKU0063,141,0,44.0,26
2025-01-20,SKU0063,121,0,44.0,26
2025-01-27,SKU0063,116,0,44.0,26
2025-02-03,SKU0063,109,0,44.0,26
2025-02-10,SKU0063,109,0,44.0,26
2025-02-17,SKU0063,103,0,44.0,26
2025-02-24,SKU0063,97,0,44.0,26
2025-03-03,SKU0063,83,0,44.0,26
2025-03-10,SKU0063,77,0,44.0,26
2025-03-17,SKU0063,53,0,44.0,26
2025-03-24,SKU0063,29,0,44.0,26
2025-03-31,SKU0063,94,0,44.0,26
2025-04-07,SKU0063,88,83,44.0,26
2025-04-14,SKU0063,86,0,44.0,26
2025-04-21,SKU0063,85,0,44.0,26
2025-04-28,SKU0063,77,7,44.0,26
2025-05-05,SKU0063,61,83,44.0,26
2025-05-12,SKU0063,40,0,44.0,26
2025-05-19,SKU0063,26,0,44.0,26
2025-05-26,SKU0063,25,0,44.0,26
2025-06-02,SKU0063,148,40,44.0,26
2025-06-09,SKU0063,148,0,44.0,26
2025-06-16,SKU0063,137,0,44.0,26
2025-06-23,SKU0063,116,0,44.0,26
2025-06-30,SKU0063,103,52,44.0,26
2025-07-07,SKU0063,90,0,44.0,26
2025-07-14,SKU0063,85,0,44.0,26
2025-07-21,SKU0063,64,0,44.0,26
2025-07-28,SKU0063,54,98,44.0,26
2025-08-04,SKU0063,46,0,44.0,26
2025-08-11,SKU0063,40,0,44.0,26
2025-08-18,SKU0063,27,0,44.0,26
2025-08-25,SKU0063,19,0,44.0,26
2025-09-01,SKU0063,0,0,44.0,26
2025-09-08,SKU0063,0,0,44.0,26
2025-09-15,SKU0063,0,0,44.0,26
2025-09-22,SKU0063,0,28,44.0,26
2025-09-29,SKU0063,0,0,44.0,26
2024-01-01,SKU0064,241,62,15.0,59
2024-01-08,SKU0064,224,0,15.0,59
2024-01-15,SKU0064,219,0,15.0,59
2024-01-22,SKU0064,215,10,15.0,59
2024-01-29,SKU0064,192,27,15.0,59
2024-02-05,SKU0064,181,0,15.0,59
2024-02-12,SKU0064,180,0,15.0,59
2024-02-19,SKU0064,157,0,15.0,59
2024-02-26,SKU0064,140,0,15.0,59
2024-03-04,SKU0064,137,0,15.0,59
2024-03-11,SKU0064,126,0,15.0,59
2024-03-18,SKU0064,103,3,15.0,59
2024-03-25,SKU0064,95,0,15.0,59
2024-04-01,SKU0064,79,0,15.0,59
2024-04-08,SKU0064,62,22,15.0,59
2024-04-15,SKU0064,241,0,15.0,59
2024-04-22,SKU0064,218,20,15.0,59
2024-04-29,SKU0064,215,0,15.0,59
2024-05-06,SKU0064,195,0,15.0,59
2024-05-13,SKU0064,189,0,15.0,59
2024-05-20,SKU0064,165,78,15.0,59
2024-05-27,SKU0064,152,61,15.0,59
2024-06-03,SKU0064,131,0,15.0,59
2024-06-10,SKU0064,119,112,15.0,59
2024-06-17,SKU0064,102,0,15.0,59
2024-06-24,SKU0064,81,0,15.0,59
2024-07-01,SKU0064,64,61,15.0,59
2024-07-08,SKU0064,41,4,15.0,59
2024-07-15,SKU0064,24,0,15.0,59
2024-07-22,SKU0064,20,0,15.0,59
2024-07-29,SKU0064,110,99,15.0,59
2024-08-05,SKU0064,100,0,15.0,59
2024-08-12,SKU0064,92,0,15.0,59
2024-08-19,SKU0064,78,0,15.0,59
2024-08-26,SKU0064,67,0,15.0,59
2024-09-02,SKU0064,54,0,15.0,59
2024-09-09,SKU0064,31,0,15.0,59
2024-09-16,SKU0064,22,0,15.0,59
2024-09-23,SKU0064,16,0,15.0,59
2024-09-30,SKU0064,193,84,15.0,59
2024-10-07,SKU0064,189,73,15.0,59
2024-10-14,SKU0064,167,104,15.0,59
2024-10-21,SKU0064,166,62,15.0,59
2024-10-28,SKU0064,143,1,15.0,59
2024-11-04,SKU0064,136,0,15.0,59
2024-11-11,SKU0064,116,14,15.0,59
2024-11-18,SKU0064,103,0,15.0,59
2024-11-25,SKU0064,79,0,15.0,59
2024-12-02,SKU0064,216,0,15.0,59
2024-12-09,SKU0064,206,108,15.0,59
2024-12-16,SKU0064,188,65,15.0,59
2024-12-23,SKU0064,176,0,15.0,59
2024-12-30,SKU0064,157,0,15.0,59
2025-01-06,SKU0064,147,77,15.0,59
2025-01-13,SKU0064,130,100,15.0,59
2025-01-20,SKU0064,117,42,15.0,59
2025-01-27,SKU0064,99,0,15.0,59
2025-02-03,SKU0064,84,0,15.0,59
2025-02-10,SKU0064,67,0,15.0,59
2025-02-17,SKU0064,64,15,15.0,59
2025-02-24,SKU0064,63,64,15.0,59
2025-03-03,SKU0064,162,53,15.0,59
2025-03-10,SKU0064,158,0,15.0,59
2025-03-17,SKU0064,158,16,15.0,59
2025-03-24,SKU0064,139,0,15.0,59
2025-03-31,SKU0064,120,0,15.0,59
2025-04-07,SKU0064,99,66,15.0,59
2025-04-14,SKU0064,81,0,15.0,59
2025-04-21,SKU0064,79,0,15.0,59
2025-04-28,SKU0064,65,0,15.0,59
2025-05-05,SKU0064,50,0,15.0,59
2025-05-12,SKU0064,205,0,15.0,59
2025-05-19,SKU0064,182,21,15.0,59
2025-05-26,SKU0064,166,0,15.0,59
2025-06-02,SKU0064,153,0,15.0,59
2025-06-09,SKU0064,136,0,15.0,59
2025-06-16,SKU0064,116,0,15.0,59
2025-06-23,SKU0064,97,0,,59
2025-06-30,SKU0064,97,0,15.0,59
2025-07-07,SKU0064,92,0,15.0,59
2025-07-14,SKU0064,73,0,15.0,59
2025-07-21,SKU0064,64,0,15.0,59
2025-07-28,SKU0064,62,0,15.0,59
2025-08-04,SKU0064,212,0,15.0,59
2025-08-11,SKU0064,190,0,15.0,59
2025-08-18,SKU0064,179,117,15.0,59
2025-08-25,SKU0064,156,0,15.0,59
2025-09-01,SKU0064,132,0,15.0,59
2025-09-08,SKU0064,116,0,15.0,59
2025-09-15,SKU0064,104,17,15.0,59
2025-09-22,SKU0064,96,0,15.0,59
2025-09-29,SKU0064,94,0,15.0,59
2024-01-01,SKU0065,162,37,36.0,68
2024-01-08,SKU0065,156,0,36.0,68
2024-01-15,SKU0065,141,0,36.0,68
2024-01-22,SKU0065,136,0,36.0,68
2024-01-29,SKU0065,134,0,36.0,68
2024-02-05,SKU0065,110,0,36.0,68
2024-02-12,SKU0065,107,0,36.0,68
2024-02-19,SKU0065,83,0,36.0,68
2024-02-26,SKU0065,78,51,36.0,68
2024-03-04,SKU0065,68,0,36.0,68
2024-03-11,SKU0065,57,0,36.0,68
2024-03-18,SKU0065,39,100,36.0,68
2024-03-25,SKU0065,34,93,36.0,68
2024-04-01,SKU0065,18,0,36.0,68
2024-04-08,SKU0065,0,0,36.0,68
2024-04-15,SKU0065,160,0,36.0,68
2024-04-22,SKU0065,139,0,36.0,68
2024-04-29,SKU0065,138,17,36.0,68
2024-05-06,SKU0065,133,98,36.0,68
2024-05-13,SKU0065,124,0,36.0,68
2024-05-20,SKU0065,122,113,36.0,68
2024-05-27,SKU0065,116,0,36.0,68
2024-06-03,SKU0065,94,111,36.0,68
2024-06-10,SKU0065,83,0,36.0,68
2024-06-17,SKU0065,71,0,36.0,68
2024-06-24,SKU0065,180,49,36.0,68
2024-07-01,SKU0065,170,0,36.0,68
2024-07-08,SKU0065,154,0,36.0,68
2024-07-15,SKU0065,153,0,36.0,68
2024-07-22,SKU0065,151,0,36.0,68
2024-07-29,SKU0065,149,117,36.0,68
2024-08-05,SKU0065,129,0,36.0,68
2024-08-12,SKU0065,119,0,36.0,68
2024-08-19,SKU0065,109,0,36.0,68
2024-08-26,SKU0065,102,0,36.0,68
2024-09-02,SKU0065,92,0,36.0,68
2024-09-09,SKU0065,75,0,36.0,68
2024-09-16,SKU0065,237,0,36.0,68
2024-09-23,SKU0065,223,0,36.0,68
2024-09-30,SKU0065,218,0,36.0,68
2024-10-07,SKU0065,214,12,36.0,68
2024-10-14,SKU0065,212,39,36.0,68
2024-10-21,SKU0065,189,0,36.0,68
2024-10-28,SKU0065,186,0,36.0,68
2024-11-04,SKU0065,173,97,36.0,68
2024-11-11,SKU0065,165,0,36.0,68
2024-11-18,SKU0065,153,0,36.0,68
2024-11-25,SKU0065,144,0,36.0,68
2024-12-02,SKU0065,125,62,36.0,68
2024-12-09,SKU0065,118,0,36.0,68
2024-12-16,SKU0065,102,0,36.0,68
2024-12-23,SKU0065,97,0,36.0,68
2024-12-30,SKU0065,76,15,36.0,68
2025-01-06,SKU0065,217,0,36.0,68
2025-01-13,SKU0065,211,0,36.0,68
2025-01-20,SKU0065,210,0,36.0,68
2025-01-27,SKU0065,200,7,36.0,68
2025-02-03,SKU0065,182,0,36.0,68
2025-02-10,SKU0065,170,0,36.0,68
2025-02-17,SKU0065,155,88,36.0,68
2025-02-24,SKU0065,139,0,36.0,68
2025-03-03,SKU0065,121,13,36.0,68
2025-03-10,SKU0065,100,0,36.0,68
2025-03-17,SKU0065,79,0,36.0,68
2025-03-24,SKU0065,66,0,36.0,68
2025-03-31,SKU0065,61,0,36.0,68
2025-04-07,SKU0065,51,0,36.0,68
2025-04-14,SKU0065,35,0,36.0,68
2025-04-21,SKU0065,167,0,36.0,68
2025-04-28,SKU0065,166,0,36.0,68
2025-05-05,SKU0065,149,0,36.0,68
2025-05-12,SKU0065,149,0,36.0,68
2025-05-19,SKU0065,134,0,36.0,68
2025-05-26,SKU0065,112,84,36.0,68
2025-06-02,SKU0065,109,85,36.0,68
2025-06-09,SKU0065,100,113,36.0,68
2025-06-16,SKU0065,83,0,36.0,68
2025-06-23,SKU0065,73,19,36.0,68
2025-06-30,SKU0065,52,0,36.0,68
2025-07-07,SKU0065,123,0,36.0,68
2025-07-14,SKU0065,104,0,36.0,68
2025-07-21,SKU0065,89,15,36.0,68
2025-07-28,SKU0065,80,100,36.0,68
2025-08-04,SKU0065,68,0,36.0,68
2025-08-11,SKU0065,55,0,36.0,68
2025-08-18,SKU0065,122,0,36.0,68
2025-08-25,SKU0065,104,0,36.0,68
2025-09-01,SKU0065,98,0,36.0,68
2025-09-08,SKU0065,98,0,36.0,68
2025-09-15,SKU0065,86,73,36.0,68
2025-09-22,SKU0065,70,0,36.0,68
2025-09-29,SKU0065,69,97,36.0,68
2024-01-01,SKU0066,109,0,40.0,26
2024-01-08,SKU0066,99,0,40.0,26
2024-01-15,SKU0066,80,0,40.0,26
2024-01-22,SKU0066,73,0,40.0,26
2024-01-29,SKU0066,61,0,40.0,26
2024-02-05,SKU0066,46,0,40.0,26
2024-02-12,SKU0066,45,0,40.0,26
2024-02-19,SKU0066,35,0,40.0,26
2024-02-26,SKU0066,14,0,40.0,26
2024-03-04,SKU0066,7,78,40.0,26
2024-03-11,SKU0066,0,0,40.0,26
2024-03-18,SKU0066,0,0,40.0,26
2024-03-25,SKU0066,0,0,40.0,26
2024-04-01,SKU0066,166,0,40.0,26
2024-04-08,SKU0066,158,0,40.0,26
2024-04-15,SKU0066,146,89,40.0,26
2024-04-22,SKU0066,128,73,40.0,26
2024-04-29,SKU0066,128,0,40.0,26
2024-05-06,SKU0066,104,116,40.0,26
2024-05-13,SKU0066,98,0,40.0,26
2024-05-20,SKU0066,91,0,40.0,26
2024-05-27,SKU0066,70,0,40.0,26
2024-06-03,SKU0066,56,0,40.0,26
2024-06-10,SKU0066,40,14,40.0,26
2024-06-17,SKU0066,24,0,40.0,26
2024-06-24,SKU0066,190,114,40.0,26
2024-07-01,SKU0066,181,0,40.0,26
2024-07-08,SKU0066,169,0,40.0,26
2024-07-15,SKU0066,158,0,40.0,26
2024-07-22,SKU0066,135,71,40.0,26
2024-07-29,SKU0066,123,0,40.0,26
2024-08-05,SKU0066,120,15,40.0,26
2024-08-12,SKU0066,105,0,40.0,26
2024-08-19,SKU0066,100,0,40.0,26
2024-08-26,SKU0066,89,16,40.0,26
2024-09-02,SKU0066,89,19,40.0,26
2024-09-09,SKU0066,70,0,40.0,26
2024-09-16,SKU0066,50,0,40.0,26
2024-09-23,SKU0066,45,0,40.0,26
2024-09-30,SKU0066,22,0,40.0,26
2024-10-07,SKU0066,191,0,40.0,26
2024-10-14,SKU0066,179,0,40.0,26
2024-10-21,SKU0066,158,0,40.0,26
2024-10-28,SKU0066,137,0,40.0,26
2024-11-04,SKU0066,114,0,40.0,26
2024-11-11,SKU0066,103,0,40.0,26
2024-11-18,SKU0066,95,85,40.0,26
2024-11-25,SKU0066,90,0,40.0,26
2024-12-02,SKU0066,81,0,40.0,26
2024-12-09,SKU0066,80,0,40.0,26
2024-12-16,SKU0066,80,0,40.0,26
2024-12-23,SKU0066,71,0,40.0,26
2024-12-30,SKU0066,56,0,40.0,26
2025-01-06,SKU0066,45,0,40.0,26
2025-01-13,SKU0066,44,0,40.0,26
2025-01-20,SKU0066,43,0,40.0,26
2025-01-27,SKU0066,38,0,40.0,26
2025-02-03,SKU0066,32,0,40.0,26
2025-02-10,SKU0066,202,0,40.0,26
2025-02-17,SKU0066,199,0,40.0,26
2025-02-24,SKU0066,186,0,40.0,26
2025-03-03,SKU0066,162,109,40.0,26
2025-03-10,SKU0066,153,0,40.0,26
2025-03-17,SKU0066,142,0,40.0,26
2025-03-24,SKU0066,138,0,40.0,26
2025-03-31,SKU0066,120,0,40.0,26
2025-04-07,SKU0066,116,88,40.0,26
2025-04-14,SKU0066,100,0,40.0,26
2025-04-21,SKU0066,78,26,40.0,26
2025-04-28,SKU0066,70,23,40.0,26
2025-05-05,SKU0066,65,0,40.0,26
2025-05-12,SKU0066,55,0,40.0,26
2025-05-19,SKU0066,44,1,40.0,26
2025-05-26,SKU0066,33,0,40.0,26
2025-06-02,SKU0066,19,0,40.0,26
2025-06-09,SKU0066,10,0,40.0,26
2025-06-16,SKU0066,81,0,40.0,26
2025-06-23,SKU0066,75,0,40.0,26
2025-06-30,SKU0066,57,0,40.0,26
2025-07-07,SKU0066,56,0,40.0,26
2025-07-14,SKU0066,45,85,40.0,26
2025-07-21,SKU0066,45,0,40.0,26
2025-07-28,SKU0066,43,0,40.0,26
2025-08-04,SKU0066,43,0,40.0,26
2025-08-11,SKU0066,32,0,40.0,26
2025-08-18,SKU0066,170,2,40.0,26
2025-08-25,SKU0066,147,0,40.0,26
2025-09-01,SKU0066,132,79,40.0,26
2025-09-08,SKU0066,126,0,40.0,26
2025-09-15,SKU0066,123,0,40.0,26
2025-09-22,SKU0066,113,0,40.0,26
2025-09-29,SKU0066,106,0,40.0,26
2024-01-01,SKU0067,115,52,20.0,57
2024-01-08,SKU0067,97,0,20.0,57
2024-01-15,SKU0067,80,8,20.0,57
2024-01-22,SKU0067,80,0,20.0,57
2024-01-29,SKU0067,69,0,20.0,57
2024-02-05,SKU0067,66,0,20.0,57
2024-02-12,SKU0067,66,114,20.0,57
2024-02-19,SKU0067,178,0,20.0,57
2024-02-26,SKU0067,165,0,20.0,57
2024-03-04,SKU0067,143,0,20.0,57
2024-03-11,SKU0067,124,0,20.0,57
2024-03-18,SKU0067,104,118,20.0,57
2024-03-25,SKU0067,93,115,20.0,57
2024-04-01,SKU0067,69,80,20.0,57
2024-04-08,SKU0067,61,0,20.0,57
2024-04-15,SKU0067,58,0,20.0,57
2024-04-22,SKU0067,49,0,20.0,57
2024-04-29,SKU0067,137,0,20.0,57
2024-05-06,SKU0067,118,0,20.0,57
2024-05-13,SKU0067,108,0,20.0,57
2024-05-20,SKU0067,102,0,20.0,57
2024-05-27,SKU0067,86,0,20.0,57
2024-06-03,SKU0067,83,0,20.0,57
2024-06-10,SKU0067,60,0,20.0,57
2024-06-17,SKU0067,198,0,20.0,57
2024-06-24,SKU0067,174,73,20.0,57
2024-07-01,SKU0067,157,0,20.0,57
2024-07-08,SKU0067,138,0,20.0,57
2024-07-15,SKU0067,122,0,20.0,57
2024-07-22,SKU0067,120,0,20.0,57
2024-07-29,SKU0067,119,7,20.0,57
2024-08-05,SKU0067,95,0,20.0,57
2024-08-12,SKU0067,93,29,20.0,57
2024-08-19,SKU0067,79,0,20.0,57
2024-08-26,SKU0067,58,0,20.0,57
2024-09-02,SKU0067,163,78,20.0,57
2024-09-09,SKU0067,152,0,20.0,57
2024-09-16,SKU0067,141,0,20.0,57
2024-09-23,SKU0067,117,0,20.0,57
2024-09-30,SKU0067,107,0,20.0,57
2024-10-07,SKU0067,98,64,20.0,57
2024-10-14,SKU0067,88,0,20.0,57
2024-10-21,SKU0067,66,59,20.0,57
2024-10-28,SKU0067,60,115,20.0,57
2024-11-04,SKU0067,146,0,20.0,57
2024-11-11,SKU0067,124,0,20.0,57
2024-11-18,SKU0067,108,0,20.0,57
2024-11-25,SKU0067,101,85,20.0,57
2024-12-02,SKU0067,87,0,20.0,57
2024-12-09,SKU0067,65,0,20.0,57
2024-12-16,SKU0067,57,0,20.0,57
2024-12-23,SKU0067,57,0,20.0,57
2024-12-30,SKU0067,55,0,20.0,57
2025-01-06,SKU0067,157,0,20.0,57
2025-01-13,SKU0067,139,0,20.0,57
2025-01-20,SKU0067,133,0,20.0,57
2025-01-27,SKU0067,122,0,20.0,57
2025-02-03,SKU0067,119,32,20.0,57
2025-02-10,SKU0067,118,113,20.0,57
2025-02-17,SKU0067,97,42,20.0,57
2025-02-24,SKU0067,74,0,20.0,57
2025-03-03,SKU0067,128,87,20.0,57
2025-03-10,SKU0067,125,0,20.0,57
2025-03-17,SKU0067,108,0,20.0,57
2025-03-24,SKU0067,85,0,20.0,57
2025-03-31,SKU0067,84,0,20.0,57
2025-04-07,SKU0067,61,0,20.0,57
2025-04-14,SKU0067,52,74,20.0,57
2025-04-21,SKU0067,29,0,20.0,57
2025-04-28,SKU0067,144,0,20.0,57
2025-05-05,SKU0067,134,100,20.0,57
2025-05-12,SKU0067,128,55,20.0,57
2025-05-19,SKU0067,125,9,20.0,57
2025-05-26,SKU0067,114,0,20.0,57
2025-06-02,SKU0067,96,33,20.0,57
2025-06-09,SKU0067,85,0,20.0,57
2025-06-16,SKU0067,70,0,20.0,57
2025-06-23,SKU0067,64,0,20.0,57
2025-06-30,SKU0067,53,0,20.0,57
2025-07-07,SKU0067,108,0,20.0,57
2025-07-14,SKU0067,108,56,20.0,57
2025-07-21,SKU0067,87,32,20.0,57
2025-07-28,SKU0067,85,33,20.0,57
2025-08-04,SKU0067,81,0,20.0,57
2025-08-11,SKU0067,81,74,20.0,57
2025-08-18,SKU0067,63,0,20.0,57
2025-08-25,SKU0067,45,0,20.0,57
2025-09-01,SKU0067,151,0,20.0,57
2025-09-08,SKU0067,131,119,20.0,57
2025-09-15,SKU0067,126,0,20.0,57
2025-09-22,SKU0067,120,62,20.0,57
2025-09-29,SKU0067,117,50,20.0,57
2024-01-01,SKU0068,51,0,41.0,53
2024-01-08,SKU0068,90,0,41.0,53
2024-01-15,SKU0068,72,66,41.0,53
2024-01-22,SKU0068,60,0,41.0,53
2024-01-29,SKU0068,43,0,41.0,53
2024-02-05,SKU0068,140,10,41.0,53
2024-02-12,SKU0068,117,0,41.0,53
2024-02-19,SKU0068,97,0,41.0,53
2024-02-26,SKU0068,74,0,41.0,53
2024-03-04,SKU0068,59,104,41.0,53
2024-03-11,SKU0068,58,0,41.0,53
2024-03-18,SKU0068,56,0,41.0,53
2024-03-25,SKU0068,189,0,41.0,53
2024-04-01,SKU0068,186,0,41.0,53
2024-04-08,SKU0068,181,0,41.0,53
2024-04-15,SKU0068,159,84,41.0,53
2024-04-22,SKU0068,142,0,41.0,53
2024-04-29,SKU0068,123,47,41.0,53
2024-05-06,SKU0068,101,0,41.0,53
2024-05-13,SKU0068,81,0,41.0,53
2024-05-20,SKU0068,66,0,41.0,53
2024-05-27,SKU0068,142,99,41.0,53
2024-06-03,SKU0068,139,0,41.0,53
2024-06-10,SKU0068,124,0,41.0,53
2024-06-17,SKU0068,106,0,41.0,53
2024-06-24,SKU0068,103,78,41.0,53
2024-07-01,SKU0068,94,0,41.0,53
2024-07-08,SKU0068,78,12,41.0,53
2024-07-15,SKU0068,72,56,41.0,53
2024-07-22,SKU0068,64,0,41.0,53
2024-07-29,SKU0068,53,9,41.0,53
2024-08-05,SKU0068,144,0,41.0,53
2024-08-12,SKU0068,134,0,41.0,53
2024-08-19,SKU0068,113,0,41.0,53
2024-08-26,SKU0068,109,94,41.0,53
2024-09-02,SKU0068,105,0,41.0,53
2024-09-09,SKU0068,96,0,41.0,53
2024-09-16,SKU0068,92,0,41.0,53
2024-09-23,SKU0068,90,48,41.0,53
2024-09-30,SKU0068,70,0,41.0,53
2024-10-07,SKU0068,57,0,41.0,53
2024-10-14,SKU0068,36,10,41.0,53
2024-10-21,SKU0068,13,46,41.0,53
2024-10-28,SKU0068,5,0,41.0,53
2024-11-04,SKU0068,1,0,41.0,53
2024-11-11,SKU0068,0,0,41.0,53
2024-11-18,SKU0068,0,0,41.0,53
2024-11-25,SKU0068,147,92,41.0,53
2024-12-02,SKU0068,128,0,41.0,53
2024-12-09,SKU0068,125,0,41.0,53
2024-12-16,SKU0068,117,0,41.0,53
2024-12-23,SKU0068,100,0,41.0,53
2024-12-30,SKU0068,100,0,41.0,53
2025-01-06,SKU0068,95,0,41.0,53
2025-01-13,SKU0068,75,0,41.0,53
2025-01-20,SKU0068,53,0,41.0,53
2025-01-27,SKU0068,37,92,41.0,53
2025-02-03,SKU0068,34,0,41.0,53
2025-02-10,SKU0068,18,0,41.0,53
2025-02-17,SKU0068,88,12,41.0,53
2025-02-24,SKU0068,64,34,41.0,53
2025-03-03,SKU0068,63,30,41.0,53
2025-03-10,SKU0068,58,10,41.0,53
2025-03-17,SKU0068,48,36,41.0,53
2025-03-24,SKU0068,44,0,41.0,53
2025-03-31,SKU0068,97,0,41.0,53
2025-04-07,SKU0068,91,0,41.0,53
2025-04-14,SKU0068,79,0,41.0,53
2025-04-21,SKU0068,61,0,41.0,53
2025-04-28,SKU0068,54,0,41.0,53
2025-05-05,SKU0068,33,0,41.0,53
2025-05-12,SKU0068,14,0,41.0,53
2025-05-19,SKU0068,5,0,41.0,53
2025-05-26,SKU0068,0,0,41.0,53
2025-06-02,SKU0068,69,115,41.0,53
2025-06-09,SKU0068,68,0,41.0,53
2025-06-16,SKU0068,155,51,41.0,53
2025-06-23,SKU0068,150,0,41.0,53
2025-06-30,SKU0068,130,60,41.0,53
2025-07-07,SKU0068,127,7,41.0,53
2025-07-14,SKU0068,118,0,41.0,53
2025-07-21,SKU0068,105,0,41.0,53
2025-07-28,SKU0068,104,0,41.0,53
2025-08-04,SKU0068,101,0,41.0,53
2025-08-11,SKU0068,86,0,41.0,53
2025-08-18,SKU0068,82,0,41.0,53
2025-08-25,SKU0068,77,0,41.0,53
2025-09-01,SKU0068,71,0,41.0,53
2025-09-08,SKU0068,67,0,41.0,53
2025-09-15,SKU0068,61,0,41.0,53
2025-09-22,SKU0068,61,85,41.0,53
2025-09-29,SKU0068,133,0,41.0,53
2024-01-01,SKU0069,227,86,27.0,41
2024-01-08,SKU0069,214,0,27.0,41
2024-01-15,SKU0069,202,57,27.0,41
2024-01-22,SKU0069,186,23,27.0,41
2024-01-29,SKU0069,171,0,27.0,41
2024-02-05,SKU0069,156,46,27.0,41
2024-02-12,SKU0069,138,0,27.0,41
2024-02-19,SKU0069,122,22,27.0,41
2024-02-26,SKU0069,98,0,27.0,41
2024-03-04,SKU0069,75,0,27.0,41
2024-03-11,SKU0069,56,0,27.0,41
2024-03-18,SKU0069,45,41,27.0,41
2024-03-25,SKU0069,29,0,27.0,41
2024-04-01,SKU0069,158,0,27.0,41
2024-04-08,SKU0069,146,0,27.0,41
2024-04-15,SKU0069,143,107,27.0,41
2024-04-22,SKU0069,141,0,27.0,41
2024-04-29,SKU0069,141,73,27.0,41
2024-05-06,SKU0069,117,0,27.0,41
2024-05-13,SKU0069,99,24,27.0,41
2024-05-20,SKU0069,76,101,27.0,41
2024-05-27,SKU0069,69,0,27.0,41
2024-06-03,SKU0069,52,0,27.0,41
2024-06-10,SKU0069,34,0,27.0,41
2024-06-17,SKU0069,17,0,27.0,41
2024-06-24,SKU0069,6,0,27.0,41
2024-07-01,SKU0069,0,104,27.0,41
2024-07-08,SKU0069,0,0,27.0,41
2024-07-15,SKU0069,103,99,27.0,41
2024-07-22,SKU0069,85,0,27.0,41
2024-07-29,SKU0069,79,0,27.0,41
2024-08-05,SKU0069,72,0,27.0,41
2024-08-12,SKU0069,55,0,27.0,41
2024-08-19,SKU0069,47,0,27.0,41
2024-08-26,SKU0069,44,69,27.0,41
2024-09-02,SKU0069,136,0,27.0,41
2024-09-09,SKU0069,123,0,27.0,41
2024-09-16,SKU0069,114,91,27.0,41
2024-09-23,SKU0069,93,0,27.0,41
2024-09-30,SKU0069,79,0,27.0,41
2024-10-07,SKU0069,61,0,27.0,41
2024-10-14,SKU0069,48,105,27.0,41
2024-10-21,SKU0069,43,0,27.0,41
2024-10-28,SKU0069,30,5,27.0,41
2024-11-04,SKU0069,170,0,27.0,41
2024-11-11,SKU0069,155,0,27.0,41
2024-11-18,SKU0069,147,0,27.0,41
2024-11-25,SKU0069,129,0,27.0,41
2024-12-02,SKU0069,124,40,27.0,41
2024-12-09,SKU0069,124,0,27.0,41
2024-12-16,SKU0069,102,46,27.0,41
2024-12-23,SKU0069,88,45,27.0,41
2024-12-30,SKU0069,88,0,27.0,41
2025-01-06,SKU0069,65,47,27.0,41
2025-01-13,SKU0069,48,0,27.0,41
2025-01-20,SKU0069,32,0,27.0,41
2025-01-27,SKU0069,23,6,27.0,41
2025-02-03,SKU0069,118,73,27.0,41
2025-02-10,SKU0069,104,81,27.0,41
2025-02-17,SKU0069,93,0,27.0,41
2025-02-24,SKU0069,84,0,27.0,41
2025-03-03,SKU0069,63,29,27.0,41
2025-03-10,SKU0069,49,19,27.0,41
2025-03-17,SKU0069,48,0,27.0,41
2025-03-24,SKU0069,48,8,27.0,41
2025-03-31,SKU0069,33,0,27.0,41
2025-04-07,SKU0069,17,0,27.0,41
2025-04-14,SKU0069,135,0,27.0,41
2025-04-21,SKU0069,131,61,27.0,41
2025-04-28,SKU0069,131,0,27.0,41
2025-05-05,SKU0069,110,0,27.0,41
2025-05-12,SKU0069,107,93,27.0,41
2025-05-19,SKU0069,93,19,27.0,41
2025-05-26,SKU0069,85,26,27.0,41
2025-06-02,SKU0069,84,0,27.0,41
2025-06-09,SKU0069,67,0,27.0,41
2025-06-16,SKU0069,44,0,27.0,41
2025-06-23,SKU0069,120,0,27.0,41
2025-06-30,SKU0069,112,0,27.0,41
2025-07-07,SKU0069,112,0,27.0,41
2025-07-14,SKU0069,92,0,27.0,41
2025-07-21,SKU0069,82,0,27.0,41
2025-07-28,SKU0069,80,0,27.0,41
2025-08-04,SKU0069,72,0,27.0,41
2025-08-11,SKU0069,71,44,27.0,41
2025-08-18,SKU0069,64,0,27.0,41
2025-08-25,SKU0069,184,24,27.0,41
2025-09-01,SKU0069,174,0,27.0,41
2025-09-08,SKU0069,158,0,27.0,41
2025-09-15,SKU0069,154,0,27.0,41
2025-09-22,SKU0069,148,0,27.0,41
2025-09-29,SKU0069,127,0,27.0,41
2024-01-01,SKU0070,266,23,33.0,79
2024-01-08,SKU0070,266,0,33.0,79
2024-01-15,SKU0070,244,46,33.0,79
2024-01-22,SKU0070,236,0,33.0,79
2024-01-29,SKU0070,217,0,33.0,79
2024-02-05,SKU0070,211,47,33.0,79
2024-02-12,SKU0070,191,0,33.0,79
2024-02-19,SKU0070,181,41,33.0,79
2024-02-26,SKU0070,173,0,33.0,79
2024-03-04,SKU0070,149,0,33.0,79
2024-03-11,SKU0070,144,0,33.0,79
2024-03-18,SKU0070,132,0,33.0,79
2024-03-25,SKU0070,129,0,33.0,79
2024-04-01,SKU0070,129,0,33.0,79
2024-04-08,SKU0070,110,0,33.0,79
2024-04-15,SKU0070,102,0,33.0,79
2024-04-22,SKU0070,98,0,33.0,79
2024-04-29,SKU0070,97,59,33.0,79
2024-05-06,SKU0070,85,0,33.0,79
2024-05-13,SKU0070,83,0,33.0,79
2024-05-20,SKU0070,60,0,33.0,79
2024-05-27,SKU0070,55,104,33.0,79
2024-06-03,SKU0070,247,64,33.0,79
2024-06-10,SKU0070,226,0,33.0,79
2024-06-17,SKU0070,221,49,33.0,79
2024-06-24,SKU0070,207,0,33.0,79
2024-07-01,SKU0070,188,72,33.0,79
2024-07-08,SKU0070,170,61,33.0,79
2024-07-15,SKU0070,169,107,33.0,79
2024-07-22,SKU0070,161,116,33.0,79
2024-07-29,SKU0070,152,0,33.0,79
2024-08-05,SKU0070,134,0,33.0,79
2024-08-12,SKU0070,116,0,33.0,79
2024-08-19,SKU0070,103,52,33.0,79
2024-08-26,SKU0070,84,0,33.0,79
2024-09-02,SKU0070,82,0,33.0,79
2024-09-09,SKU0070,81,0,33.0,79
2024-09-16,SKU0070,182,0,33.0,79
2024-09-23,SKU0070,163,37,33.0,79
2024-09-30,SKU0070,162,0,33.0,79
2024-10-07,SKU0070,145,0,33.0,79
2024-10-14,SKU0070,137,0,33.0,79
2024-10-21,SKU0070,116,0,33.0,79
2024-10-28,SKU0070,116,0,33.0,79
2024-11-04,SKU0070,116,0,33.0,79
2024-11-11,SKU0070,100,0,33.0,79
2024-11-18,SKU0070,86,0,33.0,79
2024-11-25,SKU0070,69,0,33.0,79
2024-12-02,SKU0070,196,0,33.0,79
2024-12-09,SKU0070,172,12,33.0,79
2024-12-16,SKU0070,156,0,33.0,79
2024-12-23,SKU0070,148,24,33.0,79
2024-12-30,SKU0070,128,10,33.0,79
2025-01-06,SKU0070,114,0,33.0,79
2025-01-13,SKU0070,114,0,33.0,79
2025-01-20,SKU0070,113,0,33.0,79
2025-01-27,SKU0070,91,87,33.0,79
2025-02-03,SKU0070,67,0,33.0,79
2025-02-10,SKU0070,51,0,33.0,79
2025-02-17,SKU0070,49,0,33.0,79
2025-02-24,SKU0070,214,39,33.0,79
2025-03-03,SKU0070,214,0,33.0,79
2025-03-10,SKU0070,192,0,33.0,79
2025-03-17,SKU0070,172,0,33.0,79
2025-03-24,SKU0070,165,69,33.0,79
2025-03-31,SKU0070,144,0,33.0,79
2025-04-07,SKU0070,133,0,33.0,79
2025-04-14,SKU0070,131,0,33.0,79
2025-04-21,SKU0070,108,74,33.0,79
2025-04-28,SKU0070,84,7,33.0,79
2025-05-05,SKU0070,82,0,33.0,79
2025-05-12,SKU0070,64,0,33.0,79
2025-05-19,SKU0070,44,0,33.0,79
2025-05-26,SKU0070,29,107,33.0,79
2025-06-02,SKU0070,9,0,33.0,79
2025-06-09,SKU0070,135,0,33.0,79
2025-06-16,SKU0070,116,0,33.0,79
2025-06-23,SKU0070,99,55,33.0,79
2025-06-30,SKU0070,87,15,33.0,79
2025-07-07,SKU0070,194,0,33.0,79
2025-07-14,SKU0070,188,0,33.0,79
2025-07-21,SKU0070,180,0,33.0,79
2025-07-28,SKU0070,179,0,33.0,79
2025-08-04,SKU0070,161,41,33.0,79
2025-08-11,SKU0070,152,0,33.0,79
2025-08-18,SKU0070,132,20,33.0,79
2025-08-25,SKU0070,120,0,33.0,79
2025-09-01,SKU0070,112,8,33.0,79
2025-09-08,SKU0070,94,0,33.0,79
2025-09-15,SKU0070,89,0,33.0,79
2025-09-22,SKU0070,72,0,33.0,79
2025-09-29,SKU0070,58,99,33.0,79
2024-01-01,SKU0071,141,0,25.0,55
2024-01-08,SKU0071,120,0,25.0,55
2024-01-15,SKU0071,107,0,25.0,55
2024-01-22,SKU0071,89,0,25.0,55
2024-01-29,SKU0071,67,0,25.0,55
2024-02-05,SKU0071,54,36,25.0,55
2024-02-12,SKU0071,205,0,25.0,55
2024-02-19,SKU0071,186,15,25.0,55
2024-02-26,SKU0071,183,0,25.0,55
2024-03-04,SKU0071,170,69,25.0,55
2024-03-11,SKU0071,154,16,25.0,55
2024-03-18,SKU0071,139,100,25.0,55
2024-03-25,SKU0071,135,0,25.0,55
2024-04-01,SKU0071,122,0,25.0,55
2024-04-08,SKU0071,108,0,25.0,55
2024-04-15,SKU0071,101,78,25.0,55
2024-04-22,SKU0071,90,0,25.0,55
2024-04-29,SKU0071,85,0,25.0,55
2024-05-06,SKU0071,67,87,25.0,55
2024-05-13,SKU0071,51,0,25.0,55
2024-05-20,SKU0071,104,0,25.0,55
2024-05-27,SKU0071,97,0,25.0,55
2024-06-03,SKU0071,97,0,25.0,55
2024-06-10,SKU0071,76,0,25.0,55
2024-06-17,SKU0071,55,0,25.0,55
2024-06-24,SKU0071,55,0,25.0,55
2024-07-01,SKU0071,49,0,25.0,55
2024-07-08,SKU0071,207,0,25.0,55
2024-07-15,SKU0071,183,0,25.0,55
2024-07-22,SKU0071,166,0,25.0,55
2024-07-29,SKU0071,153,18,25.0,55
2024-08-05,SKU0071,152,0,25.0,55
2024-08-12,SKU0071,144,55,25.0,55
2024-08-19,SKU0071,120,15,25.0,55
2024-08-26,SKU0071,107,0,25.0,55
2024-09-02,SKU0071,99,0,25.0,55
2024-09-09,SKU0071,99,0,25.0,55
2024-09-16,SKU0071,78,0,25.0,55
2024-09-23,SKU0071,66,0,25.0,55
2024-09-30,SKU0071,60,0,25.0,55
2024-10-07,SKU0071,49,0,25.0,55
2024-10-14,SKU0071,233,0,25.0,55
2024-10-21,SKU0071,233,0,25.0,55
2024-10-28,SKU0071,233,0,25.0,55
2024-11-04,SKU0071,228,0,25.0,55
2024-11-11,SKU0071,226,0,25.0,55
2024-11-18,SKU0071,221,41,25.0,55
2024-11-25,SKU0071,199,86,25.0,55
2024-12-02,SKU0071,191,0,25.0,55
2024-12-09,SKU0071,185,110,25.0,55
2024-12-16,SKU0071,163,0,25.0,55
2024-12-23,SKU0071,151,106,25.0,55
2024-12-30,SKU0071,139,0,25.0,55
2025-01-06,SKU0071,137,0,25.0,55
2025-01-13,SKU0071,123,0,25.0,55
2025-01-20,SKU0071,103,51,25.0,55
2025-01-27,SKU0071,82,0,25.0,55
2025-02-03,SKU0071,79,0,25.0,55
2025-02-10,SKU0071,65,0,25.0,55
2025-02-17,SKU0071,56,0,25.0,55
2025-02-24,SKU0071,136,46,25.0,55
2025-03-03,SKU0071,130,61,25.0,55
2025-03-10,SKU0071,120,0,25.0,55
2025-03-17,SKU0071,108,0,25.0,55
2025-03-24,SKU0071,95,36,25.0,55
2025-03-31,SKU0071,93,0,25.0,55
2025-04-07,SKU0071,82,0,25.0,55
2025-04-14,SKU0071,71,0,25.0,55
2025-04-21,SKU0071,132,0,25.0,55
2025-04-28,SKU0071,116,0,25.0,55
2025-05-05,SKU0071,101,0,25.0,55
2025-05-12,SKU0071,78,0,25.0,55
2025-05-19,SKU0071,74,93,25.0,55
2025-05-26,SKU0071,58,115,25.0,55
2025-06-02,SKU0071,36,0,25.0,55
2025-06-09,SKU0071,193,0,25.0,55
2025-06-16,SKU0071,180,106,25.0,55
2025-06-23,SKU0071,160,87,25.0,55
2025-06-30,SKU0071,158,57,25.0,55
2025-07-07,SKU0071,138,0,25.0,55
2025-07-14,SKU0071,119,0,25.0,55
2025-07-21,SKU0071,116,0,25.0,55
2025-07-28,SKU0071,112,8,25.0,55
2025-08-04,SKU0071,100,15,25.0,55
2025-08-11,SKU0071,92,0,25.0,55
2025-08-18,SKU0071,84,14,25.0,55
2025-08-25,SKU0071,69,0,25.0,55
2025-09-01,SKU0071,219,77,25.0,55
2025-09-08,SKU0071,198,0,25.0,55
2025-09-15,SKU0071,186,0,25.0,55
2025-09-22,SKU0071,169,0,25.0,55
2025-09-29,SKU0071,165,0,25.0,55
2024-01-01,SKU0072,190,0,34.0,23
2024-01-08,SKU0072,180,0,34.0,23
2024-01-15,SKU0072,163,22,34.0,23
2024-01-22,SKU0072,141,20,34.0,23
2024-01-29,SKU0072,125,0,34.0,23
2024-02-05,SKU0072,109,61,34.0,23
2024-02-12,SKU0072,101,64,34.0,23
2024-02-19,SKU0072,99,0,34.0,23
2024-02-26,SKU0072,79,0,34.0,23
2024-03-04,SKU0072,64,0,34.0,23
2024-03-11,SKU0072,44,0,34.0,23
2024-03-18,SKU0072,32,0,34.0,23
2024-03-25,SKU0072,23,0,34.0,23
2024-04-01,SKU0072,144,0,34.0,23
2024-04-08,SKU0072,140,0,34.0,23
2024-04-15,SKU0072,130,0,34.0,23
2024-04-22,SKU0072,120,43,34.0,23
2024-04-29,SKU0072,110,0,34.0,23
2024-05-06,SKU0072,92,52,34.0,23
2024-05-13,SKU0072,80,22,34.0,23
2024-05-20,SKU0072,59,5,34.0,23
2024-05-27,SKU0072,41,0,34.0,23
2024-06-03,SKU0072,26,0,34.0,23
2024-06-10,SKU0072,196,0,34.0,23
2024-06-17,SKU0072,189,0,34.0,23
2024-06-24,SKU0072,170,107,34.0,23
2024-07-01,SKU0072,152,24,34.0,23
2024-07-08,SKU0072,146,0,34.0,23
2024-07-15,SKU0072,144,43,34.0,23
2024-07-22,SKU0072,137,0,34.0,23
2024-07-29,SKU0072,135,109,34.0,23
2024-08-05,SKU0072,112,0,34.0,23
2024-08-12,SKU0072,108,71,34.0,23
2024-08-19,SKU0072,89,58,34.0,23
2024-08-26,SKU0072,89,0,34.0,23
2024-09-02,SKU0072,85,0,34.0,23
2024-09-09,SKU0072,74,98,34.0,23
2024-09-16,SKU0072,57,32,34.0,23
2024-09-23,SKU0072,44,0,34.0,23
2024-09-30,SKU0072,28,35,34.0,23
2024-10-07,SKU0072,16,0,34.0,23
2024-10-14,SKU0072,178,56,34.0,23
2024-10-21,SKU0072,175,0,34.0,23
2024-10-28,SKU0072,164,27,34.0,23
2024-11-04,SKU0072,160,0,34.0,23
2024-11-11,SKU0072,140,0,34.0,23
2024-11-18,SKU0072,128,0,34.0,23
2024-11-25,SKU0072,110,0,34.0,23
2024-12-02,SKU0072,108,0,34.0,23
2024-12-09,SKU0072,101,0,34.0,23
2024-12-16,SKU0072,78,0,34.0,23
2024-12-23,SKU0072,59,0,34.0,23
2024-12-30,SKU0072,46,19,34.0,23
2025-01-06,SKU0072,34,0,34.0,23
2025-01-13,SKU0072,27,0,34.0,23
2025-01-20,SKU0072,158,0,34.0,23
2025-01-27,SKU0072,151,0,34.0,23
2025-02-03,SKU0072,130,0,34.0,23
2025-02-10,SKU0072,111,0,34.0,23
2025-02-17,SKU0072,89,0,34.0,23
2025-02-24,SKU0072,66,0,34.0,23
2025-03-03,SKU0072,55,0,34.0,23
2025-03-10,SKU0072,46,44,34.0,23
2025-03-17,SKU0072,35,0,34.0,23
2025-03-24,SKU0072,19,0,34.0,23
2025-03-31,SKU0072,19,0,34.0,23
2025-04-07,SKU0072,112,45,34.0,23
2025-04-14,SKU0072,112,1,34.0,23
2025-04-21,SKU0072,90,0,34.0,23
2025-04-28,SKU0072,83,0,34.0,23
2025-05-05,SKU0072,74,0,34.0,23
2025-05-12,SKU0072,65,114,34.0,23
2025-05-19,SKU0072,49,0,34.0,23
2025-05-26,SKU0072,30,42,34.0,23
2025-06-02,SKU0072,178,0,34.0,23
2025-06-09,SKU0072,161,0,34.0,23
2025-06-16,SKU0072,152,0,34.0,23
2025-06-23,SKU0072,128,0,34.0,23
2025-06-30,SKU0072,118,0,34.0,23
2025-07-07,SKU0072,114,0,34.0,23
2025-07-14,SKU0072,108,0,34.0,23
2025-07-21,SKU0072,104,0,34.0,23
2025-07-28,SKU0072,87,112,34.0,23
2025-08-04,SKU0072,77,0,34.0,23
2025-08-11,SKU0072,70,0,34.0,23
2025-08-18,SKU0072,61,0,34.0,23
2025-08-25,SKU0072,53,0,34.0,23
2025-09-01,SKU0072,45,49,34.0,23
2025-09-08,SKU0072,38,0,34.0,23
2025-09-15,SKU0072,29,35,34.0,23
2025-09-22,SKU0072,152,0,34.0,23
2025-09-29,SKU0072,136,0,34.0,23
2024-04-08,SKU0073,272,0,12.0,55
2024-04-15,SKU0073,265,10,12.0,55
2024-04-22,SKU0073,242,76,12.0,55
2024-04-29,SKU0073,229,82,12.0,55
2024-05-06,SKU0073,219,0,12.0,55
2024-05-13,SKU0073,202,0,12.0,55
2024-05-20,SKU0073,186,92,12.0,55
2024-05-27,SKU0073,186,0,12.0,55
2024-06-03,SKU0073,185,0,12.0,55
2024-06-10,SKU0073,172,0,12.0,55
2024-06-17,SKU0073,155,0,12.0,55
2024-06-24,SKU0073,146,69,12.0,55
2024-07-01,SKU0073,134,22,12.0,55
2024-07-08,SKU0073,130,0,12.0,55
2024-07-15,SKU0073,130,0,12.0,55
2024-07-22,SKU0073,115,0,12.0,55
2024-07-29,SKU0073,93,112,12.0,55
2024-08-05,SKU0073,71,0,12.0,55
2024-08-12,SKU0073,67,0,12.0,55
2024-08-19,SKU0073,53,0,12.0,55
2024-08-26,SKU0073,179,0,12.0,55
2024-09-02,SKU0073,178,0,12.0,55
2024-09-09,SKU0073,169,0,12.0,55
2024-09-16,SKU0073,164,0,12.0,55
2024-09-23,SKU0073,141,0,12.0,55
2024-09-30,SKU0073,128,62,12.0,55
2024-10-07,SKU0073,110,58,12.0,55
2024-10-14,SKU0073,106,0,12.0,55
2024-10-21,SKU0073,105,0,12.0,55
2024-10-28,SKU0073,105,79,12.0,55
2024-11-04,SKU0073,90,0,12.0,55
2024-11-11,SKU0073,68,64,12.0,55
2024-11-18,SKU0073,59,0,12.0,55
2024-11-25,SKU0073,55,0,12.0,55
2024-12-02,SKU0073,156,0,12.0,55
2024-12-09,SKU0073,140,103,12.0,55
2024-12-16,SKU0073,139,0,12.0,55
2024-12-23,SKU0073,120,0,12.0,55
2024-12-30,SKU0073,99,0,12.0,55
2025-01-06,SKU0073,88,0,12.0,55
2025-01-13,SKU0073,84,0,12.0,55
2025-01-20,SKU0073,73,0,12.0,55
2025-01-27,SKU0073,66,0,12.0,55
2025-02-03,SKU0073,49,0,12.0,55
2025-02-10,SKU0073,45,0,12.0,55
2025-02-17,SKU0073,101,0,12.0,55
2025-02-24,SKU0073,77,11,12.0,55
2025-03-03,SKU0073,69,0,12.0,55
2025-03-10,SKU0073,59,0,12.0,55
2025-03-17,SKU0073,224,0,12.0,55
2025-03-24,SKU0073,205,64,12.0,55
2025-03-31,SKU0073,201,0,12.0,55
2025-04-07,SKU0073,185,0,12.0,55
2025-04-14,SKU0073,181,107,12.0,55
2025-04-21,SKU0073,179,0,12.0,55
2025-04-28,SKU0073,156,0,12.0,55
2025-05-05,SKU0073,148,0,12.0,55
2025-05-12,SKU0073,140,0,12.0,55
2025-05-19,SKU0073,123,69,12.0,55
2025-05-26,SKU0073,122,89,12.0,55
2025-06-02,SKU0073,110,22,12.0,55
2025-06-09,SKU0073,102,0,12.0,55
2025-06-16,SKU0073,86,0,12.0,55
2025-06-23,SKU0073,63,0,12.0,55
2025-06-30,SKU0073,43,0,12.0,55
2025-07-07,SKU0073,133,67,12.0,55
2025-07-14,SKU0073,133,0,12.0,55
2025-07-21,SKU0073,133,0,12.0,55
2025-07-28,SKU0073,112,0,12.0,55
2025-08-04,SKU0073,89,31,12.0,55
2025-08-11,SKU0073,85,0,12.0,55
2025-08-18,SKU0073,69,0,12.0,55
2025-08-25,SKU0073,55,0,12.0,55
2025-09-01,SKU0073,194,0,12.0,55
2025-09-08,SKU0073,184,0,12.0,55
2025-09-15,SKU0073,166,0,12.0,55
2025-09-22,SKU0073,148,81,12.0,55
2025-09-29,SKU0073,142,99,12.0,55
2024-01-01,SKU0074,167,0,17.0,25
2024-01-08,SKU0074,144,61,17.0,25
2024-01-15,SKU0074,131,0,17.0,25
2024-01-22,SKU0074,120,0,17.0,25
2024-01-29,SKU0074,102,40,17.0,25
2024-02-05,SKU0074,86,11,17.0,25
2024-02-12,SKU0074,70,113,17.0,25
2024-02-19,SKU0074,54,118,17.0,25
2024-02-26,SKU0074,43,0,17.0,25
2024-03-04,SKU0074,21,112,17.0,25
2024-03-11,SKU0074,0,0,17.0,25
2024-03-18,SKU0074,0,0,17.0,25
2024-03-25,SKU0074,0,0,17.0,25
2024-04-01,SKU0074,0,7,17.0,25
2024-04-08,SKU0074,0,0,17.0,25
2024-04-15,SKU0074,0,17,17.0,25
2024-04-22,SKU0074,124,0,17.0,25
2024-04-29,SKU0074,111,29,17.0,25
2024-05-06,SKU0074,95,0,17.0,25
2024-05-13,SKU0074,86,0,17.0,25
2024-05-20,SKU0074,65,0,17.0,25
2024-05-27,SKU0074,59,0,17.0,25
2024-06-03,SKU0074,43,45,17.0,25
2024-06-10,SKU0074,41,37,17.0,25
2024-06-17,SKU0074,22,0,17.0,25
2024-06-24,SKU0074,79,0,17.0,25
2024-07-01,SKU0074,62,40,17.0,25
2024-07-08,SKU0074,49,0,17.0,25
2024-07-15,SKU0074,47,0,17.0,25
2024-07-22,SKU0074,35,0,17.0,25
2024-07-29,SKU0074,20,23,17.0,25
2024-08-05,SKU0074,81,77,17.0,25
2024-08-12,SKU0074,61,33,17.0,25
2024-08-19,SKU0074,54,18,17.0,25
2024-08-26,SKU0074,41,0,17.0,25
2024-09-02,SKU0074,20,48,17.0,25
2024-09-09,SKU0074,164,82,17.0,25
2024-09-16,SKU0074,163,56,17.0,25
2024-09-23,SKU0074,159,0,17.0,25
2024-09-30,SKU0074,146,0,17.0,25
2024-10-07,SKU0074,130,0,17.0,25
2024-10-14,SKU0074,120,44,17.0,25
2024-10-21,SKU0074,103,0,17.0,25
2024-10-28,SKU0074,101,27,17.0,25
2024-11-04,SKU0074,79,0,17.0,25
2024-11-11,SKU0074,71,0,17.0,25
2024-11-18,SKU0074,50,0,17.0,25
2024-11-25,SKU0074,46,24,17.0,25
2024-12-02,SKU0074,86,52,17.0,25
2024-12-09,SKU0074,81,8,17.0,25
2024-12-16,SKU0074,77,0,17.0,25
2024-12-23,SKU0074,69,69,17.0,25
2024-12-30,SKU0074,61,0,17.0,25
2025-01-06,SKU0074,39,64,17.0,25
2025-01-13,SKU0074,39,0,17.0,25
2025-01-20,SKU0074,28,0,17.0,25
2025-01-27,SKU0074,4,61,17.0,25
2025-02-03,SKU0074,0,0,17.0,25
2025-02-10,SKU0074,120,0,17.0,25
2025-02-17,SKU0074,112,0,17.0,25
2025-02-24,SKU0074,98,0,17.0,25
2025-03-03,SKU0074,79,0,17.0,25
2025-03-10,SKU0074,67,0,17.0,25
2025-03-17,SKU0074,44,0,17.0,25
2025-03-24,SKU0074,32,118,17.0,25
2025-03-31,SKU0074,112,0,17.0,25
2025-04-07,SKU0074,104,0,17.0,25
2025-04-14,SKU0074,96,0,17.0,25
2025-04-21,SKU0074,82,103,17.0,25
2025-04-28,SKU0074,77,4,17.0,25
2025-05-05,SKU0074,53,0,17.0,25
2025-05-12,SKU0074,39,0,17.0,25
2025-05-19,SKU0074,38,29,17.0,25
2025-05-26,SKU0074,31,100,17.0,25
2025-06-02,SKU0074,102,0,17.0,25
2025-06-09,SKU0074,89,0,17.0,25
2025-06-16,SKU0074,88,78,17.0,25
2025-06-23,SKU0074,85,3,17.0,25
2025-06-30,SKU0074,69,31,17.0,25
2025-07-07,SKU0074,65,0,17.0,25
2025-07-14,SKU0074,43,0,17.0,25
2025-07-21,SKU0074,24,52,17.0,25
2025-07-28,SKU0074,180,0,17.0,25
2025-08-04,SKU0074,179,0,17.0,25
2025-08-11,SKU0074,177,76,17.0,25
2025-08-18,SKU0074,170,7,17.0,25
2025-08-25,SKU0074,167,0,17.0,25
2025-09-01,SKU0074,160,0,17.0,25
2025-09-08,SKU0074,147,0,17.0,25
2025-09-15,SKU0074,137,109,17.0,25
2025-09-22,SKU0074,136,0,17.0,25
2025-09-29,SKU0074,132,0,17.0,25
2024-01-01,SKU0075,103,0,24.0,33
2024-01-08,SKU0075,103,0,24.0,33
2024-01-15,SKU0075,82,0,24.0,33
2024-01-22,SKU0075,78,0,24.0,33
2024-01-29,SKU0075,71,0,24.0,33
2024-02-05,SKU0075,67,0,24.0,33
2024-02-12,SKU0075,61,0,24.0,33
2024-02-19,SKU0075,57,0,24.0,33
2024-02-26,SKU0075,48,0,24.0,33
2024-03-04,SKU0075,24,26,24.0,33
2024-03-11,SKU0075,202,0,24.0,33
2024-03-18,SKU0075,189,0,24.0,33
2024-03-25,SKU0075,183,0,24.0,33
2024-04-01,SKU0075,171,0,24.0,33
2024-04-08,SKU0075,147,0,24.0,33
2024-04-15,SKU0075,129,0,24.0,33
2024-04-22,SKU0075,109,0,24.0,33
2024-04-29,SKU0075,108,19,24.0,33
2024-05-06,SKU0075,101,0,24.0,33
2024-05-13,SKU0075,88,0,24.0,33
2024-05-20,SKU0075,77,0,24.0,33
2024-05-27,SKU0075,59,0,24.0,33
2024-06-03,SKU0075,43,0,24.0,33
2024-06-10,SKU0075,43,16,24.0,33
2024-06-17,SKU0075,20,0,24.0,33
2024-06-24,SKU0075,110,0,24.0,33
2024-07-01,SKU0075,104,0,24.0,33
2024-07-08,SKU0075,93,0,24.0,33
2024-07-15,SKU0075,88,72,24.0,33
2024-07-22,SKU0075,64,0,24.0,33
2024-07-29,SKU0075,48,0,24.0,33
2024-08-05,SKU0075,33,0,24.0,33
2024-08-12,SKU0075,9,0,24.0,33
2024-08-19,SKU0075,6,12,24.0,33
2024-08-26,SKU0075,60,0,24.0,33
2024-09-02,SKU0075,42,0,24.0,33
2024-09-09,SKU0075,21,44,24.0,33
2024-09-16,SKU0075,13,0,24.0,33
2024-09-23,SKU0075,0,29,24.0,33
2024-09-30,SKU0075,0,0,24.0,33
2024-10-07,SKU0075,166,0,24.0,33
2024-10-14,SKU0075,154,0,24.0,33
2024-10-21,SKU0075,149,0,24.0,33
2024-10-28,SKU0075,143,0,24.0,33
2024-11-04,SKU0075,121,0,24.0,33
2024-11-11,SKU0075,107,0,24.0,33
2024-11-18,SKU0075,107,2,24.0,33
2024-11-25,SKU0075,91,0,24.0,33
2024-12-02,SKU0075,91,113,24.0,33
2024-12-09,SKU0075,73,0,24.0,33
2024-12-16,SKU0075,68,0,24.0,33
2024-12-23,SKU0075,50,0,24.0,33
2024-12-30,SKU0075,211,0,24.0,33
2025-01-06,SKU0075,211,0,24.0,33
2025-01-13,SKU0075,208,10,24.0,33
2025-01-20,SKU0075,207,0,24.0,33
2025-01-27,SKU0075,205,77,24.0,33
2025-02-03,SKU0075,197,0,24.0,33
2025-02-10,SKU0075,188,92,24.0,33
2025-02-17,SKU0075,185,0,24.0,33
2025-02-24,SKU0075,175,0,24.0,33
2025-03-03,SKU0075,166,34,24.0,33
2025-03-10,SKU0075,148,0,24.0,33
2025-03-17,SKU0075,128,0,24.0,33
2025-03-24,SKU0075,104,0,24.0,33
2025-03-31,SKU0075,87,0,24.0,33
2025-04-07,SKU0075,68,40,24.0,33
2025-04-14,SKU0075,51,0,24.0,33
2025-04-21,SKU0075,48,0,24.0,33
2025-04-28,SKU0075,204,58,24.0,33
2025-05-05,SKU0075,184,0,24.0,33
2025-05-12,SKU0075,177,0,24.0,33
2025-05-19,SKU0075,169,0,24.0,33
2025-05-26,SKU0075,145,6,24.0,33
2025-06-02,SKU0075,132,0,24.0,33
2025-06-09,SKU0075,132,0,24.0,33
2025-06-16,SKU0075,114,0,24.0,33
2025-06-23,SKU0075,109,5,24.0,33
2025-06-30,SKU0075,97,0,24.0,33
2025-07-07,SKU0075,74,0,24.0,33
2025-07-14,SKU0075,62,48,24.0,33
2025-07-21,SKU0075,55,0,24.0,33
2025-07-28,SKU0075,48,0,24.0,33
2025-08-04,SKU0075,37,0,24.0,33
2025-08-11,SKU0075,194,36,24.0,33
2025-08-18,SKU0075,183,0,24.0,33
2025-08-25,SKU0075,168,0,24.0,33
2025-09-01,SKU0075,166,0,24.0,33
2025-09-08,SKU0075,155,0,24.0,33
2025-09-15,SKU0075,142,0,24.0,33
2025-09-22,SKU0075,129,0,24.0,33
2025-09-29,SKU0075,120,0,24.0,33
2024-01-01,SKU0076,230,38,19.0,21
2024-01-08,SKU0076,209,14,19.0,21
2024-01-15,SKU0076,197,0,19.0,21
2024-01-22,SKU0076,179,0,19.0,21
2024-01-29,SKU0076,170,23,19.0,21
2024-02-05,SKU0076,155,0,19.0,21
2024-02-12,SKU0076,148,0,19.0,21
2024-02-19,SKU0076,143,0,19.0,21
2024-02-26,SKU0076,130,0,19.0,21
2024-03-04,SKU0076,130,0,19.0,21
2024-03-11,SKU0076,122,0,19.0,21
2024-03-18,SKU0076,105,0,19.0,21
2024-03-25,SKU0076,84,0,19.0,21
2024-04-01,SKU0076,81,0,19.0,21
2024-04-08,SKU0076,62,97,19.0,21
2024-04-15,SKU0076,59,0,19.0,21
2024-04-22,SKU0076,52,58,19.0,21
2024-04-29,SKU0076,41,14,19.0,21
2024-05-06,SKU0076,40,0,19.0,21
2024-05-13,SKU0076,23,0,19.0,21
2024-05-20,SKU0076,17,0,19.0,21
2024-05-27,SKU0076,137,53,19.0,21
2024-06-03,SKU0076,127,0,19.0,21
2024-06-10,SKU0076,115,0,19.0,21
2024-06-17,SKU0076,95,0,19.0,21
2024-06-24,SKU0076,76,0,19.0,21
2024-07-01,SKU0076,52,0,19.0,21
2024-07-08,SKU0076,45,83,19.0,21
2024-07-15,SKU0076,41,0,19.0,21
2024-07-22,SKU0076,23,0,19.0,21
2024-07-29,SKU0076,13,0,19.0,21
2024-08-05,SKU0076,77,0,19.0,21
2024-08-12,SKU0076,72,0,19.0,21
2024-08-19,SKU0076,64,0,19.0,21
2024-08-26,SKU0076,44,87,19.0,21
2024-09-02,SKU0076,36,0,19.0,21
2024-09-09,SKU0076,24,0,19.0,21
2024-09-16,SKU0076,2,0,19.0,21
2024-09-23,SKU0076,0,59,19.0,21
2024-09-30,SKU0076,166,58,19.0,21
2024-10-07,SKU0076,145,0,19.0,21
2024-10-14,SKU0076,135,0,19.0,21
2024-10-21,SKU0076,117,0,19.0,21
2024-10-28,SKU0076,99,91,19.0,21
2024-11-04,SKU0076,80,67,19.0,21
2024-11-11,SKU0076,71,34,19.0,21
2024-11-18,SKU0076,58,0,19.0,21
2024-11-25,SKU0076,44,0,19.0,21
2024-12-02,SKU0076,22,0,19.0,21
2024-12-09,SKU0076,11,0,19.0,21
2024-12-16,SKU0076,0,0,19.0,21
2024-12-23,SKU0076,0,0,19.0,21
2024-12-30,SKU0076,111,93,19.0,21
2025-01-06,SKU0076,102,0,19.0,21
2025-01-13,SKU0076,95,0,19.0,21
2025-01-20,SKU0076,73,28,19.0,21
2025-01-27,SKU0076,59,0,19.0,21
2025-02-03,SKU0076,59,25,19.0,21
2025-02-10,SKU0076,49,0,19.0,21
2025-02-17,SKU0076,44,0,19.0,21
2025-02-24,SKU0076,37,0,19.0,21
2025-03-03,SKU0076,159,49,19.0,21
2025-03-10,SKU0076,140,0,19.0,21
2025-03-17,SKU0076,135,0,19.0,21
2025-03-24,SKU0076,130,81,19.0,21
2025-03-31,SKU0076,125,114,19.0,21
2025-04-07,SKU0076,122,0,19.0,21
2025-04-14,SKU0076,115,28,19.0,21
2025-04-21,SKU0076,109,0,19.0,21
2025-04-28,SKU0076,109,0,19.0,21
2025-05-05,SKU0076,96,0,19.0,21
2025-05-12,SKU0076,80,0,19.0,21
2025-05-19,SKU0076,75,92,19.0,21
2025-05-26,SKU0076,74,0,19.0,21
2025-06-02,SKU0076,71,0,19.0,21
2025-06-09,SKU0076,63,0,19.0,21
2025-06-16,SKU0076,39,0,19.0,21
2025-06-23,SKU0076,34,89,19.0,21
2025-06-30,SKU0076,33,0,19.0,21
2025-07-07,SKU0076,30,0,19.0,21
2025-07-14,SKU0076,174,0,19.0,21
2025-07-21,SKU0076,171,0,19.0,21
2025-07-28,SKU0076,168,3,19.0,21
2025-08-04,SKU0076,159,0,19.0,21
2025-08-11,SKU0076,140,107,19.0,21
2025-08-18,SKU0076,136,37,19.0,21
2025-08-25,SKU0076,136,0,19.0,21
2025-09-01,SKU0076,120,0,19.0,21
2025-09-08,SKU0076,107,0,19.0,21
2025-09-15,SKU0076,87,0,19.0,21
2025-09-22,SKU0076,87,106,19.0,21
2025-09-29,SKU0076,65,30,19.0,21
2024-01-01,SKU0077,207,0,32.0,76
2024-01-08,SKU0077,184,48,32.0,76
2024-01-15,SKU0077,183,0,32.0,76
2024-01-22,SKU0077,176,0,32.0,76
2024-01-29,SKU0077,163,0,32.0,76
2024-02-05,SKU0077,160,35,32.0,76
2024-02-12,SKU0077,145,105,32.0,76
2024-02-19,SKU0077,131,0,32.0,76
2024-02-26,SKU0077,113,98,32.0,76
2024-03-04,SKU0077,107,82,32.0,76
2024-03-11,SKU0077,91,0,32.0,76
2024-03-18,SKU0077,91,0,32.0,76
2024-03-25,SKU0077,85,0,32.0,76
2024-04-01,SKU0077,66,70,32.0,76
2024-04-08,SKU0077,62,0,32.0,76
2024-04-15,SKU0077,45,0,32.0,76
2024-04-22,SKU0077,118,118,32.0,76
2024-04-29,SKU0077,96,0,32.0,76
2024-05-06,SKU0077,79,0,32.0,76
2024-05-13,SKU0077,74,0,32.0,76
2024-05-20,SKU0077,216,0,32.0,76
2024-05-27,SKU0077,192,113,32.0,76
2024-06-03,SKU0077,188,0,32.0,76
2024-06-10,SKU0077,166,0,32.0,76
2024-06-17,SKU0077,163,0,32.0,76
2024-06-24,SKU0077,143,0,32.0,76
2024-07-01,SKU0077,128,0,32.0,76
2024-07-08,SKU0077,110,37,32.0,76
2024-07-15,SKU0077,105,0,32.0,76
2024-07-22,SKU0077,97,55,32.0,76
2024-07-29,SKU0077,83,12,32.0,76
2024-08-05,SKU0077,160,35,32.0,76
2024-08-12,SKU0077,149,10,32.0,76
2024-08-19,SKU0077,145,0,32.0,76
2024-08-26,SKU0077,137,0,32.0,76
2024-09-02,SKU0077,127,0,32.0,76
2024-09-09,SKU0077,108,17,32.0,76
2024-09-16,SKU0077,95,0,32.0,76
2024-09-23,SKU0077,73,0,32.0,76
2024-09-30,SKU0077,232,0,32.0,76
2024-10-07,SKU0077,223,53,32.0,76
2024-10-14,SKU0077,200,0,32.0,76
2024-10-21,SKU0077,177,0,32.0,76
2024-10-28,SKU0077,169,81,32.0,76
2024-11-04,SKU0077,155,0,32.0,76
2024-11-11,SKU0077,150,0,32.0,76
2024-11-18,SKU0077,128,0,32.0,76
2024-11-25,SKU0077,125,0,32.0,76
2024-12-02,SKU0077,118,0,32.0,76
2024-12-09,SKU0077,97,0,32.0,76
2024-12-16,SKU0077,80,0,32.0,76
2024-12-23,SKU0077,70,0,32.0,76
2024-12-30,SKU0077,175,0,32.0,76
2025-01-06,SKU0077,153,8,32.0,76
2025-01-13,SKU0077,140,0,32.0,76
2025-01-20,SKU0077,124,0,32.0,76
2025-01-27,SKU0077,112,70,32.0,76
2025-02-03,SKU0077,101,0,32.0,76
2025-02-10,SKU0077,88,0,32.0,76
2025-02-17,SKU0077,216,0,32.0,76
2025-02-24,SKU0077,204,0,32.0,76
2025-03-03,SKU0077,191,0,32.0,76
2025-03-10,SKU0077,181,0,32.0,76
2025-03-17,SKU0077,162,0,32.0,76
2025-03-24,SKU0077,160,31,32.0,76
2025-03-31,SKU0077,141,0,32.0,76
2025-04-07,SKU0077,124,0,32.0,76
2025-04-14,SKU0077,104,83,32.0,76
2025-04-21,SKU0077,99,83,32.0,76
2025-04-28,SKU0077,82,11,32.0,76
2025-05-05,SKU0077,76,88,32.0,76
2025-05-12,SKU0077,72,0,32.0,76
2025-05-19,SKU0077,246,85,32.0,76
2025-05-26,SKU0077,226,0,32.0,76
2025-06-02,SKU0077,205,107,32.0,76
2025-06-09,SKU0077,201,0,32.0,76
2025-06-16,SKU0077,184,0,32.0,76
2025-06-23,SKU0077,175,71,32.0,76
2025-06-30,SKU0077,153,0,32.0,76
2025-07-07,SKU0077,150,0,32.0,76
2025-07-14,SKU0077,128,0,32.0,76
2025-07-21,SKU0077,107,0,32.0,76
2025-07-28,SKU0077,99,0,32.0,76
2025-08-04,SKU0077,97,0,32.0,76
2025-08-11,SKU0077,90,114,32.0,76
2025-08-18,SKU0077,81,0,32.0,76
2025-08-25,SKU0077,75,70,32.0,76
2025-09-01,SKU0077,251,0,32.0,76
2025-09-08,SKU0077,235,0,32.0,76
2025-09-15,SKU0077,223,0,32.0,76
2025-09-22,SKU0077,209,0,32.0,76
2025-09-29,SKU0077,196,0,32.0,76
2024-01-01,SKU0078,138,58,44.0,77
2024-01-08,SKU0078,130,0,44.0,77
2024-01-15,SKU0078,127,32,44.0,77
2024-01-22,SKU0078,115,0,44.0,77
2024-01-29,SKU0078,98,94,44.0,77
2024-02-05,SKU0078,91,0,44.0,77
2024-02-12,SKU0078,73,0,44.0,77
2024-02-19,SKU0078,68,0,44.0,77
2024-02-26,SKU0078,60,47,44.0,77
2024-03-04,SKU0078,43,0,44.0,77
2024-03-11,SKU0078,22,0,44.0,77
2024-03-18,SKU0078,18,0,44.0,77
2024-03-25,SKU0078,84,0,44.0,77
2024-04-01,SKU0078,166,0,44.0,77
2024-04-08,SKU0078,152,0,44.0,77
2024-04-15,SKU0078,152,67,44.0,77
2024-04-22,SKU0078,140,0,44.0,77
2024-04-29,SKU0078,123,0,44.0,77
2024-05-06,SKU0078,101,0,44.0,77
2024-05-13,SKU0078,89,47,44.0,77
2024-05-20,SKU0078,89,0,44.0,77
2024-05-27,SKU0078,77,0,44.0,77
2024-06-03,SKU0078,238,0,44.0,77
2024-06-10,SKU0078,227,0,44.0,77
2024-06-17,SKU0078,219,0,44.0,77
2024-06-24,SKU0078,214,0,44.0,77
2024-07-01,SKU0078,208,0,44.0,77
2024-07-08,SKU0078,186,85,44.0,77
2024-07-15,SKU0078,162,0,44.0,77
2024-07-22,SKU0078,153,59,44.0,77
2024-07-29,SKU0078,142,106,44.0,77
2024-08-05,SKU0078,136,106,44.0,77
2024-08-12,SKU0078,112,0,44.0,77
2024-08-19,SKU0078,96,17,44.0,77
2024-08-26,SKU0078,76,113,44.0,77
2024-09-02,SKU0078,154,0,44.0,77
2024-09-09,SKU0078,138,0,44.0,77
2024-09-16,SKU0078,119,90,44.0,77
2024-09-23,SKU0078,105,40,44.0,77
2024-09-30,SKU0078,90,90,44.0,77
2024-10-07,SKU0078,66,0,44.0,77
2024-10-14,SKU0078,240,0,44.0,77
2024-10-21,SKU0078,230,0,44.0,77
2024-10-28,SKU0078,222,0,44.0,77
2024-11-04,SKU0078,212,0,44.0,77
2024-11-11,SKU0078,206,0,44.0,77
2024-11-18,SKU0078,187,109,44.0,77
2024-11-25,SKU0078,173,0,44.0,77
2024-12-02,SKU0078,155,0,44.0,77
2024-12-09,SKU0078,141,0,44.0,77
2024-12-16,SKU0078,128,27,44.0,77
2024-12-23,SKU0078,107,0,44.0,77
2024-12-30,SKU0078,107,0,44.0,77
2025-01-06,SKU0078,87,0,44.0,77
2025-01-13,SKU0078,263,20,44.0,77
2025-01-20,SKU0078,246,9,44.0,77
2025-01-27,SKU0078,233,0,44.0,77
2025-02-03,SKU0078,217,0,44.0,77
2025-02-10,SKU0078,195,10,44.0,77
2025-02-17,SKU0078,174,0,44.0,77
2025-02-24,SKU0078,161,0,44.0,77
2025-03-03,SKU0078,140,0,44.0,77
2025-03-10,SKU0078,117,57,44.0,77
2025-03-17,SKU0078,116,4,44.0,77
2025-03-24,SKU0078,95,0,44.0,77
2025-03-31,SKU0078,84,64,44.0,77
2025-04-07,SKU0078,80,0,44.0,77
2025-04-14,SKU0078,146,0,44.0,77
2025-04-21,SKU0078,124,0,44.0,77
2025-04-28,SKU0078,122,0,44.0,77
2025-05-05,SKU0078,106,43,44.0,77
2025-05-12,SKU0078,101,92,44.0,77
2025-05-19,SKU0078,78,0,44.0,77
2025-05-26,SKU0078,74,0,44.0,77
2025-06-02,SKU0078,263,0,44.0,77
2025-06-09,SKU0078,262,0,44.0,77
2025-06-16,SKU0078,252,0,44.0,77
2025-06-23,SKU0078,251,18,44.0,77
2025-06-30,SKU0078,230,0,44.0,77
2025-07-07,SKU0078,214,0,44.0,77
2025-07-14,SKU0078,191,0,44.0,77
2025-07-21,SKU0078,167,0,44.0,77
2025-07-28,SKU0078,155,0,44.0,77
2025-08-04,SKU0078,155,0,44.0,77
2025-08-11,SKU0078,135,0,44.0,77
2025-08-18,SKU0078,117,0,44.0,77
2025-08-25,SKU0078,105,20,44.0,77
2025-09-01,SKU0078,95,21,44.0,77
2025-09-08,SKU0078,71,0,44.0,77
2025-09-15,SKU0078,49,76,44.0,77
2025-09-22,SKU0078,28,0,44.0,77
2025-09-29,SKU0078,101,0,44.0,77
2024-01-01,SKU0079,234,66,41.0,18
2024-01-08,SKU0079,234,0,41.0,18
2024-01-15,SKU0079,220,0,41.0,18
2024-01-22,SKU0079,208,0,41.0,18
2024-01-29,SKU0079,190,12,41.0,18
2024-02-05,SKU0079,185,0,41.0,18
2024-02-12,SKU0079,182,0,41.0,18
2024-02-19,SKU0079,171,0,41.0,18
2024-02-26,SKU0079,161,0,41.0,18
2024-03-04,SKU0079,160,0,41.0,18
2024-03-11,SKU0079,146,53,41.0,18
2024-03-18,SKU0079,131,0,41.0,18
2024-03-25,SKU0079,115,0,41.0,18
2024-04-01,SKU0079,97,0,41.0,18
2024-04-08,SKU0079,81,0,41.0,18
2024-04-15,SKU0079,57,93,41.0,18
2024-04-22,SKU0079,55,51,41.0,18
2024-04-29,SKU0079,54,0,41.0,18
2024-05-06,SKU0079,44,109,41.0,18
2024-05-13,SKU0079,28,0,41.0,18
2024-05-20,SKU0079,83,0,41.0,18
2024-05-27,SKU0079,72,7,41.0,18
2024-06-03,SKU0079,63,0,41.0,18
2024-06-10,SKU0079,62,84,41.0,18
2024-06-17,SKU0079,49,0,41.0,18
2024-06-24,SKU0079,29,46,41.0,18
2024-07-01,SKU0079,135,0,41.0,18
2024-07-08,SKU0079,117,0,41.0,18
2024-07-15,SKU0079,111,0,41.0,18
2024-07-22,SKU0079,109,0,41.0,18
2024-07-29,SKU0079,109,0,41.0,18
2024-08-05,SKU0079,89,0,41.0,18
2024-08-12,SKU0079,75,0,41.0,18
2024-08-19,SKU0079,64,0,41.0,18
2024-08-26,SKU0079,45,0,41.0,18
2024-09-02,SKU0079,31,0,41.0,18
2024-09-09,SKU0079,11,0,41.0,18
2024-09-16,SKU0079,11,0,41.0,18
2024-09-23,SKU0079,103,0,41.0,18
2024-09-30,SKU0079,80,73,41.0,18
2024-10-07,SKU0079,62,0,41.0,18
2024-10-14,SKU0079,38,0,41.0,18
2024-10-21,SKU0079,133,0,41.0,18
2024-10-28,SKU0079,115,13,41.0,18
2024-11-04,SKU0079,115,107,41.0,18
2024-11-11,SKU0079,91,114,41.0,18
2024-11-18,SKU0079,75,0,41.0,18
2024-11-25,SKU0079,65,0,41.0,18
2024-12-02,SKU0079,42,45,41.0,18
2024-12-09,SKU0079,41,0,41.0,18
2024-12-16,SKU0079,24,18,41.0,18
2024-12-23,SKU0079,23,0,41.0,18
2024-12-30,SKU0079,159,0,41.0,18
2025-01-06,SKU0079,150,0,41.0,18
2025-01-13,SKU0079,139,48,41.0,18
2025-01-20,SKU0079,138,0,41.0,18
2025-01-27,SKU0079,114,0,41.0,18
2025-02-03,SKU0079,97,0,41.0,18
2025-02-10,SKU0079,87,28,41.0,18
2025-02-17,SKU0079,82,2,41.0,18
2025-02-24,SKU0079,80,0,41.0,18
2025-03-03,SKU0079,63,0,41.0,18
2025-03-10,SKU0079,57,55,41.0,18
2025-03-17,SKU0079,56,0,41.0,18
2025-03-24,SKU0079,41,0,41.0,18
2025-03-31,SKU0079,39,0,41.0,18
2025-04-07,SKU0079,148,0,41.0,18
2025-04-14,SKU0079,139,51,41.0,18
2025-04-21,SKU0079,135,0,41.0,18
2025-04-28,SKU0079,132,0,41.0,18
2025-05-05,SKU0079,109,0,41.0,18
2025-05-12,SKU0079,106,0,41.0,18
2025-05-19,SKU0079,87,0,41.0,18
2025-05-26,SKU0079,73,25,41.0,18
2025-06-02,SKU0079,71,36,41.0,18
2025-06-09,SKU0079,64,0,41.0,18
2025-06-16,SKU0079,59,0,41.0,18
2025-06-23,SKU0079,56,0,41.0,18
2025-06-30,SKU0079,56,0,41.0,18
2025-07-07,SKU0079,47,48,41.0,18
2025-07-14,SKU0079,42,0,41.0,18
2025-07-21,SKU0079,22,0,41.0,18
2025-07-28,SKU0079,21,46,41.0,18
2025-08-04,SKU0079,13,105,41.0,18
2025-08-11,SKU0079,9,0,41.0,18
2025-08-18,SKU0079,100,82,41.0,18
2025-08-25,SKU0079,99,0,41.0,18
2025-09-01,SKU0079,97,33,41.0,18
2025-09-08,SKU0079,94,11,41.0,18
2025-09-15,SKU0079,94,0,41.0,18
2025-09-22,SKU0079,70,0,41.0,18
2025-09-29,SKU0079,47,0,41.0,18
2024-01-01,SKU0080,262,102,22.0,44
2024-01-08,SKU0080,247,97,22.0,44
2024-01-15,SKU0080,246,0,22.0,44
2024-01-22,SKU0080,228,0,22.0,44
2024-01-29,SKU0080,218,0,22.0,44
2024-02-05,SKU0080,215,49,22.0,44
2024-02-12,SKU0080,209,0,22.0,44
2024-02-19,SKU0080,187,0,22.0,44
2024-02-26,SKU0080,163,0,22.0,44
2024-03-04,SKU0080,158,0,22.0,44
2024-03-11,SKU0080,146,93,22.0,44
2024-03-18,SKU0080,136,118,22.0,44
2024-03-25,SKU0080,131,93,22.0,44
2024-04-01,SKU0080,122,0,22.0,44
2024-04-08,SKU0080,100,0,22.0,44
2024-04-15,SKU0080,79,28,22.0,44
2024-04-22,SKU0080,64,0,22.0,44
2024-04-29,SKU0080,50,0,22.0,44
2024-05-06,SKU0080,45,0,22.0,44
2024-05-13,SKU0080,36,0,22.0,44
2024-05-20,SKU0080,28,0,22.0,44
2024-05-27,SKU0080,11,45,22.0,44
2024-06-03,SKU0080,145,0,22.0,44
2024-06-10,SKU0080,145,0,22.0,44
2024-06-17,SKU0080,136,0,22.0,44
2024-06-24,SKU0080,119,0,22.0,44
2024-07-01,SKU0080,111,92,22.0,44
2024-07-08,SKU0080,94,0,22.0,44
2024-07-15,SKU0080,82,0,22.0,44
2024-07-22,SKU0080,79,75,22.0,44
2024-07-29,SKU0080,69,0,22.0,44
2024-08-05,SKU0080,49,0,22.0,44
2024-08-12,SKU0080,132,0,22.0,44
2024-08-19,SKU0080,114,0,22.0,44
2024-08-26,SKU0080,111,0,22.0,44
2024-09-02,SKU0080,87,75,22.0,44
2024-09-09,SKU0080,66,45,22.0,44
2024-09-16,SKU0080,55,0,22.0,44
2024-09-23,SKU0080,134,25,22.0,44
2024-09-30,SKU0080,111,0,22.0,44
2024-10-07,SKU0080,100,87,22.0,44
2024-10-14,SKU0080,94,96,22.0,44
2024-10-21,SKU0080,74,0,22.0,44
2024-10-28,SKU0080,71,0,22.0,44
2024-11-04,SKU0080,48,0,22.0,44
2024-11-11,SKU0080,203,57,22.0,44
2024-11-18,SKU0080,189,0,22.0,44
2024-11-25,SKU0080,182,0,22.0,44
2024-12-02,SKU0080,166,0,22.0,44
2024-12-09,SKU0080,155,0,22.0,44
2024-12-16,SKU0080,135,0,22.0,44
2024-12-23,SKU0080,116,36,22.0,44
2024-12-30,SKU0080,105,0,22.0,44
2025-01-06,SKU0080,105,0,22.0,44
2025-01-13,SKU0080,87,34,22.0,44
2025-01-20,SKU0080,85,0,22.0,44
2025-01-27,SKU0080,83,0,22.0,44
2025-02-03,SKU0080,72,0,22.0,44
2025-02-10,SKU0080,57,47,22.0,44
2025-02-17,SKU0080,55,0,22.0,44
2025-02-24,SKU0080,207,95,22.0,44
2025-03-03,SKU0080,195,0,22.0,44
2025-03-10,SKU0080,181,112,22.0,44
2025-03-17,SKU0080,181,0,22.0,44
2025-03-24,SKU0080,180,109,22.0,44
2025-03-31,SKU0080,169,42,22.0,44
2025-04-07,SKU0080,156,31,22.0,44
2025-04-14,SKU0080,133,103,22.0,44
2025-04-21,SKU0080,109,0,22.0,44
2025-04-28,SKU0080,100,58,22.0,44
2025-05-05,SKU0080,90,0,22.0,44
2025-05-12,SKU0080,73,64,22.0,44
2025-05-19,SKU0080,61,0,22.0,44
2025-05-26,SKU0080,47,98,22.0,44
2025-06-02,SKU0080,140,0,22.0,44
2025-06-09,SKU0080,134,0,22.0,44
2025-06-16,SKU0080,114,0,22.0,44
2025-06-23,SKU0080,107,0,22.0,44
2025-06-30,SKU0080,94,0,22.0,44
2025-07-07,SKU0080,74,0,22.0,44
2025-07-14,SKU0080,51,0,22.0,44
2025-07-21,SKU0080,41,0,22.0,44
2025-07-28,SKU0080,36,0,22.0,44
2025-08-04,SKU0080,133,45,22.0,44
2025-08-11,SKU0080,124,59,22.0,44
2025-08-18,SKU0080,102,0,22.0,44
2025-08-25,SKU0080,94,0,22.0,44
2025-09-01,SKU0080,79,0,22.0,44
2025-09-08,SKU0080,71,0,22.0,44
2025-09-15,SKU0080,53,0,22.0,44
2025-09-22,SKU0080,44,0,22.0,44
2025-09-29,SKU0080,189,0,22.0,44
2024-01-01,SKU0081,163,10,31.0,56
2024-01-08,SKU0081,142,0,31.0,56
2024-01-15,SKU0081,123,0,31.0,56
2024-01-22,SKU0081,116,0,31.0,56
2024-01-29,SKU0081,95,0,31.0,56
2024-02-05,SKU0081,79,0,31.0,56
2024-02-12,SKU0081,74,38,31.0,56
2024-02-19,SKU0081,63,102,31.0,56
2024-02-26,SKU0081,48,0,31.0,56
2024-03-04,SKU0081,45,0,31.0,56
2024-03-11,SKU0081,151,0,31.0,56
2024-03-18,SKU0081,140,23,31.0,56
2024-03-25,SKU0081,119,0,31.0,56
2024-04-01,SKU0081,111,0,31.0,56
2024-04-08,SKU0081,108,0,31.0,56
2024-04-15,SKU0081,85,81,31.0,56
2024-04-22,SKU0081,66,0,31.0,56
2024-04-29,SKU0081,61,13,31.0,56
2024-05-06,SKU0081,130,115,31.0,56
2024-05-13,SKU0081,129,0,31.0,56
2024-05-20,SKU0081,113,88,31.0,56
2024-05-27,SKU0081,107,43,31.0,56
2024-06-03,SKU0081,105,0,31.0,56
2024-06-10,SKU0081,81,59,31.0,56
2024-06-17,SKU0081,59,0,31.0,56
2024-06-24,SKU0081,204,0,31.0,56
2024-07-01,SKU0081,203,0,31.0,56
2024-07-08,SKU0081,180,65,31.0,56
2024-07-15,SKU0081,158,0,31.0,56
2024-07-22,SKU0081,148,89,31.0,56
2024-07-29,SKU0081,132,0,31.0,56
2024-08-05,SKU0081,124,0,31.0,56
2024-08-12,SKU0081,110,0,31.0,56
2024-08-19,SKU0081,101,0,31.0,56
2024-08-26,SKU0081,82,0,31.0,56
2024-09-02,SKU0081,72,0,31.0,56
2024-09-09,SKU0081,249,0,31.0,56
2024-09-16,SKU0081,241,0,31.0,56
2024-09-23,SKU0081,226,0,31.0,56
2024-09-30,SKU0081,207,0,31.0,56
2024-10-07,SKU0081,195,89,31.0,56
2024-10-14,SKU0081,186,75,31.0,56
2024-10-21,SKU0081,183,0,31.0,56
2024-10-28,SKU0081,172,0,31.0,56
2024-11-04,SKU0081,152,0,31.0,56
2024-11-11,SKU0081,149,0,31.0,56
2024-11-18,SKU0081,141,54,31.0,56
2024-11-25,SKU0081,128,15,31.0,56
2024-12-02,SKU0081,106,0,31.0,56
2024-12-09,SKU0081,105,0,31.0,56
2024-12-16,SKU0081,87,0,31.0,56
2024-12-23,SKU0081,81,0,31.0,56
2024-12-30,SKU0081,70,0,31.0,56
2025-01-06,SKU0081,46,0,31.0,56
2025-01-13,SKU0081,23,0,31.0,56
2025-01-20,SKU0081,83,0,31.0,56
2025-01-27,SKU0081,81,29,31.0,56
2025-02-03,SKU0081,81,8,31.0,56
2025-02-10,SKU0081,75,0,31.0,56
2025-02-17,SKU0081,65,0,31.0,56
2025-02-24,SKU0081,64,0,31.0,56
2025-03-03,SKU0081,160,57,31.0,56
2025-03-10,SKU0081,158,0,31.0,56
2025-03-17,SKU0081,140,0,31.0,56
2025-03-24,SKU0081,140,0,31.0,56
2025-03-31,SKU0081,129,64,31.0,56
2025-04-07,SKU0081,117,19,31.0,56
2025-04-14,SKU0081,115,0,31.0,56
2025-04-21,SKU0081,101,0,31.0,56
2025-04-28,SKU0081,79,0,31.0,56
2025-05-05,SKU0081,65,115,31.0,56
2025-05-12,SKU0081,54,0,31.0,56
2025-05-19,SKU0081,123,0,31.0,56
2025-05-26,SKU0081,117,0,31.0,56
2025-06-02,SKU0081,112,65,31.0,56
2025-06-09,SKU0081,104,0,31.0,56
2025-06-16,SKU0081,104,0,31.0,56
2025-06-23,SKU0081,101,0,31.0,56
2025-06-30,SKU0081,94,0,31.0,56
2025-07-07,SKU0081,86,68,31.0,56
2025-07-14,SKU0081,65,0,31.0,56
2025-07-21,SKU0081,56,59,31.0,56
2025-07-28,SKU0081,38,0,31.0,56
2025-08-04,SKU0081,17,0,31.0,56
2025-08-11,SKU0081,88,0,31.0,56
2025-08-18,SKU0081,74,0,31.0,56
2025-08-25,SKU0081,56,0,31.0,56
2025-09-01,SKU0081,177,0,31.0,56
2025-09-08,SKU0081,162,0,31.0,56
2025-09-15,SKU0081,149,0,31.0,56
2025-09-22,SKU0081,127,64,31.0,56
2025-09-29,SKU0081,120,0,31.0,56
2024-01-01,SKU0082,222,0,29.0,56
2024-01-08,SKU0082,220,104,29.0,56
2024-01-15,SKU0082,197,0,29.0,56
2024-01-22,SKU0082,174,0,29.0,56
2024-01-29,SKU0082,165,0,29.0,56
2024-02-05,SKU0082,160,0,29.0,56
2024-02-12,SKU0082,151,68,29.0,56
2024-02-19,SKU0082,143,0,29.0,56
2024-02-26,SKU0082,132,89,29.0,56
2024-03-04,SKU0082,129,0,29.0,56
2024-03-11,SKU0082,122,0,29.0,56
2024-03-18,SKU0082,120,0,29.0,56
2024-03-25,SKU0082,107,0,29.0,56
2024-04-01,SKU0082,98,0,29.0,56
2024-04-08,SKU0082,88,110,29.0,56
2024-04-15,SKU0082,82,79,29.0,56
2024-04-22,SKU0082,69,108,29.0,56
2024-04-29,SKU0082,45,33,29.0,56
2024-05-06,SKU0082,26,111,29.0,56
2024-05-13,SKU0082,12,82,29.0,56
2024-05-20,SKU0082,0,0,29.0,56
2024-05-27,SKU0082,0,57,29.0,56
2024-06-03,SKU0082,0,114,29.0,56
2024-06-10,SKU0082,0,0,29.0,56
2024-06-17,SKU0082,171,0,29.0,56
2024-06-24,SKU0082,170,0,29.0,56
2024-07-01,SKU0082,148,107,29.0,56
2024-07-08,SKU0082,125,0,29.0,56
2024-07-15,SKU0082,125,17,29.0,56
2024-07-22,SKU0082,119,43,29.0,56
2024-07-29,SKU0082,96,0,29.0,56
2024-08-05,SKU0082,96,0,29.0,56
2024-08-12,SKU0082,83,0,29.0,56
2024-08-19,SKU0082,82,27,29.0,56
2024-08-26,SKU0082,81,58,29.0,56
2024-09-02,SKU0082,77,7,29.0,56
2024-09-09,SKU0082,237,0,29.0,56
2024-09-16,SKU0082,215,45,29.0,56
2024-09-23,SKU0082,204,0,29.0,56
2024-09-30,SKU0082,204,100,29.0,56
2024-10-07,SKU0082,194,0,29.0,56
2024-10-14,SKU0082,189,63,29.0,56
2024-10-21,SKU0082,179,84,29.0,56
2024-10-28,SKU0082,162,0,29.0,56
2024-11-04,SKU0082,156,0,29.0,56
2024-11-11,SKU0082,153,114,29.0,56
2024-11-18,SKU0082,138,0,29.0,56
2024-11-25,SKU0082,120,0,29.0,56
2024-12-02,SKU0082,103,69,29.0,56
2024-12-09,SKU0082,102,43,29.0,56
2024-12-16,SKU0082,100,83,29.0,56
2024-12-23,SKU0082,95,44,29.0,56
2024-12-30,SKU0082,87,0,29.0,56
2025-01-06,SKU0082,71,0,29.0,56
2025-01-13,SKU0082,71,0,29.0,56
2025-01-20,SKU0082,56,0,29.0,56
2025-01-27,SKU0082,154,0,29.0,56
2025-02-03,SKU0082,152,6,29.0,56
2025-02-10,SKU0082,129,0,29.0,56
2025-02-17,SKU0082,128,0,29.0,56
2025-02-24,SKU0082,123,0,29.0,56
2025-03-03,SKU0082,102,0,29.0,56
2025-03-10,SKU0082,89,0,29.0,56
2025-03-17,SKU0082,75,74,29.0,56
2025-03-24,SKU0082,71,46,29.0,56
2025-03-31,SKU0082,127,0,29.0,56
2025-04-07,SKU0082,115,0,29.0,56
2025-04-14,SKU0082,99,0,29.0,56
2025-04-21,SKU0082,91,0,29.0,56
2025-04-28,SKU0082,68,73,29.0,56
2025-05-05,SKU0082,58,52,29.0,56
2025-05-12,SKU0082,44,0,29.0,56
2025-05-19,SKU0082,25,0,29.0,56
2025-05-26,SKU0082,102,69,29.0,56
2025-06-02,SKU0082,102,0,29.0,56
2025-06-09,SKU0082,82,0,29.0,56
2025-06-16,SKU0082,63,0,29.0,56
2025-06-23,SKU0082,57,0,29.0,56
2025-06-30,SKU0082,36,0,29.0,56
2025-07-07,SKU0082,27,0,29.0,56
2025-07-14,SKU0082,13,30,29.0,56
2025-07-21,SKU0082,130,0,29.0,56
2025-07-28,SKU0082,115,0,29.0,56
2025-08-04,SKU0082,101,0,29.0,56
2025-08-11,SKU0082,88,0,29.0,56
2025-08-18,SKU0082,84,0,29.0,56
2025-08-25,SKU0082,68,0,29.0,56
2025-09-01,SKU0082,247,0,29.0,56
2025-09-08,SKU0082,232,0,29.0,56
2025-09-15,SKU0082,214,0,29.0,56
2025-09-22,SKU0082,214,0,29.0,56
2025-09-29,SKU0082,211,0,29.0,56
2025-01-27,SKU0083,260,109,20.0,34
2025-02-03,SKU0083,242,0,20.0,34
2025-02-10,SKU0083,220,116,20.0,34
2025-02-17,SKU0083,197,0,20.0,34
2025-02-24,SKU0083,192,33,20.0,34
2025-03-03,SKU0083,191,0,20.0,34
2025-03-10,SKU0083,171,0,20.0,34
2025-03-17,SKU0083,148,51,20.0,34
2025-03-24,SKU0083,140,0,20.0,34
2025-03-31,SKU0083,135,0,20.0,34
2025-04-07,SKU0083,127,0,20.0,34
2025-04-14,SKU0083,124,0,20.0,34
2025-04-21,SKU0083,118,0,20.0,34
2025-04-28,SKU0083,115,34,20.0,34
2025-05-05,SKU0083,95,72,20.0,34
2025-05-12,SKU0083,74,30,20.0,34
2025-05-19,SKU0083,68,0,20.0,34
2025-05-26,SKU0083,57,0,20.0,34
2025-06-02,SKU0083,57,0,20.0,34
2025-06-09,SKU0083,37,35,20.0,34
2025-06-16,SKU0083,122,104,20.0,34
2025-06-23,SKU0083,119,0,20.0,34
2025-06-30,SKU0083,106,0,20.0,34
2025-07-07,SKU0083,86,104,20.0,34
2025-07-14,SKU0083,63,0,20.0,34
2025-07-21,SKU0083,61,0,20.0,34
2025-07-28,SKU0083,60,0,20.0,34
2025-08-04,SKU0083,44,0,20.0,34
2025-08-11,SKU0083,21,0,20.0,34
2025-08-18,SKU0083,16,0,20.0,34
2025-08-25,SKU0083,117,0,20.0,34
2025-09-01,SKU0083,102,0,20.0,34
2025-09-08,SKU0083,84,0,20.0,34
2025-09-15,SKU0083,81,0,20.0,34
2025-09-22,SKU0083,57,0,20.0,34
2025-09-29,SKU0083,56,35,20.0,34
2024-01-01,SKU0084,206,0,17.0,19
2024-01-08,SKU0084,186,75,17.0,19
2024-01-15,SKU0084,182,0,17.0,19
2024-01-22,SKU0084,162,7,17.0,19
2024-01-29,SKU0084,152,0,17.0,19
2024-02-05,SKU0084,152,73,17.0,19
2024-02-12,SKU0084,142,0,17.0,19
2024-02-19,SKU0084,127,9,17.0,19
2024-02-26,SKU0084,111,21,17.0,19
2024-03-04,SKU0084,98,0,17.0,19
2024-03-11,SKU0084,95,62,17.0,19
2024-03-18,SKU0084,76,0,17.0,19
2024-03-25,SKU0084,72,0,17.0,19
2024-04-01,SKU0084,50,0,17.0,19
2024-04-08,SKU0084,42,0,17.0,19
2024-04-15,SKU0084,24,0,17.0,19
2024-04-22,SKU0084,147,0,17.0,19
2024-04-29,SKU0084,123,0,17.0,19
2024-05-06,SKU0084,100,0,17.0,19
2024-05-13,SKU0084,95,86,17.0,19
2024-05-20,SKU0084,86,0,17.0,19
2024-05-27,SKU0084,63,0,17.0,19
2024-06-03,SKU0084,57,0,17.0,19
2024-06-10,SKU0084,35,89,17.0,19
2024-06-17,SKU0084,33,0,17.0,19
2024-06-24,SKU0084,97,0,17.0,19
2024-07-01,SKU0084,90,0,17.0,19
2024-07-08,SKU0084,70,90,17.0,19
2024-07-15,SKU0084,62,0,17.0,19
2024-07-22,SKU0084,52,0,17.0,19
2024-07-29,SKU0084,51,24,17.0,19
2024-08-05,SKU0084,40,0,17.0,19
2024-08-12,SKU0084,161,0,17.0,19
2024-08-19,SKU0084,151,0,17.0,19
2024-08-26,SKU0084,139,101,17.0,19
2024-09-02,SKU0084,136,0,17.0,19
2024-09-09,SKU0084,113,0,17.0,19
2024-09-16,SKU0084,94,0,17.0,19
2024-09-23,SKU0084,80,54,17.0,19
2024-09-30,SKU0084,56,29,17.0,19
2024-10-07,SKU0084,35,0,17.0,19
2024-10-14,SKU0084,12,0,17.0,19
2024-10-21,SKU0084,111,94,17.0,19
2024-10-28,SKU0084,91,0,17.0,19
2024-11-04,SKU0084,76,0,17.0,19
2024-11-11,SKU0084,60,0,17.0,19
2024-11-18,SKU0084,48,107,17.0,19
2024-11-25,SKU0084,36,62,17.0,19
2024-12-02,SKU0084,26,0,17.0,19
2024-12-09,SKU0084,114,77,17.0,19
2024-12-16,SKU0084,92,0,17.0,19
2024-12-23,SKU0084,72,12,17.0,19
2024-12-30,SKU0084,49,0,17.0,19
2025-01-06,SKU0084,25,42,17.0,19
2025-01-13,SKU0084,74,60,17.0,19
2025-01-20,SKU0084,64,0,17.0,19
2025-01-27,SKU0084,46,0,17.0,19
2025-02-03,SKU0084,28,0,17.0,19
2025-02-10,SKU0084,23,0,17.0,19
2025-02-17,SKU0084,8,0,17.0,19
2025-02-24,SKU0084,0,1,17.0,19
2025-03-03,SKU0084,0,0,17.0,19
2025-03-10,SKU0084,0,0,17.0,19
2025-03-17,SKU0084,0,29,17.0,19
2025-03-24,SKU0084,161,0,17.0,19
2025-03-31,SKU0084,156,0,17.0,19
2025-04-07,SKU0084,134,0,17.0,19
2025-04-14,SKU0084,129,107,17.0,19
2025-04-21,SKU0084,121,0,17.0,19
2025-04-28,SKU0084,119,0,17.0,19
2025-05-05,SKU0084,111,0,17.0,19
2025-05-12,SKU0084,108,60,17.0,19
2025-05-19,SKU0084,100,0,17.0,19
2025-05-26,SKU0084,86,0,17.0,19
2025-06-02,SKU0084,62,0,17.0,19
2025-06-09,SKU0084,55,0,17.0,19
2025-06-16,SKU0084,51,0,17.0,19
2025-06-23,SKU0084,43,104,17.0,19
2025-06-30,SKU0084,39,0,17.0,19
2025-07-07,SKU0084,32,0,17.0,19
2025-07-14,SKU0084,31,0,17.0,19
2025-07-21,SKU0084,8,0,17.0,19
2025-07-28,SKU0084,0,0,17.0,19
2025-08-04,SKU0084,0,117,17.0,19
2025-08-11,SKU0084,143,0,17.0,19
2025-08-18,SKU0084,125,12,17.0,19
2025-08-25,SKU0084,111,79,17.0,19
2025-09-01,SKU0084,101,90,17.0,19
2025-09-08,SKU0084,100,0,17.0,19
2025-09-15,SKU0084,90,0,17.0,19
2025-09-22,SKU0084,74,84,17.0,19
2025-09-29,SKU0084,63,0,17.0,19
2024-02-19,SKU0085,80,0,38.0,58
2024-02-26,SKU0085,63,0,38.0,58
2024-03-04,SKU0085,168,0,38.0,58
2024-03-11,SKU0085,148,103,38.0,58
2024-03-18,SKU0085,138,0,38.0,58
2024-03-25,SKU0085,127,0,38.0,58
2024-04-01,SKU0085,114,0,38.0,58
2024-04-08,SKU0085,93,62,38.0,58
2024-04-15,SKU0085,88,0,38.0,58
2024-04-22,SKU0085,82,0,38.0,58
2024-04-29,SKU0085,70,0,38.0,58
2024-05-06,SKU0085,169,0,38.0,58
2024-05-13,SKU0085,164,0,38.0,58
2024-05-20,SKU0085,163,0,38.0,58
2024-05-27,SKU0085,144,0,38.0,58
2024-06-03,SKU0085,141,0,38.0,58
2024-06-10,SKU0085,132,0,38.0,58
2024-06-17,SKU0085,114,0,38.0,58
2024-06-24,SKU0085,108,10,38.0,58
2024-07-01,SKU0085,107,59,38.0,58
2024-07-08,SKU0085,100,0,38.0,58
2024-07-15,SKU0085,90,70,38.0,58
2024-07-22,SKU0085,68,0,38.0,58
2024-07-29,SKU0085,65,0,38.0,58
2024-08-05,SKU0085,62,0,38.0,58
2024-08-12,SKU0085,158,0,38.0,58
2024-08-19,SKU0085,141,0,38.0,58
2024-08-26,SKU0085,123,69,38.0,58
2024-09-02,SKU0085,99,0,38.0,58
2024-09-09,SKU0085,87,0,38.0,58
2024-09-16,SKU0085,81,0,38.0,58
2024-09-23,SKU0085,69,0,38.0,58
2024-09-30,SKU0085,54,0,38.0,58
2024-10-07,SKU0085,53,0,38.0,58
2024-10-14,SKU0085,166,23,38.0,58
2024-10-21,SKU0085,148,43,38.0,58
2024-10-28,SKU0085,138,0,38.0,58
2024-11-04,SKU0085,125,0,38.0,58
2024-11-11,SKU0085,118,0,38.0,58
2024-11-18,SKU0085,102,0,38.0,58
2024-11-25,SKU0085,95,23,38.0,58
2024-12-02,SKU0085,92,0,38.0,58
2024-12-09,SKU0085,89,0,38.0,58
2024-12-16,SKU0085,83,56,38.0,58
2024-12-23,SKU0085,72,0,38.0,58
2024-12-30,SKU0085,64,45,38.0,58
2025-01-06,SKU0085,200,0,38.0,58
2025-01-13,SKU0085,194,0,38.0,58
2025-01-20,SKU0085,194,47,38.0,58
2025-01-27,SKU0085,190,0,38.0,58
2025-02-03,SKU0085,167,0,38.0,58
2025-02-10,SKU0085,166,0,38.0,58
2025-02-17,SKU0085,161,0,38.0,58
2025-02-24,SKU0085,152,64,38.0,58
2025-03-03,SKU0085,134,0,38.0,58
2025-03-10,SKU0085,122,2,38.0,58
2025-03-17,SKU0085,106,0,38.0,58
2025-03-24,SKU0085,104,36,38.0,58
2025-03-31,SKU0085,102,0,38.0,58
2025-04-07,SKU0085,102,0,38.0,58
2025-04-14,SKU0085,81,66,38.0,58
2025-04-21,SKU0085,72,0,38.0,58
2025-04-28,SKU0085,161,104,38.0,58
2025-05-05,SKU0085,155,0,38.0,58
2025-05-12,SKU0085,149,0,38.0,58
2025-05-19,SKU0085,148,0,38.0,58
2025-05-26,SKU0085,140,0,38.0,58
2025-06-02,SKU0085,120,33,38.0,58
2025-06-09,SKU0085,101,0,38.0,58
2025-06-16,SKU0085,79,0,38.0,58
2025-06-23,SKU0085,194,84,38.0,58
2025-06-30,SKU0085,194,92,38.0,58
2025-07-07,SKU0085,171,118,38.0,58
2025-07-14,SKU0085,152,78,38.0,58
2025-07-21,SKU0085,130,0,38.0,58
2025-07-28,SKU0085,127,0,38.0,58
2025-08-04,SKU0085,108,0,38.0,58
2025-08-11,SKU0085,98,35,38.0,58
2025-08-18,SKU0085,89,20,38.0,58
2025-08-25,SKU0085,71,0,38.0,58
2025-09-01,SKU0085,60,0,38.0,58
2025-09-08,SKU0085,46,119,38.0,58
2025-09-15,SKU0085,36,0,38.0,58
2025-09-22,SKU0085,124,72,38.0,58
2025-09-29,SKU0085,117,0,38.0,58
2024-01-01,SKU0086,191,0,16.0,22
2024-01-08,SKU0086,188,0,16.0,22
2024-01-15,SKU0086,172,94,16.0,22
2024-01-22,SKU0086,148,47,16.0,22
2024-01-29,SKU0086,128,0,16.0,22
2024-02-05,SKU0086,108,0,16.0,22
2024-02-12,SKU0086,103,0,16.0,22
2024-02-19,SKU0086,83,0,16.0,22
2024-02-26,SKU0086,83,13,16.0,22
2024-03-04,SKU0086,65,0,16.0,22
2024-03-11,SKU0086,52,0,16.0,22
2024-03-18,SKU0086,40,0,16.0,22
2024-03-25,SKU0086,191,0,16.0,22
2024-04-01,SKU0086,183,0,16.0,22
2024-04-08,SKU0086,163,0,16.0,22
2024-04-15,SKU0086,142,0,16.0,22
2024-04-22,SKU0086,136,0,16.0,22
2024-04-29,SKU0086,117,0,16.0,22
2024-05-06,SKU0086,95,27,16.0,22
2024-05-13,SKU0086,90,0,16.0,22
2024-05-20,SKU0086,90,0,16.0,22
2024-05-27,SKU0086,78,0,16.0,22
2024-06-03,SKU0086,59,0,16.0,22
2024-06-10,SKU0086,59,0,16.0,22
2024-06-17,SKU0086,46,83,16.0,22
2024-06-24,SKU0086,46,0,16.0,22
2024-07-01,SKU0086,23,0,16.0,22
2024-07-08,SKU0086,112,0,16.0,22
2024-07-15,SKU0086,102,0,16.0,22
2024-07-22,SKU0086,92,0,16.0,22
2024-07-29,SKU0086,78,52,16.0,22
2024-08-05,SKU0086,61,0,16.0,22
2024-08-12,SKU0086,52,0,16.0,22
2024-08-19,SKU0086,34,0,16.0,22
2024-08-26,SKU0086,12,0,16.0,22
2024-09-02,SKU0086,2,0,16.0,22
2024-09-09,SKU0086,105,44,16.0,22
2024-09-16,SKU0086,85,0,16.0,22
2024-09-23,SKU0086,81,21,16.0,22
2024-09-30,SKU0086,76,0,16.0,22
2024-10-07,SKU0086,74,0,16.0,22
2024-10-14,SKU0086,66,0,16.0,22
2024-10-21,SKU0086,52,82,16.0,22
2024-10-28,SKU0086,52,92,16.0,22
2024-11-04,SKU0086,29,0,16.0,22
2024-11-11,SKU0086,158,0,16.0,22
2024-11-18,SKU0086,141,0,16.0,22
2024-11-25,SKU0086,138,0,16.0,22
2024-12-02,SKU0086,138,0,16.0,22
2024-12-09,SKU0086,138,24,16.0,22
2024-12-16,SKU0086,133,0,16.0,22
2024-12-23,SKU0086,122,0,16.0,22
2024-12-30,SKU0086,100,0,16.0,22
2025-01-06,SKU0086,98,0,16.0,22
2025-01-13,SKU0086,81,82,16.0,22
2025-01-20,SKU0086,71,0,16.0,22
2025-01-27,SKU0086,53,0,16.0,22
2025-02-03,SKU0086,36,0,16.0,22
2025-02-10,SKU0086,26,95,16.0,22
2025-02-17,SKU0086,94,32,16.0,22
2025-02-24,SKU0086,89,0,16.0,22
2025-03-03,SKU0086,88,90,16.0,22
2025-03-10,SKU0086,83,0,16.0,22
2025-03-17,SKU0086,69,0,16.0,22
2025-03-24,SKU0086,68,61,16.0,22
2025-03-31,SKU0086,67,0,16.0,22
2025-04-07,SKU0086,57,0,16.0,22
2025-04-14,SKU0086,37,0,16.0,22
2025-04-21,SKU0086,13,0,16.0,22
2025-04-28,SKU0086,0,0,16.0,22
2025-05-05,SKU0086,70,0,16.0,22
2025-05-12,SKU0086,63,0,16.0,22
2025-05-19,SKU0086,49,0,16.0,22
2025-05-26,SKU0086,29,0,16.0,22
2025-06-02,SKU0086,17,0,16.0,22
2025-06-09,SKU0086,0,40,16.0,22
2025-06-16,SKU0086,87,0,16.0,22
2025-06-23,SKU0086,75,0,16.0,22
2025-06-30,SKU0086,71,0,16.0,22
2025-07-07,SKU0086,67,0,16.0,22
2025-07-14,SKU0086,53,10,16.0,22
2025-07-21,SKU0086,50,0,16.0,22
2025-07-28,SKU0086,44,0,16.0,22
2025-08-04,SKU0086,25,0,16.0,22
2025-08-11,SKU0086,123,0,16.0,22
2025-08-18,SKU0086,109,0,16.0,22
2025-08-25,SKU0086,107,0,16.0,22
2025-09-01,SKU0086,87,46,16.0,22
2025-09-08,SKU0086,75,68,16.0,22
2025-09-15,SKU0086,61,0,16.0,22
2025-09-22,SKU0086,45,0,16.0,22
2025-09-29,SKU0086,29,8,16.0,22
2024-01-01,SKU0087,103,0,29.0,42
2024-01-08,SKU0087,103,0,29.0,42
2024-01-15,SKU0087,90,74,29.0,42
2024-01-22,SKU0087,88,0,29.0,42
2024-01-29,SKU0087,65,0,29.0,42
2024-02-05,SKU0087,48,93,29.0,42
2024-02-12,SKU0087,239,38,29.0,42
2024-02-19,SKU0087,218,0,29.0,42
2024-02-26,SKU0087,202,86,29.0,42
2024-03-04,SKU0087,201,0,29.0,42
2024-03-11,SKU0087,197,0,29.0,42
2024-03-18,SKU0087,193,0,29.0,42
2024-03-25,SKU0087,193,92,29.0,42
2024-04-01,SKU0087,192,0,29.0,42
2024-04-08,SKU0087,180,0,29.0,42
2024-04-15,SKU0087,156,0,29.0,42
2024-04-22,SKU0087,143,91,29.0,42
2024-04-29,SKU0087,123,4,29.0,42
2024-05-06,SKU0087,103,60,29.0,42
2024-05-13,SKU0087,101,0,29.0,42
2024-05-20,SKU0087,92,86,29.0,42
2024-05-27,SKU0087,78,0,29.0,42
2024-06-03,SKU0087,67,14,29.0,42
2024-06-10,SKU0087,58,0,29.0,42
2024-06-17,SKU0087,39,0,29.0,42
2024-06-24,SKU0087,89,0,29.0,42
2024-07-01,SKU0087,67,0,29.0,42
2024-07-08,SKU0087,53,0,29.0,42
2024-07-15,SKU0087,194,68,29.0,42
2024-07-22,SKU0087,172,94,29.0,42
2024-07-29,SKU0087,172,0,29.0,42
2024-08-05,SKU0087,167,0,29.0,42
2024-08-12,SKU0087,163,0,29.0,42
2024-08-19,SKU0087,140,0,29.0,42
2024-08-26,SKU0087,119,0,29.0,42
2024-09-02,SKU0087,111,15,29.0,42
2024-09-09,SKU0087,109,93,29.0,42
2024-09-16,SKU0087,86,0,29.0,42
2024-09-23,SKU0087,82,10,29.0,42
2024-09-30,SKU0087,75,29,29.0,42
2024-10-07,SKU0087,75,60,29.0,42
2024-10-14,SKU0087,58,0,29.0,42
2024-10-21,SKU0087,187,91,29.0,42
2024-10-28,SKU0087,173,0,29.0,42
2024-11-04,SKU0087,154,54,29.0,42
2024-11-11,SKU0087,142,0,29.0,42
2024-11-18,SKU0087,122,0,29.0,42
2024-11-25,SKU0087,114,0,29.0,42
2024-12-02,SKU0087,113,0,29.0,42
2024-12-09,SKU0087,112,59,29.0,42
2024-12-16,SKU0087,101,86,29.0,42
2024-12-23,SKU0087,89,0,29.0,42
2024-12-30,SKU0087,73,0,29.0,42
2025-01-06,SKU0087,59,0,29.0,42
2025-01-13,SKU0087,115,62,29.0,42
2025-01-20,SKU0087,93,98,29.0,42
2025-01-27,SKU0087,85,0,29.0,42
2025-02-03,SKU0087,66,22,29.0,42
2025-02-10,SKU0087,54,0,29.0,42
2025-02-17,SKU0087,43,0,29.0,42
2025-02-24,SKU0087,117,52,29.0,42
2025-03-03,SKU0087,93,75,29.0,42
2025-03-10,SKU0087,77,54,29.0,42
2025-03-17,SKU0087,76,0,29.0,42
2025-03-24,SKU0087,56,102,29.0,42
2025-03-31,SKU0087,34,116,29.0,42
2025-04-07,SKU0087,27,0,29.0,42
2025-04-14,SKU0087,100,0,29.0,42
2025-04-21,SKU0087,91,6,29.0,42
2025-04-28,SKU0087,77,27,29.0,42
2025-05-05,SKU0087,69,0,29.0,42
2025-05-12,SKU0087,54,0,29.0,42
2025-05-19,SKU0087,53,0,29.0,42
2025-05-26,SKU0087,45,0,29.0,42
2025-06-02,SKU0087,34,0,29.0,42
2025-06-09,SKU0087,99,0,29.0,42
2025-06-16,SKU0087,96,0,29.0,42
2025-06-23,SKU0087,87,69,29.0,42
2025-06-30,SKU0087,73,112,29.0,42
2025-07-07,SKU0087,59,6,29.0,42
2025-07-14,SKU0087,42,63,29.0,42
2025-07-21,SKU0087,230,0,29.0,42
2025-07-28,SKU0087,227,0,29.0,42
2025-08-04,SKU0087,208,0,29.0,42
2025-08-11,SKU0087,191,43,29.0,42
2025-08-18,SKU0087,184,75,29.0,42
2025-08-25,SKU0087,174,0,29.0,42
2025-09-01,SKU0087,157,0,29.0,42
2025-09-08,SKU0087,134,0,29.0,42
2025-09-15,SKU0087,133,70,29.0,42
2025-09-22,SKU0087,133,0,29.0,42
2025-09-29,SKU0087,120,1,29.0,42
2024-01-01,SKU0088,51,113,29.0,77
2024-01-08,SKU0088,42,0,29.0,77
2024-01-15,SKU0088,135,65,29.0,77
2024-01-22,SKU0088,124,0,29.0,77
2024-01-29,SKU0088,112,117,29.0,77
2024-02-05,SKU0088,97,99,29.0,77
2024-02-12,SKU0088,92,0,29.0,77
2024-02-19,SKU0088,88,0,29.0,77
2024-02-26,SKU0088,84,46,29.0,77
2024-03-04,SKU0088,75,58,29.0,77
2024-03-11,SKU0088,145,0,29.0,77
2024-03-18,SKU0088,126,0,29.0,77
2024-03-25,SKU0088,108,0,29.0,77
2024-04-01,SKU0088,90,0,29.0,77
2024-04-08,SKU0088,235,0,29.0,77
2024-04-15,SKU0088,216,0,29.0,77
2024-04-22,SKU0088,195,0,29.0,77
2024-04-29,SKU0088,186,0,29.0,77
2024-05-06,SKU0088,172,100,29.0,77
2024-05-13,SKU0088,155,85,29.0,77
2024-05-20,SKU0088,144,39,29.0,77
2024-05-27,SKU0088,122,0,29.0,77
2024-06-03,SKU0088,115,0,29.0,77
2024-06-10,SKU0088,98,0,29.0,77
2024-06-17,SKU0088,90,0,29.0,77
2024-06-24,SKU0088,249,0,29.0,77
2024-07-01,SKU0088,246,40,29.0,77
2024-07-08,SKU0088,231,0,29.0,77
2024-07-15,SKU0088,212,0,29.0,77
2024-07-22,SKU0088,189,0,29.0,77
2024-07-29,SKU0088,165,14,29.0,77
2024-08-05,SKU0088,156,0,29.0,77
2024-08-12,SKU0088,143,105,29.0,77
2024-08-19,SKU0088,138,0,29.0,77
2024-08-26,SKU0088,138,0,29.0,77
2024-09-02,SKU0088,130,0,29.0,77
2024-09-09,SKU0088,124,60,29.0,77
2024-09-16,SKU0088,116,0,29.0,77
2024-09-23,SKU0088,96,0,29.0,77
2024-09-30,SKU0088,83,0,29.0,77
2024-10-07,SKU0088,59,0,29.0,77
2024-10-14,SKU0088,134,109,29.0,77
2024-10-21,SKU0088,133,0,29.0,77
2024-10-28,SKU0088,121,0,29.0,77
2024-11-04,SKU0088,111,0,29.0,77
2024-11-11,SKU0088,93,0,29.0,77
2024-11-18,SKU0088,79,0,29.0,77
2024-11-25,SKU0088,71,0,29.0,77
2024-12-02,SKU0088,58,0,29.0,77
2024-12-09,SKU0088,50,76,29.0,77
2024-12-16,SKU0088,181,0,29.0,77
2024-12-23,SKU0088,166,0,29.0,77
2024-12-30,SKU0088,151,74,29.0,77
2025-01-06,SKU0088,135,46,29.0,77
2025-01-13,SKU0088,127,0,29.0,77
2025-01-20,SKU0088,108,0,29.0,77
2025-01-27,SKU0088,105,0,29.0,77
2025-02-03,SKU0088,105,0,29.0,77
2025-02-10,SKU0088,81,0,29.0,77
2025-02-17,SKU0088,68,0,29.0,77
2025-02-24,SKU0088,52,108,29.0,77
2025-03-03,SKU0088,42,0,29.0,77
2025-03-10,SKU0088,169,29,29.0,77
2025-03-17,SKU0088,153,106,29.0,77
2025-03-24,SKU0088,142,115,29.0,77
2025-03-31,SKU0088,140,0,29.0,77
2025-04-07,SKU0088,137,90,29.0,77
2025-04-14,SKU0088,128,0,29.0,77
2025-04-21,SKU0088,110,0,29.0,77
2025-04-28,SKU0088,88,0,29.0,77
2025-05-05,SKU0088,84,0,29.0,77
2025-05-12,SKU0088,78,105,29.0,77
2025-05-19,SKU0088,156,0,29.0,77
2025-05-26,SKU0088,132,0,29.0,77
2025-06-02,SKU0088,131,0,29.0,77
2025-06-09,SKU0088,108,0,29.0,77
2025-06-16,SKU0088,90,0,29.0,77
2025-06-23,SKU0088,170,16,29.0,77
2025-06-30,SKU0088,148,0,29.0,77
2025-07-07,SKU0088,133,115,29.0,77
2025-07-14,SKU0088,113,3,29.0,77
2025-07-21,SKU0088,105,0,29.0,77
2025-07-28,SKU0088,92,26,29.0,77
2025-08-04,SKU0088,275,53,29.0,77
2025-08-11,SKU0088,258,62,29.0,77
2025-08-18,SKU0088,243,0,29.0,77
2025-08-25,SKU0088,241,0,29.0,77
2025-09-01,SKU0088,222,0,29.0,77
2025-09-08,SKU0088,200,0,29.0,77
2025-09-15,SKU0088,188,0,29.0,77
2025-09-22,SKU0088,169,0,29.0,77
2025-09-29,SKU0088,146,0,29.0,77
2024-01-01,SKU0089,210,12,14.0,37
2024-01-08,SKU0089,199,0,14.0,37
2024-01-15,SKU0089,194,0,14.0,37
2024-01-22,SKU0089,174,0,14.0,37
2024-01-29,SKU0089,157,0,14.0,37
2024-02-05,SKU0089,143,92,14.0,37
2024-02-12,SKU0089,141,0,14.0,37
2024-02-19,SKU0089,125,0,14.0,37
2024-02-26,SKU0089,116,0,14.0,37
2024-03-04,SKU0089,95,115,14.0,37
2024-03-11,SKU0089,78,19,14.0,37
2024-03-18,SKU0089,67,56,14.0,37
2024-03-25,SKU0089,57,0,14.0,37
2024-04-01,SKU0089,57,0,14.0,37
2024-04-08,SKU0089,40,5,14.0,37
2024-04-15,SKU0089,132,0,14.0,37
2024-04-22,SKU0089,115,0,14.0,37
2024-04-29,SKU0089,115,116,14.0,37
2024-05-06,SKU0089,101,65,14.0,37
2024-05-13,SKU0089,93,117,14.0,37
2024-05-20,SKU0089,71,0,14.0,37
2024-05-27,SKU0089,57,8,14.0,37
2024-06-03,SKU0089,39,0,14.0,37
2024-06-10,SKU0089,130,0,14.0,37
2024-06-17,SKU0089,114,0,14.0,37
2024-06-24,SKU0089,105,0,14.0,37
2024-07-01,SKU0089,85,0,14.0,37
2024-07-08,SKU0089,80,90,14.0,37
2024-07-15,SKU0089,71,36,14.0,37
2024-07-22,SKU0089,49,0,14.0,37
2024-07-29,SKU0089,37,13,14.0,37
2024-08-05,SKU0089,23,52,14.0,37
2024-08-12,SKU0089,0,0,14.0,37
2024-08-19,SKU0089,143,45,14.0,37
2024-08-26,SKU0089,132,0,14.0,37
2024-09-02,SKU0089,114,0,14.0,37
2024-09-09,SKU0089,108,0,14.0,37
2024-09-16,SKU0089,96,46,14.0,37
2024-09-23,SKU0089,77,0,14.0,37
2024-09-30,SKU0089,76,0,14.0,37
2024-10-07,SKU0089,58,0,14.0,37
2024-10-14,SKU0089,56,119,14.0,37
2024-10-21,SKU0089,45,0,14.0,37
2024-10-28,SKU0089,24,0,14.0,37
2024-11-04,SKU0089,8,0,14.0,37
2024-11-11,SKU0089,87,106,14.0,37
2024-11-18,SKU0089,65,0,14.0,37
2024-11-25,SKU0089,55,0,14.0,37
2024-12-02,SKU0089,42,0,14.0,37
2024-12-09,SKU0089,102,0,14.0,37
2024-12-16,SKU0089,92,0,14.0,37
2024-12-23,SKU0089,74,3,14.0,37
2024-12-30,SKU0089,74,0,14.0,37
2025-01-06,SKU0089,63,0,14.0,37
2025-01-13,SKU0089,47,24,14.0,37
2025-01-20,SKU0089,26,12,14.0,37
2025-01-27,SKU0089,146,0,14.0,37
2025-02-03,SKU0089,125,0,14.0,37
2025-02-10,SKU0089,108,0,14.0,37
2025-02-17,SKU0089,90,6,14.0,37
2025-02-24,SKU0089,80,0,14.0,37
2025-03-03,SKU0089,69,0,14.0,37
2025-03-10,SKU0089,63,58,14.0,37
2025-03-17,SKU0089,44,0,14.0,37
2025-03-24,SKU0089,40,0,14.0,37
2025-03-31,SKU0089,85,0,14.0,37
2025-04-07,SKU0089,71,0,14.0,37
2025-04-14,SKU0089,65,70,14.0,37
2025-04-21,SKU0089,45,0,14.0,37
2025-04-28,SKU0089,191,0,14.0,37
2025-05-05,SKU0089,176,0,14.0,37
2025-05-12,SKU0089,160,0,14.0,37
2025-05-19,SKU0089,138,0,14.0,37
2025-05-26,SKU0089,138,0,14.0,37
2025-06-02,SKU0089,114,0,14.0,37
2025-06-09,SKU0089,95,0,14.0,37
2025-06-16,SKU0089,72,0,14.0,37
2025-06-23,SKU0089,70,0,14.0,37
2025-06-30,SKU0089,49,0,14.0,37
2025-07-07,SKU0089,35,65,14.0,37
2025-07-14,SKU0089,201,0,14.0,37
2025-07-21,SKU0089,193,7,,37
2025-07-28,SKU0089,188,0,14.0,37
2025-08-04,SKU0089,177,72,14.0,37
2025-08-11,SKU0089,166,28,14.0,37
2025-08-18,SKU0089,156,106,14.0,37
2025-08-25,SKU0089,145,0,14.0,37
2025-09-01,SKU0089,128,0,14.0,37
2025-09-08,SKU0089,105,0,14.0,37
2025-09-15,SKU0089,87,56,14.0,37
2025-09-22,SKU0089,75,0,14.0,37
2025-09-29,SKU0089,72,0,14.0,37
2024-01-01,SKU0090,127,0,7.0,51
2024-01-08,SKU0090,111,0,7.0,51
2024-01-15,SKU0090,88,0,7.0,51
2024-01-22,SKU0090,72,0,7.0,51
2024-01-29,SKU0090,61,0,7.0,51
2024-02-05,SKU0090,217,0,7.0,51
2024-02-12,SKU0090,206,0,7.0,51
2024-02-19,SKU0090,200,0,7.0,51
2024-02-26,SKU0090,198,0,7.0,51
2024-03-04,SKU0090,194,0,7.0,51
2024-03-11,SKU0090,187,0,7.0,51
2024-03-18,SKU0090,170,1,7.0,51
2024-03-25,SKU0090,169,0,7.0,51
2024-04-01,SKU0090,161,45,7.0,51
2024-04-08,SKU0090,144,0,7.0,51
2024-04-15,SKU0090,124,73,7.0,51
2024-04-22,SKU0090,115,64,7.0,51
2024-04-29,SKU0090,102,0,7.0,51
2024-05-06,SKU0090,80,0,7.0,51
2024-05-13,SKU0090,57,0,7.0,51
2024-05-20,SKU0090,33,69,7.0,51
2024-05-27,SKU0090,31,0,7.0,51
2024-06-03,SKU0090,24,0,7.0,51
2024-06-10,SKU0090,3,0,7.0,51
2024-06-17,SKU0090,3,0,7.0,51
2024-06-24,SKU0090,78,0,7.0,51
2024-07-01,SKU0090,78,0,7.0,51
2024-07-08,SKU0090,71,1,7.0,51
2024-07-15,SKU0090,62,0,7.0,51
2024-07-22,SKU0090,50,0,7.0,51
2024-07-29,SKU0090,96,0,7.0,51
2024-08-05,SKU0090,94,0,7.0,51
2024-08-12,SKU0090,83,83,7.0,51
2024-08-19,SKU0090,64,0,7.0,51
2024-08-26,SKU0090,64,0,7.0,51
2024-09-02,SKU0090,59,0,7.0,51
2024-09-09,SKU0090,183,58,7.0,51
2024-09-16,SKU0090,174,0,7.0,51
2024-09-23,SKU0090,158,102,7.0,51
2024-09-30,SKU0090,139,0,7.0,51
2024-10-07,SKU0090,119,90,7.0,51
2024-10-14,SKU0090,114,25,7.0,51
2024-10-21,SKU0090,110,14,7.0,51
2024-10-28,SKU0090,105,111,7.0,51
2024-11-04,SKU0090,92,64,7.0,51
2024-11-11,SKU0090,69,28,7.0,51
2024-11-18,SKU0090,48,46,7.0,51
2024-11-25,SKU0090,38,0,7.0,51
2024-12-02,SKU0090,178,0,7.0,51
2024-12-09,SKU0090,164,0,7.0,51
2024-12-16,SKU0090,145,0,7.0,51
2024-12-23,SKU0090,139,0,7.0,51
2024-12-30,SKU0090,119,38,7.0,51
2025-01-06,SKU0090,112,5,7.0,51
2025-01-13,SKU0090,101,102,7.0,51
2025-01-20,SKU0090,86,0,7.0,51
2025-01-27,SKU0090,76,0,7.0,51
2025-02-03,SKU0090,72,0,7.0,51
2025-02-10,SKU0090,50,0,7.0,51
2025-02-17,SKU0090,31,0,7.0,51
2025-02-24,SKU0090,123,0,7.0,51
2025-03-03,SKU0090,118,0,7.0,51
2025-03-10,SKU0090,97,0,7.0,51
2025-03-17,SKU0090,76,27,7.0,51
2025-03-24,SKU0090,63,0,7.0,51
2025-03-31,SKU0090,49,0,7.0,51
2025-04-07,SKU0090,137,19,7.0,51
2025-04-14,SKU0090,133,0,7.0,51
2025-04-21,SKU0090,132,0,7.0,51
2025-04-28,SKU0090,119,0,7.0,51
2025-05-05,SKU0090,95,0,7.0,51
2025-05-12,SKU0090,73,0,7.0,51
2025-05-19,SKU0090,58,43,7.0,51
2025-05-26,SKU0090,50,0,7.0,51
2025-06-02,SKU0090,29,64,7.0,51
2025-06-09,SKU0090,25,0,7.0,51
2025-06-16,SKU0090,20,79,7.0,51
2025-06-23,SKU0090,20,0,7.0,51
2025-06-30,SKU0090,5,0,7.0,51
2025-07-07,SKU0090,0,90,7.0,51
2025-07-14,SKU0090,154,0,7.0,51
2025-07-21,SKU0090,136,99,7.0,51
2025-07-28,SKU0090,113,0,7.0,51
2025-08-04,SKU0090,112,0,7.0,51
2025-08-11,SKU0090,110,40,7.0,51
2025-08-18,SKU0090,90,26,7.0,51
2025-08-25,SKU0090,68,0,7.0,51
2025-09-01,SKU0090,59,0,7.0,51
2025-09-08,SKU0090,51,0,7.0,51
2025-09-15,SKU0090,44,0,7.0,51
2025-09-22,SKU0090,20,0,7.0,51
2025-09-29,SKU0090,199,69,7.0,51
2024-01-01,SKU0091,223,0,42.0,14
2024-01-08,SKU0091,203,71,42.0,14
2024-01-15,SKU0091,201,63,42.0,14
2024-01-22,SKU0091,197,0,42.0,14
2024-01-29,SKU0091,195,99,42.0,14
2024-02-05,SKU0091,194,83,42.0,14
2024-02-12,SKU0091,192,0,42.0,14
2024-02-19,SKU0091,187,0,42.0,14
2024-02-26,SKU0091,178,0,42.0,14
2024-03-04,SKU0091,156,0,42.0,14
2024-03-11,SKU0091,147,0,42.0,14
2024-03-18,SKU0091,142,0,42.0,14
2024-03-25,SKU0091,141,0,42.0,14
2024-04-01,SKU0091,137,102,42.0,14
2024-04-08,SKU0091,126,81,42.0,14
2024-04-15,SKU0091,117,0,42.0,14
2024-04-22,SKU0091,95,0,42.0,14
2024-04-29,SKU0091,94,47,42.0,14
2024-05-06,SKU0091,74,90,42.0,14
2024-05-13,SKU0091,65,89,42.0,14
2024-05-20,SKU0091,52,0,42.0,14
2024-05-27,SKU0091,51,104,42.0,14
2024-06-03,SKU0091,36,0,42.0,14
2024-06-10,SKU0091,14,0,42.0,14
2024-06-17,SKU0091,0,0,42.0,14
2024-06-24,SKU0091,127,98,42.0,14
2024-07-01,SKU0091,122,0,42.0,14
2024-07-08,SKU0091,98,13,42.0,14
2024-07-15,SKU0091,74,46,42.0,14
2024-07-22,SKU0091,58,0,42.0,14
2024-07-29,SKU0091,38,11,42.0,14
2024-08-05,SKU0091,34,0,42.0,14
2024-08-12,SKU0091,16,0,42.0,14
2024-08-19,SKU0091,1,0,42.0,14
2024-08-26,SKU0091,1,0,42.0,14
2024-09-02,SKU0091,0,0,42.0,14
2024-09-09,SKU0091,0,0,42.0,14
2024-09-16,SKU0091,0,0,42.0,14
2024-09-23,SKU0091,94,0,42.0,14
2024-09-30,SKU0091,72,0,42.0,14
2024-10-07,SKU0091,52,0,42.0,14
2024-10-14,SKU0091,50,99,42.0,14
2024-10-21,SKU0091,37,0,42.0,14
2024-10-28,SKU0091,31,68,42.0,14
2024-11-04,SKU0091,14,73,42.0,14
2024-11-11,SKU0091,0,0,42.0,14
2024-11-18,SKU0091,141,0,42.0,14
2024-11-25,SKU0091,125,0,42.0,14
2024-12-02,SKU0091,104,116,42.0,14
2024-12-09,SKU0091,90,45,42.0,14
2024-12-16,SKU0091,79,0,42.0,14
2024-12-23,SKU0091,61,0,42.0,14
2024-12-30,SKU0091,58,8,42.0,14
2025-01-06,SKU0091,56,0,42.0,14
2025-01-13,SKU0091,47,0,42.0,14
2025-01-20,SKU0091,47,0,42.0,14
2025-01-27,SKU0091,23,111,42.0,14
2025-02-03,SKU0091,123,0,42.0,14
2025-02-10,SKU0091,114,0,42.0,14
2025-02-17,SKU0091,107,0,42.0,14
2025-02-24,SKU0091,92,0,42.0,14
2025-03-03,SKU0091,73,13,42.0,14
2025-03-10,SKU0091,57,6,42.0,14
2025-03-17,SKU0091,41,0,42.0,14
2025-03-24,SKU0091,20,0,42.0,14
2025-03-31,SKU0091,9,0,42.0,14
2025-04-07,SKU0091,74,0,42.0,14
2025-04-14,SKU0091,67,95,42.0,14
2025-04-21,SKU0091,53,0,42.0,14
2025-04-28,SKU0091,40,98,42.0,14
2025-05-05,SKU0091,39,109,42.0,14
2025-05-12,SKU0091,37,0,42.0,14
2025-05-19,SKU0091,33,36,42.0,14
2025-05-26,SKU0091,23,0,42.0,14
2025-06-02,SKU0091,20,0,42.0,14
2025-06-09,SKU0091,0,27,42.0,14
2025-06-16,SKU0091,60,0,42.0,14
2025-06-23,SKU0091,55,0,42.0,14
2025-06-30,SKU0091,31,87,42.0,14
2025-07-07,SKU0091,21,106,42.0,14
2025-07-14,SKU0091,166,0,42.0,14
2025-07-21,SKU0091,159,0,42.0,14
2025-07-28,SKU0091,150,5,42.0,14
2025-08-04,SKU0091,143,0,42.0,14
2025-08-11,SKU0091,135,0,42.0,14
2025-08-18,SKU0091,116,0,42.0,14
2025-08-25,SKU0091,109,0,42.0,14
2025-09-01,SKU0091,104,0,42.0,14
2025-09-08,SKU0091,101,0,42.0,14
2025-09-15,SKU0091,93,8,42.0,14
2025-09-22,SKU0091,89,79,42.0,14
2025-09-29,SKU0091,68,0,42.0,14
2024-01-01,SKU0092,70,41,14.0,19
2024-01-08,SKU0092,54,0,14.0,19
2024-01-15,SKU0092,34,0,14.0,19
2024-01-22,SKU0092,203,0,14.0,19
2024-01-29,SKU0092,188,0,14.0,19
2024-02-05,SKU0092,171,0,14.0,19
2024-02-12,SKU0092,150,44,14.0,19
2024-02-19,SKU0092,140,40,14.0,19
2024-02-26,SKU0092,139,0,14.0,19
2024-03-04,SKU0092,117,0,14.0,19
2024-03-11,SKU0092,114,0,14.0,19
2024-03-18,SKU0092,92,0,14.0,19
2024-03-25,SKU0092,90,0,14.0,19
2024-04-01,SKU0092,72,0,14.0,19
2024-04-08,SKU0092,59,0,14.0,19
2024-04-15,SKU0092,42,18,14.0,19
2024-04-22,SKU0092,37,0,14.0,19
2024-04-29,SKU0092,22,71,14.0,19
2024-05-06,SKU0092,22,0,14.0,19
2024-05-13,SKU0092,18,68,14.0,19
2024-05-20,SKU0092,124,0,14.0,19
2024-05-27,SKU0092,106,0,14.0,19
2024-06-03,SKU0092,88,0,14.0,19
2024-06-10,SKU0092,70,91,14.0,19
2024-06-17,SKU0092,58,0,14.0,19
2024-06-24,SKU0092,41,29,14.0,19
2024-07-01,SKU0092,21,46,14.0,19
2024-07-08,SKU0092,18,0,14.0,19
2024-07-15,SKU0092,0,0,14.0,19
2024-07-22,SKU0092,109,0,14.0,19
2024-07-29,SKU0092,108,0,14.0,19
2024-08-05,SKU0092,89,0,14.0,19
2024-08-12,SKU0092,76,74,14.0,19
2024-08-19,SKU0092,69,0,14.0,19
2024-08-26,SKU0092,68,0,14.0,19
2024-09-02,SKU0092,50,0,14.0,19
2024-09-09,SKU0092,37,46,14.0,19
2024-09-16,SKU0092,23,0,14.0,19
2024-09-23,SKU0092,194,0,14.0,19
2024-09-30,SKU0092,191,0,14.0,19
2024-10-07,SKU0092,171,0,14.0,19
2024-10-14,SKU0092,154,109,14.0,19
2024-10-21,SKU0092,144,92,14.0,19
2024-10-28,SKU0092,122,60,14.0,19
2024-11-04,SKU0092,98,0,14.0,19
2024-11-11,SKU0092,97,0,14.0,19
2024-11-18,SKU0092,79,0,14.0,19
2024-11-25,SKU0092,71,0,14.0,19
2024-12-02,SKU0092,52,0,14.0,19
2024-12-09,SKU0092,32,0,14.0,19
2024-12-16,SKU0092,22,0,14.0,19
2024-12-23,SKU0092,19,0,14.0,19
2024-12-30,SKU0092,19,0,14.0,19
2025-01-06,SKU0092,126,0,14.0,19
2025-01-13,SKU0092,111,0,14.0,19
2025-01-20,SKU0092,99,0,14.0,19
2025-01-27,SKU0092,97,53,14.0,19
2025-02-03,SKU0092,84,0,14.0,19
2025-02-10,SKU0092,81,64,14.0,19
2025-02-17,SKU0092,67,0,14.0,19
2025-02-24,SKU0092,61,0,14.0,19
2025-03-03,SKU0092,45,0,14.0,19
2025-03-10,SKU0092,21,82,14.0,19
2025-03-17,SKU0092,108,0,14.0,19
2025-03-24,SKU0092,94,36,14.0,19
2025-03-31,SKU0092,80,0,14.0,19
2025-04-07,SKU0092,62,0,14.0,19
2025-04-14,SKU0092,60,0,14.0,19
2025-04-21,SKU0092,48,0,14.0,19
2025-04-28,SKU0092,27,0,14.0,19
2025-05-05,SKU0092,19,0,14.0,19
2025-05-12,SKU0092,14,0,14.0,19
2025-05-19,SKU0092,0,0,14.0,19
2025-05-26,SKU0092,172,0,14.0,19
2025-06-02,SKU0092,151,73,14.0,19
2025-06-09,SKU0092,134,0,14.0,19
2025-06-16,SKU0092,127,119,14.0,19
2025-06-23,SKU0092,104,0,14.0,19
2025-06-30,SKU0092,95,0,14.0,19
2025-07-07,SKU0092,91,9,14.0,19
2025-07-14,SKU0092,75,0,14.0,19
2025-07-21,SKU0092,60,0,14.0,19
2025-07-28,SKU0092,53,0,14.0,19
2025-08-04,SKU0092,42,0,14.0,19
2025-08-11,SKU0092,37,0,14.0,19
2025-08-18,SKU0092,110,0,14.0,19
2025-08-25,SKU0092,108,5,14.0,19
2025-09-01,SKU0092,103,0,14.0,19
2025-09-08,SKU0092,89,0,14.0,19
2025-09-15,SKU0092,70,8,14.0,19
2025-09-22,SKU0092,53,89,14.0,19
2025-09-29,SKU0092,29,94,14.0,19
2024-01-01,SKU0093,73,0,18.0,67
2024-01-08,SKU0093,52,0,18.0,67
2024-01-15,SKU0093,42,115,18.0,67
2024-01-22,SKU0093,116,0,18.0,67
2024-01-29,SKU0093,112,13,18.0,67
2024-02-05,SKU0093,104,0,18.0,67
2024-02-12,SKU0093,98,36,18.0,67
2024-02-19,SKU0093,76,0,18.0,67
2024-02-26,SKU0093,76,0,18.0,67
2024-03-04,SKU0093,76,0,18.0,67
2024-03-11,SKU0093,244,0,18.0,67
2024-03-18,SKU0093,232,103,18.0,67
2024-03-25,SKU0093,213,0,18.0,67
2024-04-01,SKU0093,204,52,18.0,67
2024-04-08,SKU0093,203,28,18.0,67
2024-04-15,SKU0093,202,0,18.0,67
2024-04-22,SKU0093,197,0,18.0,67
2024-04-29,SKU0093,188,48,18.0,67
2024-05-06,SKU0093,178,0,18.0,67
2024-05-13,SKU0093,167,0,18.0,67
2024-05-20,SKU0093,149,92,18.0,67
2024-05-27,SKU0093,125,2,18.0,67
2024-06-03,SKU0093,104,0,18.0,67
2024-06-10,SKU0093,84,0,18.0,67
2024-06-17,SKU0093,81,117,18.0,67
2024-06-24,SKU0093,234,0,18.0,67
2024-07-01,SKU0093,218,0,18.0,67
2024-07-08,SKU0093,210,0,18.0,67
2024-07-15,SKU0093,204,19,18.0,67
2024-07-22,SKU0093,202,21,18.0,67
2024-07-29,SKU0093,202,0,18.0,67
2024-08-05,SKU0093,199,0,18.0,67
2024-08-12,SKU0093,194,0,18.0,67
2024-08-19,SKU0093,183,10,18.0,67
2024-08-26,SKU0093,165,0,18.0,67
2024-09-02,SKU0093,142,0,18.0,67
2024-09-09,SKU0093,121,0,18.0,67
2024-09-16,SKU0093,109,0,18.0,67
2024-09-23,SKU0093,109,100,18.0,67
2024-09-30,SKU0093,99,0,18.0,67
2024-10-07,SKU0093,95,113,18.0,67
2024-10-14,SKU0093,76,0,18.0,67
2024-10-21,SKU0093,52,0,18.0,67
2024-10-28,SKU0093,213,0,18.0,67
2024-11-04,SKU0093,198,75,18.0,67
2024-11-11,SKU0093,183,71,18.0,67
2024-11-18,SKU0093,166,0,18.0,67
2024-11-25,SKU0093,155,37,18.0,67
2024-12-02,SKU0093,131,40,18.0,67
2024-12-09,SKU0093,108,0,18.0,67
2024-12-16,SKU0093,97,0,18.0,67
2024-12-23,SKU0093,97,0,18.0,67
2024-12-30,SKU0093,83,80,18.0,67
2025-01-06,SKU0093,82,62,18.0,67
2025-01-13,SKU0093,63,0,18.0,67
2025-01-20,SKU0093,206,11,18.0,67
2025-01-27,SKU0093,185,111,18.0,67
2025-02-03,SKU0093,173,5,18.0,67
2025-02-10,SKU0093,154,0,18.0,67
2025-02-17,SKU0093,137,0,18.0,67
2025-02-24,SKU0093,120,0,18.0,67
2025-03-03,SKU0093,107,0,18.0,67
2025-03-10,SKU0093,104,0,18.0,67
2025-03-17,SKU0093,91,114,18.0,67
2025-03-24,SKU0093,75,0,18.0,67
2025-03-31,SKU0093,260,98,18.0,67
2025-04-07,SKU0093,259,24,18.0,67
2025-04-14,SKU0093,247,0,18.0,67
2025-04-21,SKU0093,239,0,18.0,67
2025-04-28,SKU0093,234,0,18.0,67
2025-05-05,SKU0093,234,0,18.0,67
2025-05-12,SKU0093,210,0,18.0,67
2025-05-19,SKU0093,207,0,18.0,67
2025-05-26,SKU0093,191,82,18.0,67
2025-06-02,SKU0093,169,82,18.0,67
2025-06-09,SKU0093,164,0,18.0,67
2025-06-16,SKU0093,164,90,18.0,67
2025-06-23,SKU0093,145,0,18.0,67
2025-06-30,SKU0093,131,0,18.0,67
2025-07-07,SKU0093,121,0,18.0,67
2025-07-14,SKU0093,105,0,18.0,67
2025-07-21,SKU0093,89,0,18.0,67
2025-07-28,SKU0093,70,56,18.0,67
2025-08-04,SKU0093,61,0,18.0,67
2025-08-11,SKU0093,49,0,18.0,67
2025-08-18,SKU0093,165,27,18.0,67
2025-08-25,SKU0093,163,0,18.0,67
2025-09-01,SKU0093,142,38,18.0,67
2025-09-08,SKU0093,120,0,18.0,67
2025-09-15,SKU0093,96,0,18.0,67
2025-09-22,SKU0093,81,0,18.0,67
2025-09-29,SKU0093,77,0,18.0,67
2024-01-01,SKU0094,253,0,21.0,40
2024-01-08,SKU0094,248,34,21.0,40
2024-01-15,SKU0094,227,109,21.0,40
2024-01-22,SKU0094,221,0,21.0,40
2024-01-29,SKU0094,219,0,21.0,40
2024-02-05,SKU0094,196,5,21.0,40
2024-02-12,SKU0094,175,0,21.0,40
2024-02-19,SKU0094,171,0,21.0,40
2024-02-26,SKU0094,163,0,21.0,40
2024-03-04,SKU0094,141,0,21.0,40
2024-03-11,SKU0094,122,0,21.0,40
2024-03-18,SKU0094,102,0,21.0,40
2024-03-25,SKU0094,98,0,21.0,40
2024-04-01,SKU0094,74,0,21.0,40
2024-04-08,SKU0094,72,0,21.0,40
2024-04-15,SKU0094,62,0,21.0,40
2024-04-22,SKU0094,38,0,21.0,40
2024-04-29,SKU0094,17,0,21.0,40
2024-05-06,SKU0094,16,116,21.0,40
2024-05-13,SKU0094,3,31,21.0,40
2024-05-20,SKU0094,3,0,21.0,40
2024-05-27,SKU0094,80,64,21.0,40
2024-06-03,SKU0094,70,0,21.0,40
2024-06-10,SKU0094,54,0,21.0,40
2024-06-17,SKU0094,51,0,21.0,40
2024-06-24,SKU0094,221,0,21.0,40
2024-07-01,SKU0094,216,112,21.0,40
2024-07-08,SKU0094,210,0,21.0,40
2024-07-15,SKU0094,191,0,21.0,40
2024-07-22,SKU0094,168,52,21.0,40
2024-07-29,SKU0094,146,0,21.0,40
2024-08-05,SKU0094,127,0,21.0,40
2024-08-12,SKU0094,109,94,21.0,40
2024-08-19,SKU0094,97,0,21.0,40
2024-08-26,SKU0094,75,0,21.0,40
2024-09-02,SKU0094,73,46,21.0,40
2024-09-09,SKU0094,57,0,21.0,40
2024-09-16,SKU0094,203,18,21.0,40
2024-09-23,SKU0094,196,0,21.0,40
2024-09-30,SKU0094,193,14,21.0,40
2024-10-07,SKU0094,171,0,21.0,40
2024-10-14,SKU0094,156,0,21.0,40
2024-10-21,SKU0094,137,0,21.0,40
2024-10-28,SKU0094,131,0,21.0,40
2024-11-04,SKU0094,130,0,21.0,40
2024-11-11,SKU0094,125,0,21.0,40
2024-11-18,SKU0094,103,77,21.0,40
2024-11-25,SKU0094,87,0,21.0,40
2024-12-02,SKU0094,83,0,21.0,40
2024-12-09,SKU0094,63,0,21.0,40
2024-12-16,SKU0094,51,0,21.0,40
2024-12-23,SKU0094,50,0,21.0,40
2024-12-30,SKU0094,36,0,21.0,40
2025-01-06,SKU0094,23,0,21.0,40
2025-01-13,SKU0094,63,98,21.0,40
2025-01-20,SKU0094,40,0,21.0,40
2025-01-27,SKU0094,35,0,21.0,40
2025-02-03,SKU0094,15,0,21.0,40
2025-02-10,SKU0094,62,0,21.0,40
2025-02-17,SKU0094,52,111,21.0,40
2025-02-24,SKU0094,43,0,21.0,40
2025-03-03,SKU0094,144,101,21.0,40
2025-03-10,SKU0094,136,0,21.0,40
2025-03-17,SKU0094,123,0,21.0,40
2025-03-24,SKU0094,122,0,21.0,40
2025-03-31,SKU0094,114,0,21.0,40
2025-04-07,SKU0094,113,0,21.0,40
2025-04-14,SKU0094,96,73,21.0,40
2025-04-21,SKU0094,79,31,21.0,40
2025-04-28,SKU0094,76,11,21.0,40
2025-05-05,SKU0094,75,6,21.0,40
2025-05-12,SKU0094,72,0,21.0,40
2025-05-19,SKU0094,48,0,21.0,40
2025-05-26,SKU0094,26,14,21.0,40
2025-06-02,SKU0094,113,6,21.0,40
2025-06-09,SKU0094,102,0,21.0,40
2025-06-16,SKU0094,80,80,21.0,40
2025-06-23,SKU0094,68,0,21.0,40
2025-06-30,SKU0094,62,0,21.0,40
2025-07-07,SKU0094,60,0,21.0,40
2025-07-14,SKU0094,58,0,21.0,40
2025-07-21,SKU0094,129,0,21.0,40
2025-07-28,SKU0094,128,0,21.0,40
2025-08-04,SKU0094,115,40,21.0,40
2025-08-11,SKU0094,92,0,21.0,40
2025-08-18,SKU0094,79,0,21.0,40
2025-08-25,SKU0094,55,0,21.0,40
2025-09-01,SKU0094,49,0,21.0,40
2025-09-08,SKU0094,41,0,21.0,40
2025-09-15,SKU0094,20,0,21.0,40
2025-09-22,SKU0094,191,79,21.0,40
2025-09-29,SKU0094,187,0,21.0,40
2024-10-21,SKU0095,106,47,44.0,21
2024-10-28,SKU0095,85,0,44.0,21
2024-11-04,SKU0095,63,0,44.0,21
2024-11-11,SKU0095,50,0,44.0,21
2024-11-18,SKU0095,31,0,44.0,21
2024-11-25,SKU0095,7,0,44.0,21
2024-12-02,SKU0095,118,0,44.0,21
2024-12-09,SKU0095,96,0,44.0,21
2024-12-16,SKU0095,72,0,44.0,21
2024-12-23,SKU0095,48,0,44.0,21
2024-12-30,SKU0095,32,19,44.0,21
2025-01-06,SKU0095,157,68,44.0,21
2025-01-13,SKU0095,156,0,44.0,21
2025-01-20,SKU0095,136,69,44.0,21
2025-01-27,SKU0095,114,0,44.0,21
2025-02-03,SKU0095,103,0,44.0,21
2025-02-10,SKU0095,93,0,44.0,21
2025-02-17,SKU0095,86,97,44.0,21
2025-02-24,SKU0095,80,0,44.0,21
2025-03-03,SKU0095,72,0,44.0,21
2025-03-10,SKU0095,55,0,44.0,21
2025-03-17,SKU0095,46,103,44.0,21
2025-03-24,SKU0095,36,0,44.0,21
2025-03-31,SKU0095,28,81,44.0,21
2025-04-07,SKU0095,21,0,44.0,21
2025-04-14,SKU0095,68,0,44.0,21
2025-04-21,SKU0095,46,0,44.0,21
2025-04-28,SKU0095,39,0,44.0,21
2025-05-05,SKU0095,31,0,44.0,21
2025-05-12,SKU0095,183,40,44.0,21
2025-05-19,SKU0095,183,0,44.0,21
2025-05-26,SKU0095,175,34,44.0,21
2025-06-02,SKU0095,151,0,44.0,21
2025-06-09,SKU0095,137,0,44.0,21
2025-06-16,SKU0095,136,0,44.0,21
2025-06-23,SKU0095,135,93,44.0,21
2025-06-30,SKU0095,134,35,44.0,21
2025-07-07,SKU0095,113,0,44.0,21
2025-07-14,SKU0095,108,12,44.0,21
2025-07-21,SKU0095,96,0,44.0,21
2025-07-28,SKU0095,96,0,44.0,21
2025-08-04,SKU0095,89,11,44.0,21
2025-08-11,SKU0095,89,0,44.0,21
2025-08-18,SKU0095,72,0,44.0,21
2025-08-25,SKU0095,54,25,44.0,21
2025-09-01,SKU0095,30,0,44.0,21
2025-09-08,SKU0095,17,117,44.0,21
2025-09-15,SKU0095,79,0,44.0,21
2025-09-22,SKU0095,55,0,44.0,21
2025-09-29,SKU0095,38,0,44.0,21
2024-01-01,SKU0096,259,0,17.0,34
2024-01-08,SKU0096,247,70,17.0,34
2024-01-15,SKU0096,230,110,17.0,34
2024-01-22,SKU0096,230,0,17.0,34
2024-01-29,SKU0096,227,0,17.0,34
2024-02-05,SKU0096,218,0,17.0,34
2024-02-12,SKU0096,216,0,17.0,34
2024-02-19,SKU0096,196,0,17.0,34
2024-02-26,SKU0096,177,0,17.0,34
2024-03-04,SKU0096,157,0,17.0,34
2024-03-11,SKU0096,156,0,17.0,34
2024-03-18,SKU0096,148,0,17.0,34
2024-03-25,SKU0096,147,0,17.0,34
2024-04-01,SKU0096,141,0,17.0,34
2024-04-08,SKU0096,137,0,17.0,34
2024-04-15,SKU0096,114,0,17.0,34
2024-04-22,SKU0096,97,0,17.0,34
2024-04-29,SKU0096,85,0,17.0,34
2024-05-06,SKU0096,78,0,17.0,34
2024-05-13,SKU0096,57,81,17.0,34
2024-05-20,SKU0096,54,0,17.0,34
2024-05-27,SKU0096,43,0,17.0,34
2024-06-03,SKU0096,104,0,17.0,34
2024-06-10,SKU0096,90,0,17.0,34
2024-06-17,SKU0096,88,0,17.0,34
2024-06-24,SKU0096,77,97,17.0,34
2024-07-01,SKU0096,67,44,17.0,34
2024-07-08,SKU0096,60,0,17.0,34
2024-07-15,SKU0096,42,0,17.0,34
2024-07-22,SKU0096,42,0,17.0,34
2024-07-29,SKU0096,18,0,17.0,34
2024-08-05,SKU0096,184,0,17.0,34
2024-08-12,SKU0096,184,0,17.0,34
2024-08-19,SKU0096,161,0,17.0,34
2024-08-26,SKU0096,159,0,17.0,34
2024-09-02,SKU0096,136,0,17.0,34
2024-09-09,SKU0096,120,0,17.0,34
2024-09-16,SKU0096,106,0,17.0,34
2024-09-23,SKU0096,87,0,17.0,34
2024-09-30,SKU0096,80,0,17.0,34
2024-10-07,SKU0096,58,66,17.0,34
2024-10-14,SKU0096,56,0,17.0,34
2024-10-21,SKU0096,38,75,17.0,34
2024-10-28,SKU0096,24,0,17.0,34
2024-11-04,SKU0096,17,0,17.0,34
2024-11-11,SKU0096,4,118,17.0,34
2024-11-18,SKU0096,0,35,17.0,34
2024-11-25,SKU0096,134,0,17.0,34
2024-12-02,SKU0096,110,0,17.0,34
2024-12-09,SKU0096,110,0,17.0,34
2024-12-16,SKU0096,110,110,17.0,34
2024-12-23,SKU0096,109,0,17.0,34
2024-12-30,SKU0096,91,0,17.0,34
2025-01-06,SKU0096,83,0,17.0,34
2025-01-13,SKU0096,68,22,17.0,34
2025-01-20,SKU0096,58,66,17.0,34
2025-01-27,SKU0096,55,0,17.0,34
2025-02-03,SKU0096,36,0,17.0,34
2025-02-10,SKU0096,12,0,17.0,34
2025-02-17,SKU0096,163,73,17.0,34
2025-02-24,SKU0096,162,0,17.0,34
2025-03-03,SKU0096,142,0,17.0,34
2025-03-10,SKU0096,134,0,17.0,34
2025-03-17,SKU0096,125,25,17.0,34
2025-03-24,SKU0096,123,0,17.0,34
2025-03-31,SKU0096,112,42,17.0,34
2025-04-07,SKU0096,91,0,17.0,34
2025-04-14,SKU0096,87,0,17.0,34
2025-04-21,SKU0096,69,0,17.0,34
2025-04-28,SKU0096,58,0,17.0,34
2025-05-05,SKU0096,54,9,17.0,34
2025-05-12,SKU0096,195,0,17.0,34
2025-05-19,SKU0096,188,0,17.0,34
2025-05-26,SKU0096,178,63,17.0,34
2025-06-02,SKU0096,156,0,17.0,34
2025-06-09,SKU0096,132,0,17.0,34
2025-06-16,SKU0096,122,0,17.0,34
2025-06-23,SKU0096,108,104,17.0,34
2025-06-30,SKU0096,84,0,17.0,34
2025-07-07,SKU0096,63,75,17.0,34
2025-07-14,SKU0096,63,0,17.0,34
2025-07-21,SKU0096,56,117,17.0,34
2025-07-28,SKU0096,36,13,17.0,34
2025-08-04,SKU0096,30,0,17.0,34
2025-08-11,SKU0096,14,0,17.0,34
2025-08-18,SKU0096,128,63,17.0,34
2025-08-25,SKU0096,120,0,17.0,34
2025-09-01,SKU0096,118,0,17.0,34
2025-09-08,SKU0096,105,0,17.0,34
2025-09-15,SKU0096,104,0,17.0,34
2025-09-22,SKU0096,80,0,17.0,34
2025-09-29,SKU0096,71,0,17.0,34
2024-01-01,SKU0097,94,0,43.0,25
2024-01-08,SKU0097,81,0,43.0,25
2024-01-15,SKU0097,61,0,43.0,25
2024-01-22,SKU0097,41,0,43.0,25
2024-01-29,SKU0097,27,0,43.0,25
2024-02-05,SKU0097,3,0,43.0,25
2024-02-12,SKU0097,187,31,43.0,25
2024-02-19,SKU0097,175,0,43.0,25
2024-02-26,SKU0097,167,0,43.0,25
2024-03-04,SKU0097,147,41,43.0,25
2024-03-11,SKU0097,123,0,43.0,25
2024-03-18,SKU0097,111,78,43.0,25
2024-03-25,SKU0097,106,0,43.0,25
2024-04-01,SKU0097,99,0,43.0,25
2024-04-08,SKU0097,90,0,43.0,25
2024-04-15,SKU0097,84,0,43.0,25
2024-04-22,SKU0097,77,74,43.0,25
2024-04-29,SKU0097,68,0,43.0,25
2024-05-06,SKU0097,51,0,43.0,25
2024-05-13,SKU0097,41,0,43.0,25
2024-05-20,SKU0097,38,0,43.0,25
2024-05-27,SKU0097,20,0,43.0,25
2024-06-03,SKU0097,3,0,43.0,25
2024-06-10,SKU0097,0,9,43.0,25
2024-06-17,SKU0097,97,11,43.0,25
2024-06-24,SKU0097,92,10,43.0,25
2024-07-01,SKU0097,86,29,43.0,25
2024-07-08,SKU0097,81,52,43.0,25
2024-07-15,SKU0097,78,0,43.0,25
2024-07-22,SKU0097,70,0,43.0,25
2024-07-29,SKU0097,60,89,43.0,25
2024-08-05,SKU0097,38,18,43.0,25
2024-08-12,SKU0097,17,84,43.0,25
2024-08-19,SKU0097,0,0,43.0,25
2024-08-26,SKU0097,196,0,43.0,25
2024-09-02,SKU0097,194,6,43.0,25
2024-09-09,SKU0097,192,0,43.0,25
2024-09-16,SKU0097,191,0,43.0,25
2024-09-23,SKU0097,187,81,43.0,25
2024-09-30,SKU0097,168,0,43.0,25
2024-10-07,SKU0097,156,0,43.0,25
2024-10-14,SKU0097,151,0,43.0,25
2024-10-21,SKU0097,139,2,43.0,25
2024-10-28,SKU0097,122,0,43.0,25
2024-11-04,SKU0097,108,37,43.0,25
2024-11-11,SKU0097,100,0,43.0,25
2024-11-18,SKU0097,100,0,43.0,25
2024-11-25,SKU0097,88,0,43.0,25
2024-12-02,SKU0097,69,0,43.0,25
2024-12-09,SKU0097,54,0,43.0,25
2024-12-16,SKU0097,48,0,43.0,25
2024-12-23,SKU0097,48,0,43.0,25
2024-12-30,SKU0097,30,0,43.0,25
2025-01-06,SKU0097,7,71,43.0,25
2025-01-13,SKU0097,1,0,43.0,25
2025-01-20,SKU0097,1,0,43.0,25
2025-01-27,SKU0097,0,0,43.0,25
2025-02-03,SKU0097,176,0,43.0,25
2025-02-10,SKU0097,171,0,43.0,25
2025-02-17,SKU0097,161,0,43.0,25
2025-02-24,SKU0097,149,0,43.0,25
2025-03-03,SKU0097,138,0,43.0,25
2025-03-10,SKU0097,132,0,43.0,25
2025-03-17,SKU0097,120,0,43.0,25
2025-03-24,SKU0097,107,0,43.0,25
2025-03-31,SKU0097,107,95,43.0,25
2025-04-07,SKU0097,94,0,43.0,25
2025-04-14,SKU0097,75,0,43.0,25
2025-04-21,SKU0097,56,48,43.0,25
2025-04-28,SKU0097,52,0,43.0,25
2025-05-05,SKU0097,50,0,43.0,25
2025-05-12,SKU0097,36,0,43.0,25
2025-05-19,SKU0097,34,0,43.0,25
2025-05-26,SKU0097,150,0,43.0,25
2025-06-02,SKU0097,143,0,43.0,25
2025-06-09,SKU0097,142,111,43.0,25
2025-06-16,SKU0097,141,0,43.0,25
2025-06-23,SKU0097,140,0,43.0,25
2025-06-30,SKU0097,119,41,43.0,25
2025-07-07,SKU0097,98,97,43.0,25
2025-07-14,SKU0097,85,0,43.0,25
2025-07-21,SKU0097,82,98,43.0,25
2025-07-28,SKU0097,61,34,43.0,25
2025-08-04,SKU0097,48,101,43.0,25
2025-08-11,SKU0097,30,0,43.0,25
2025-08-18,SKU0097,30,0,43.0,25
2025-08-25,SKU0097,16,0,43.0,25
2025-09-01,SKU0097,87,6,43.0,25
2025-09-08,SKU0097,80,0,43.0,25
2025-09-15,SKU0097,57,0,43.0,25
2025-09-22,SKU0097,37,0,43.0,25
2025-09-29,SKU0097,130,87,43.0,25
2024-01-01,SKU0098,190,109,33.0,60
2024-01-08,SKU0098,173,0,33.0,60
2024-01-15,SKU0098,160,0,33.0,60
2024-01-22,SKU0098,146,0,33.0,60
2024-01-29,SKU0098,135,0,33.0,60
2024-02-05,SKU0098,117,0,33.0,60
2024-02-12,SKU0098,101,27,33.0,60
2024-02-19,SKU0098,89,28,33.0,60
2024-02-26,SKU0098,81,0,33.0,60
2024-03-04,SKU0098,71,4,33.0,60
2024-03-11,SKU0098,65,0,33.0,60
2024-03-18,SKU0098,47,0,33.0,60
2024-03-25,SKU0098,42,0,33.0,60
2024-04-01,SKU0098,160,0,33.0,60
2024-04-08,SKU0098,144,39,33.0,60
2024-04-15,SKU0098,127,0,33.0,60
2024-04-22,SKU0098,107,83,33.0,60
2024-04-29,SKU0098,92,0,33.0,60
2024-05-06,SKU0098,88,0,33.0,60
2024-05-13,SKU0098,67,0,33.0,60
2024-05-20,SKU0098,161,0,33.0,60
2024-05-27,SKU0098,148,0,33.0,60
2024-06-03,SKU0098,142,0,33.0,60
2024-06-10,SKU0098,136,0,33.0,60
2024-06-17,SKU0098,126,0,33.0,60
2024-06-24,SKU0098,121,91,33.0,60
2024-07-01,SKU0098,97,0,33.0,60
2024-07-08,SKU0098,84,0,33.0,60
2024-07-15,SKU0098,67,112,33.0,60
2024-07-22,SKU0098,159,0,33.0,60
2024-07-29,SKU0098,159,71,33.0,60
2024-08-05,SKU0098,144,0,33.0,60
2024-08-12,SKU0098,135,0,33.0,60
2024-08-19,SKU0098,135,0,33.0,60
2024-08-26,SKU0098,117,0,33.0,60
2024-09-02,SKU0098,104,22,33.0,60
2024-09-09,SKU0098,100,0,33.0,60
2024-09-16,SKU0098,77,0,33.0,60
2024-09-23,SKU0098,66,22,33.0,60
2024-09-30,SKU0098,63,34,33.0,60
2024-10-07,SKU0098,60,39,33.0,60
2024-10-14,SKU0098,60,0,33.0,60
2024-10-21,SKU0098,54,0,33.0,60
2024-10-28,SKU0098,46,0,33.0,60
2024-11-04,SKU0098,230,0,33.0,60
2024-11-11,SKU0098,212,0,33.0,60
2024-11-18,SKU0098,188,0,33.0,60
2024-11-25,SKU0098,169,0,33.0,60
2024-12-02,SKU0098,159,82,33.0,60
2024-12-09,SKU0098,143,0,33.0,60
2024-12-16,SKU0098,124,0,33.0,60
2024-12-23,SKU0098,111,72,33.0,60
2024-12-30,SKU0098,92,36,33.0,60
2025-01-06,SKU0098,85,0,33.0,60
2025-01-13,SKU0098,84,61,33.0,60
2025-01-20,SKU0098,63,0,33.0,60
2025-01-27,SKU0098,190,106,33.0,60
2025-02-03,SKU0098,186,0,33.0,60
2025-02-10,SKU0098,171,11,33.0,60
2025-02-17,SKU0098,170,0,33.0,60
2025-02-24,SKU0098,159,19,33.0,60
2025-03-03,SKU0098,141,40,33.0,60
2025-03-10,SKU0098,125,24,33.0,60
2025-03-17,SKU0098,123,0,33.0,60
2025-03-24,SKU0098,112,0,33.0,60
2025-03-31,SKU0098,104,0,33.0,60
2025-04-07,SKU0098,100,0,33.0,60
2025-04-14,SKU0098,81,90,33.0,60
2025-04-21,SKU0098,79,32,33.0,60
2025-04-28,SKU0098,77,0,33.0,60
2025-05-05,SKU0098,72,0,33.0,60
2025-05-12,SKU0098,61,69,33.0,60
2025-05-19,SKU0098,60,0,33.0,60
2025-05-26,SKU0098,44,0,33.0,60
2025-06-02,SKU0098,141,0,33.0,60
2025-06-09,SKU0098,128,85,33.0,60
2025-06-16,SKU0098,120,0,33.0,60
2025-06-23,SKU0098,98,0,33.0,60
2025-06-30,SKU0098,86,0,33.0,60
2025-07-07,SKU0098,69,0,33.0,60
2025-07-14,SKU0098,67,0,33.0,60
2025-07-21,SKU0098,59,0,33.0,60
2025-07-28,SKU0098,115,0,33.0,60
2025-08-04,SKU0098,92,0,33.0,60
2025-08-11,SKU0098,90,0,33.0,60
2025-08-18,SKU0098,83,0,33.0,60
2025-08-25,SKU0098,66,0,33.0,60
2025-09-01,SKU0098,53,0,33.0,60
2025-09-08,SKU0098,50,63,33.0,60
2025-09-15,SKU0098,42,0,33.0,60
2025-09-22,SKU0098,140,0,33.0,60
2025-09-29,SKU0098,140,67,33.0,60
2024-01-01,SKU0099,249,104,16.0,15
2024-01-08,SKU0099,227,0,16.0,15
2024-01-15,SKU0099,208,31,16.0,15
2024-01-22,SKU0099,201,0,16.0,15
2024-01-29,SKU0099,184,2,16.0,15
2024-02-05,SKU0099,171,0,16.0,15
2024-02-12,SKU0099,165,0,16.0,15
2024-02-19,SKU0099,152,0,16.0,15
2024-02-26,SKU0099,128,0,16.0,15
2024-03-04,SKU0099,113,0,16.0,15
2024-03-11,SKU0099,107,44,16.0,15
2024-03-18,SKU0099,98,0,16.0,15
2024-03-25,SKU0099,91,0,16.0,15
2024-04-01,SKU0099,77,88,16.0,15
2024-04-08,SKU0099,56,0,16.0,15
2024-04-15,SKU0099,44,0,16.0,15
2024-04-22,SKU0099,32,0,16.0,15
2024-04-29,SKU0099,26,8,16.0,15
2024-05-06,SKU0099,11,0,16.0,15
2024-05-13,SKU0099,0,0,16.0,15
2024-05-20,SKU0099,111,0,16.0,15
2024-05-27,SKU0099,96,0,16.0,15
2024-06-03,SKU0099,93,0,16.0,15
2024-06-10,SKU0099,78,11,16.0,15
2024-06-17,SKU0099,76,0,16.0,15
2024-06-24,SKU0099,66,40,16.0,15
2024-07-01,SKU0099,57,105,16.0,15
2024-07-08,SKU0099,45,0,16.0,15
2024-07-15,SKU0099,36,0,16.0,15
2024-07-22,SKU0099,22,0,16.0,15
2024-07-29,SKU0099,16,0,16.0,15
2024-08-05,SKU0099,176,0,16.0,15
2024-08-12,SKU0099,156,0,16.0,15
2024-08-19,SKU0099,156,0,16.0,15
2024-08-26,SKU0099,155,83,16.0,15
2024-09-02,SKU0099,134,93,16.0,15
2024-09-09,SKU0099,119,0,16.0,15
2024-09-16,SKU0099,114,0,16.0,15
2024-09-23,SKU0099,107,35,16.0,15
2024-09-30,SKU0099,88,0,16.0,15
2024-10-07,SKU0099,76,0,16.0,15
2024-10-14,SKU0099,69,0,16.0,15
2024-10-21,SKU0099,56,41,16.0,15
2024-10-28,SKU0099,52,0,16.0,15
2024-11-04,SKU0099,48,0,16.0,15
2024-11-11,SKU0099,34,0,16.0,15
2024-11-18,SKU0099,32,0,16.0,15
2024-11-25,SKU0099,27,0,16.0,15
2024-12-02,SKU0099,7,69,16.0,15
2024-12-09,SKU0099,1,35,16.0,15
2024-12-16,SKU0099,0,0,16.0,15
2024-12-23,SKU0099,0,1,16.0,15
2024-12-30,SKU0099,0,29,16.0,15
2025-01-06,SKU0099,0,92,16.0,15
2025-01-13,SKU0099,84,0,16.0,15
2025-01-20,SKU0099,76,0,16.0,15
2025-01-27,SKU0099,70,73,16.0,15
2025-02-03,SKU0099,61,17,16.0,15
2025-02-10,SKU0099,42,0,16.0,15
2025-02-17,SKU0099,35,0,16.0,15
2025-02-24,SKU0099,23,0,16.0,15
2025-03-03,SKU0099,21,87,16.0,15
2025-03-10,SKU0099,198,0,16.0,15
2025-03-17,SKU0099,189,0,16.0,15
2025-03-24,SKU0099,185,0,16.0,15
2025-03-31,SKU0099,178,0,16.0,15
2025-04-07,SKU0099,160,86,16.0,15
2025-04-14,SKU0099,156,16,16.0,15
2025-04-21,SKU0099,139,0,16.0,15
2025-04-28,SKU0099,128,0,16.0,15
2025-05-05,SKU0099,109,0,16.0,15
2025-05-12,SKU0099,88,0,16.0,15
2025-05-19,SKU0099,66,0,16.0,15
2025-05-26,SKU0099,54,100,16.0,15
2025-06-02,SKU0099,53,39,16.0,15
2025-06-09,SKU0099,53,13,16.0,15
2025-06-16,SKU0099,39,0,16.0,15
2025-06-23,SKU0099,31,0,16.0,15
2025-06-30,SKU0099,137,0,16.0,15
2025-07-07,SKU0099,137,0,16.0,15
2025-07-14,SKU0099,118,0,16.0,15
2025-07-21,SKU0099,103,0,16.0,15
2025-07-28,SKU0099,80,80,16.0,15
2025-08-04,SKU0099,62,0,16.0,15
2025-08-11,SKU0099,46,0,16.0,15
2025-08-18,SKU0099,31,0,16.0,15
2025-08-25,SKU0099,19,0,16.0,15
2025-09-01,SKU0099,0,4,16.0,15
2025-09-08,SKU0099,0,0,16.0,15
2025-09-15,SKU0099,165,86,16.0,15
2025-09-22,SKU0099,149,0,16.0,15
2025-09-29,SKU0099,142,0,16.0,15
2024-01-01,SKU0100,63,0,24.0,11
2024-01-08,SKU0100,52,0,24.0,11
2024-01-15,SKU0100,35,12,24.0,11
2024-01-22,SKU0100,12,95,24.0,11
2024-01-29,SKU0100,105,77,24.0,11
2024-02-05,SKU0100,102,98,24.0,11
2024-02-12,SKU0100,78,0,24.0,11
2024-02-19,SKU0100,72,49,24.0,11
2024-02-26,SKU0100,70,14,24.0,11
2024-03-04,SKU0100,55,0,24.0,11
2024-03-11,SKU0100,35,0,24.0,11
2024-03-18,SKU0100,23,106,24.0,11
2024-03-25,SKU0100,19,0,24.0,11
2024-04-01,SKU0100,19,61,24.0,11
2024-04-08,SKU0100,16,0,24.0,11
2024-04-15,SKU0100,137,0,24.0,11
2024-04-22,SKU0100,128,0,24.0,11
2024-04-29,SKU0100,118,0,24.0,11
2024-05-06,SKU0100,95,0,24.0,11
2024-05-13,SKU0100,73,67,24.0,11
2024-05-20,SKU0100,52,0,24.0,11
2024-05-27,SKU0100,35,0,24.0,11
2024-06-03,SKU0100,30,0,24.0,11
2024-06-10,SKU0100,19,0,24.0,11
2024-06-17,SKU0100,76,0,24.0,11
2024-06-24,SKU0100,72,0,24.0,11
2024-07-01,SKU0100,64,0,24.0,11
2024-07-08,SKU0100,50,55,24.0,11
2024-07-15,SKU0100,36,0,24.0,11
2024-07-22,SKU0100,27,0,24.0,11
2024-07-29,SKU0100,22,79,24.0,11
2024-08-05,SKU0100,15,19,24.0,11
2024-08-12,SKU0100,12,117,24.0,11
2024-08-19,SKU0100,140,0,24.0,11
2024-08-26,SKU0100,134,0,24.0,11
2024-09-02,SKU0100,110,0,24.0,11
2024-09-09,SKU0100,92,0,24.0,11
2024-09-16,SKU0100,69,0,24.0,11
2024-09-23,SKU0100,46,12,24.0,11
2024-09-30,SKU0100,28,85,24.0,11
2024-10-07,SKU0100,26,30,24.0,11
2024-10-14,SKU0100,6,0,24.0,11
2024-10-21,SKU0100,0,119,24.0,11
2024-10-28,SKU0100,100,0,24.0,11
2024-11-04,SKU0100,77,0,24.0,11
2024-11-11,SKU0100,59,0,24.0,11
2024-11-18,SKU0100,57,51,24.0,11
2024-11-25,SKU0100,48,101,24.0,11
2024-12-02,SKU0100,46,0,24.0,11
2024-12-09,SKU0100,34,0,24.0,11
2024-12-16,SKU0100,22,0,24.0,11
2024-12-23,SKU0100,7,0,24.0,11
2024-12-30,SKU0100,172,0,24.0,11
2025-01-06,SKU0100,163,46,24.0,11
2025-01-13,SKU0100,152,0,24.0,11
2025-01-20,SKU0100,131,0,24.0,11
2025-01-27,SKU0100,120,0,24.0,11
2025-02-03,SKU0100,101,5,24.0,11
2025-02-10,SKU0100,100,7,24.0,11
2025-02-17,SKU0100,88,93,24.0,11
2025-02-24,SKU0100,66,0,24.0,11
2025-03-03,SKU0100,66,0,24.0,11
2025-03-10,SKU0100,53,0,24.0,11
2025-03-17,SKU0100,50,0,24.0,11
2025-03-24,SKU0100,47,0,,11
2025-03-31,SKU0100,36,0,24.0,11
2025-04-07,SKU0100,13,0,24.0,11
2025-04-14,SKU0100,1,0,24.0,11
2025-04-21,SKU0100,102,0,24.0,11
2025-04-28,SKU0100,99,0,24.0,11
2025-05-05,SKU0100,76,0,24.0,11
2025-05-12,SKU0100,69,0,24.0,11
2025-05-19,SKU0100,60,53,24.0,11
2025-05-26,SKU0100,46,0,24.0,11
2025-06-02,SKU0100,35,81,24.0,11
2025-06-09,SKU0100,19,0,24.0,11
2025-06-16,SKU0100,8,22,24.0,11
2025-06-23,SKU0100,113,0,24.0,11
2025-06-30,SKU0100,107,0,24.0,11
2025-07-07,SKU0100,105,0,24.0,11
2025-07-14,SKU0100,105,0,24.0,11
2025-07-21,SKU0100,86,0,24.0,11
2025-07-28,SKU0100,82,43,24.0,11
2025-08-04,SKU0100,64,0,24.0,11
2025-08-11,SKU0100,58,0,24.0,11
2025-08-18,SKU0100,38,0,24.0,11
2025-08-25,SKU0100,23,35,24.0,11
2025-09-01,SKU0100,80,106,24.0,11
2025-09-08,SKU0100,75,63,24.0,11
2025-09-15,SKU0100,68,9,24.0,11
2025-09-22,SKU0100,67,38,24.0,11
2025-09-29,SKU0100,64,0,24.0,11
2024-01-01,SKU0101,153,0,37.0,62
2024-01-08,SKU0101,142,103,37.0,62
2024-01-15,SKU0101,137,0,37.0,62
2024-01-22,SKU0101,134,20,37.0,62
2024-01-29,SKU0101,128,0,37.0,62
2024-02-05,SKU0101,113,91,37.0,62
2024-02-12,SKU0101,90,0,37.0,62
2024-02-19,SKU0101,80,0,37.0,62
2024-02-26,SKU0101,61,100,37.0,62
2024-03-04,SKU0101,122,17,37.0,62
2024-03-11,SKU0101,112,117,37.0,62
2024-03-18,SKU0101,92,0,37.0,62
2024-03-25,SKU0101,86,0,37.0,62
2024-04-01,SKU0101,76,0,37.0,62
2024-04-08,SKU0101,76,0,37.0,62
2024-04-15,SKU0101,57,0,37.0,62
2024-04-22,SKU0101,241,0,37.0,62
2024-04-29,SKU0101,241,0,37.0,62
2024-05-06,SKU0101,226,90,37.0,62
2024-05-13,SKU0101,211,0,37.0,62
2024-05-20,SKU0101,202,76,37.0,62
2024-05-27,SKU0101,193,104,37.0,62
2024-06-03,SKU0101,175,0,37.0,62
2024-06-10,SKU0101,174,65,37.0,62
2024-06-17,SKU0101,174,11,37.0,62
2024-06-24,SKU0101,170,0,37.0,62
2024-07-01,SKU0101,149,39,37.0,62
2024-07-08,SKU0101,130,0,37.0,62
2024-07-15,SKU0101,110,0,37.0,62
2024-07-22,SKU0101,104,0,37.0,62
2024-07-29,SKU0101,83,103,37.0,62
2024-08-05,SKU0101,73,0,37.0,62
2024-08-12,SKU0101,58,0,37.0,62
2024-08-19,SKU0101,207,0,37.0,62
2024-08-26,SKU0101,205,0,37.0,62
2024-09-02,SKU0101,184,0,37.0,62
2024-09-09,SKU0101,166,0,37.0,62
2024-09-16,SKU0101,153,0,37.0,62
2024-09-23,SKU0101,145,0,37.0,62
2024-09-30,SKU0101,126,0,37.0,62
2024-10-07,SKU0101,108,0,37.0,62
2024-10-14,SKU0101,108,0,37.0,62
2024-10-21,SKU0101,99,0,37.0,62
2024-10-28,SKU0101,88,65,37.0,62
2024-11-04,SKU0101,65,0,37.0,62
2024-11-11,SKU0101,198,0,37.0,62
2024-11-18,SKU0101,184,0,37.0,62
2024-11-25,SKU0101,178,116,37.0,62
2024-12-02,SKU0101,167,0,37.0,62
2024-12-09,SKU0101,167,0,37.0,62
2024-12-16,SKU0101,151,96,37.0,62
2024-12-23,SKU0101,141,0,37.0,62
2024-12-30,SKU0101,131,65,37.0,62
2025-01-06,SKU0101,109,0,37.0,62
2025-01-13,SKU0101,107,4,37.0,62
2025-01-20,SKU0101,91,0,37.0,62
2025-01-27,SKU0101,69,0,37.0,62
2025-02-03,SKU0101,69,0,37.0,62
2025-02-10,SKU0101,186,0,37.0,62
2025-02-17,SKU0101,182,0,37.0,62
2025-02-24,SKU0101,165,0,37.0,62
2025-03-03,SKU0101,143,0,37.0,62
2025-03-10,SKU0101,119,110,37.0,62
2025-03-17,SKU0101,109,97,37.0,62
2025-03-24,SKU0101,87,94,37.0,62
2025-03-31,SKU0101,81,70,37.0,62
2025-04-07,SKU0101,73,0,37.0,62
2025-04-14,SKU0101,61,0,37.0,62
2025-04-21,SKU0101,57,112,37.0,62
2025-04-28,SKU0101,53,0,37.0,62
2025-05-05,SKU0101,36,0,37.0,62
2025-05-12,SKU0101,109,0,37.0,62
2025-05-19,SKU0101,99,107,37.0,62
2025-05-26,SKU0101,95,0,37.0,62
2025-06-02,SKU0101,95,0,37.0,62
2025-06-09,SKU0101,90,0,37.0,62
2025-06-16,SKU0101,72,2,37.0,62
2025-06-23,SKU0101,67,0,37.0,62
2025-06-30,SKU0101,124,0,37.0,62
2025-07-07,SKU0101,107,0,37.0,62
2025-07-14,SKU0101,98,41,37.0,62
2025-07-21,SKU0101,80,0,37.0,62
2025-07-28,SKU0101,77,0,37.0,62
2025-08-04,SKU0101,56,0,37.0,62
2025-08-11,SKU0101,153,0,37.0,62
2025-08-18,SKU0101,140,0,37.0,62
2025-08-25,SKU0101,118,18,37.0,62
2025-09-01,SKU0101,102,0,37.0,62
2025-09-08,SKU0101,83,0,37.0,62
2025-09-15,SKU0101,64,0,37.0,62
2025-09-22,SKU0101,64,17,37.0,62
2025-09-29,SKU0101,52,0,37.0,62
2024-01-01,SKU0102,77,0,26.0,71
2024-01-08,SKU0102,228,19,26.0,71
2024-01-15,SKU0102,211,0,26.0,71
2024-01-22,SKU0102,189,0,26.0,71
2024-01-29,SKU0102,186,0,26.0,71
2024-02-05,SKU0102,178,0,26.0,71
2024-02-12,SKU0102,157,9,26.0,71
2024-02-19,SKU0102,148,0,26.0,71
2024-02-26,SKU0102,141,0,26.0,71
2024-03-04,SKU0102,127,0,26.0,71
2024-03-11,SKU0102,116,79,26.0,71
2024-03-18,SKU0102,107,0,26.0,71
2024-03-25,SKU0102,92,0,26.0,71
2024-04-01,SKU0102,72,0,26.0,71
2024-04-08,SKU0102,205,0,26.0,71
2024-04-15,SKU0102,204,33,26.0,71
2024-04-22,SKU0102,200,24,26.0,71
2024-04-29,SKU0102,188,0,26.0,71
2024-05-06,SKU0102,169,79,26.0,71
2024-05-13,SKU0102,165,79,26.0,71
2024-05-20,SKU0102,147,9,26.0,71
2024-05-27,SKU0102,132,0,26.0,71
2024-06-03,SKU0102,123,27,26.0,71
2024-06-10,SKU0102,112,85,26.0,71
2024-06-17,SKU0102,100,0,26.0,71
2024-06-24,SKU0102,86,16,26.0,71
2024-07-01,SKU0102,186,0,26.0,71
2024-07-08,SKU0102,174,0,26.0,71
2024-07-15,SKU0102,167,0,26.0,71
2024-07-22,SKU0102,162,0,26.0,71
2024-07-29,SKU0102,139,0,26.0,71
2024-08-05,SKU0102,132,0,26.0,71
2024-08-12,SKU0102,126,0,26.0,71
2024-08-19,SKU0102,118,0,26.0,71
2024-08-26,SKU0102,114,107,26.0,71
2024-09-02,SKU0102,111,0,26.0,71
2024-09-09,SKU0102,87,0,26.0,71
2024-09-16,SKU0102,87,0,26.0,71
2024-09-23,SKU0102,71,7,26.0,71
2024-09-30,SKU0102,257,0,26.0,71
2024-10-07,SKU0102,252,0,26.0,71
2024-10-14,SKU0102,243,0,26.0,71
2024-10-21,SKU0102,227,10,26.0,71
2024-10-28,SKU0102,203,37,26.0,71
2024-11-04,SKU0102,196,0,26.0,71
2024-11-11,SKU0102,183,0,26.0,71
2024-11-18,SKU0102,168,0,26.0,71
2024-11-25,SKU0102,144,62,26.0,71
2024-12-02,SKU0102,126,77,26.0,71
2024-12-09,SKU0102,112,0,26.0,71
2024-12-16,SKU0102,103,35,26.0,71
2024-12-23,SKU0102,99,0,26.0,71
2024-12-30,SKU0102,88,0,26.0,71
2025-01-06,SKU0102,204,0,26.0,71
2025-01-13,SKU0102,195,108,26.0,71
2025-01-20,SKU0102,174,0,26.0,71
2025-01-27,SKU0102,172,0,26.0,71
2025-02-03,SKU0102,172,0,26.0,71
2025-02-10,SKU0102,159,3,26.0,71
2025-02-17,SKU0102,147,0,26.0,71
2025-02-24,SKU0102,145,82,26.0,71
2025-03-03,SKU0102,126,0,26.0,71
2025-03-10,SKU0102,110,0,26.0,71
2025-03-17,SKU0102,99,0,26.0,71
2025-03-24,SKU0102,81,0,26.0,71
2025-03-31,SKU0102,80,0,26.0,71
2025-04-07,SKU0102,249,0,26.0,71
2025-04-14,SKU0102,226,101,26.0,71
2025-04-21,SKU0102,204,0,26.0,71
2025-04-28,SKU0102,186,0,26.0,71
2025-05-05,SKU0102,181,0,26.0,71
2025-05-12,SKU0102,169,0,26.0,71
2025-05-19,SKU0102,156,0,26.0,71
2025-05-26,SKU0102,144,26,26.0,71
2025-06-02,SKU0102,144,0,26.0,71
2025-06-09,SKU0102,133,0,26.0,71
2025-06-16,SKU0102,122,69,26.0,71
2025-06-23,SKU0102,105,0,26.0,71
2025-06-30,SKU0102,102,0,26.0,71
2025-07-07,SKU0102,91,0,26.0,71
2025-07-14,SKU0102,75,0,26.0,71
2025-07-21,SKU0102,229,65,26.0,71
2025-07-28,SKU0102,206,93,26.0,71
2025-08-04,SKU0102,198,29,26.0,71
2025-08-11,SKU0102,191,0,26.0,71
2025-08-18,SKU0102,175,89,26.0,71
2025-08-25,SKU0102,162,47,26.0,71
2025-09-01,SKU0102,153,81,26.0,71
2025-09-08,SKU0102,136,0,26.0,71
2025-09-15,SKU0102,115,0,26.0,71
2025-09-22,SKU0102,94,81,26.0,71
2025-09-29,SKU0102,84,0,26.0,71
2025-05-12,SKU0103,230,0,14.0,64
2025-05-19,SKU0103,219,75,14.0,64
2025-05-26,SKU0103,216,0,14.0,64
2025-06-02,SKU0103,197,0,14.0,64
2025-06-09,SKU0103,194,85,14.0,64
2025-06-16,SKU0103,184,0,14.0,64
2025-06-23,SKU0103,182,0,14.0,64
2025-06-30,SKU0103,166,0,14.0,64
2025-07-07,SKU0103,143,0,14.0,64
2025-07-14,SKU0103,141,0,14.0,64
2025-07-21,SKU0103,126,0,14.0,64
2025-07-28,SKU0103,108,106,14.0,64
2025-08-04,SKU0103,100,0,14.0,64
2025-08-11,SKU0103,83,0,14.0,64
2025-08-18,SKU0103,68,0,14.0,64
2025-08-25,SKU0103,61,61,14.0,64
2025-09-01,SKU0103,61,0,14.0,64
2025-09-08,SKU0103,197,69,14.0,64
2025-09-15,SKU0103,176,104,14.0,64
2025-09-22,SKU0103,168,93,14.0,64
2025-09-29,SKU0103,164,105,14.0,64
2024-01-01,SKU0104,144,0,36.0,49
2024-01-08,SKU0104,143,0,36.0,49
2024-01-15,SKU0104,123,0,36.0,49
2024-01-22,SKU0104,120,0,36.0,49
2024-01-29,SKU0104,112,0,36.0,49
2024-02-05,SKU0104,110,0,36.0,49
2024-02-12,SKU0104,98,77,36.0,49
2024-02-19,SKU0104,98,0,36.0,49
2024-02-26,SKU0104,78,0,36.0,49
2024-03-04,SKU0104,76,0,36.0,49
2024-03-11,SKU0104,60,0,36.0,49
2024-03-18,SKU0104,58,0,36.0,49
2024-03-25,SKU0104,56,0,36.0,49
2024-04-01,SKU0104,51,0,36.0,49
2024-04-08,SKU0104,180,0,36.0,49
2024-04-15,SKU0104,166,0,36.0,49
2024-04-22,SKU0104,142,0,36.0,49
2024-04-29,SKU0104,118,0,36.0,49
2024-05-06,SKU0104,117,88,36.0,49
2024-05-13,SKU0104,93,0,36.0,49
2024-05-20,SKU0104,73,0,36.0,49
2024-05-27,SKU0104,62,0,36.0,49
2024-06-03,SKU0104,53,109,36.0,49
2024-06-10,SKU0104,49,0,36.0,49
2024-06-17,SKU0104,43,0,36.0,49
2024-06-24,SKU0104,82,0,36.0,49
2024-07-01,SKU0104,66,87,36.0,49
2024-07-08,SKU0104,54,0,36.0,49
2024-07-15,SKU0104,148,0,36.0,49
2024-07-22,SKU0104,129,0,36.0,49
2024-07-29,SKU0104,107,0,36.0,49
2024-08-05,SKU0104,107,0,36.0,49
2024-08-12,SKU0104,96,0,36.0,49
2024-08-19,SKU0104,81,109,36.0,49
2024-08-26,SKU0104,68,109,36.0,49
2024-09-02,SKU0104,62,0,36.0,49
2024-09-09,SKU0104,39,80,36.0,49
2024-09-16,SKU0104,180,0,36.0,49
2024-09-23,SKU0104,179,118,36.0,49
2024-09-30,SKU0104,168,0,36.0,49
2024-10-07,SKU0104,146,0,36.0,49
2024-10-14,SKU0104,128,0,36.0,49
2024-10-21,SKU0104,119,0,36.0,49
2024-10-28,SKU0104,102,0,36.0,49
2024-11-04,SKU0104,100,77,36.0,49
2024-11-11,SKU0104,95,0,36.0,49
2024-11-18,SKU0104,84,0,36.0,49
2024-11-25,SKU0104,67,45,36.0,49
2024-12-02,SKU0104,218,0,36.0,49
2024-12-09,SKU0104,217,0,36.0,49
2024-12-16,SKU0104,195,0,36.0,49
2024-12-23,SKU0104,182,0,36.0,49
2024-12-30,SKU0104,168,0,36.0,49
2025-01-06,SKU0104,151,112,36.0,49
2025-01-13,SKU0104,148,0,36.0,49
2025-01-20,SKU0104,132,60,36.0,49
2025-01-27,SKU0104,117,0,36.0,49
2025-02-03,SKU0104,109,0,36.0,49
2025-02-10,SKU0104,100,0,36.0,49
2025-02-17,SKU0104,91,87,36.0,49
2025-02-24,SKU0104,82,0,36.0,49
2025-03-03,SKU0104,68,0,36.0,49
2025-03-10,SKU0104,67,0,36.0,49
2025-03-17,SKU0104,57,0,36.0,49
2025-03-24,SKU0104,45,83,36.0,49
2025-03-31,SKU0104,29,0,36.0,49
2025-04-07,SKU0104,188,0,36.0,49
2025-04-14,SKU0104,184,0,36.0,49
2025-04-21,SKU0104,183,96,36.0,49
2025-04-28,SKU0104,171,2,36.0,49
2025-05-05,SKU0104,148,0,36.0,49
2025-05-12,SKU0104,135,0,36.0,49
2025-05-19,SKU0104,125,19,36.0,49
2025-05-26,SKU0104,115,0,36.0,49
2025-06-02,SKU0104,103,0,36.0,49
2025-06-09,SKU0104,89,0,36.0,49
2025-06-16,SKU0104,85,0,36.0,49
2025-06-23,SKU0104,75,0,36.0,49
2025-06-30,SKU0104,74,22,36.0,49
2025-07-07,SKU0104,73,100,36.0,49
2025-07-14,SKU0104,52,0,36.0,49
2025-07-21,SKU0104,29,0,36.0,49
2025-07-28,SKU0104,157,0,36.0,49
2025-08-04,SKU0104,156,0,36.0,49
2025-08-11,SKU0104,133,0,36.0,49
2025-08-18,SKU0104,119,0,36.0,49
2025-08-25,SKU0104,111,0,36.0,49
2025-09-01,SKU0104,87,0,36.0,49
2025-09-08,SKU0104,80,81,36.0,49
2025-09-15,SKU0104,64,0,36.0,49
2025-09-22,SKU0104,60,0,36.0,49
2025-09-29,SKU0104,51,57,36.0,49
2024-01-01,SKU0105,93,0,39.0,48
2024-01-08,SKU0105,91,34,39.0,48
2024-01-15,SKU0105,71,0,39.0,48
2024-01-22,SKU0105,50,0,39.0,48
2024-01-29,SKU0105,45,0,39.0,48
2024-02-05,SKU0105,158,0,39.0,48
2024-02-12,SKU0105,157,58,39.0,48
2024-02-19,SKU0105,141,70,39.0,48
2024-02-26,SKU0105,119,0,39.0,48
2024-03-04,SKU0105,99,0,39.0,48
2024-03-11,SKU0105,97,17,39.0,48
2024-03-18,SKU0105,88,20,39.0,48
2024-03-25,SKU0105,74,69,39.0,48
2024-04-01,SKU0105,69,0,39.0,48
2024-04-08,SKU0105,54,0,39.0,48
2024-04-15,SKU0105,44,0,39.0,48
2024-04-22,SKU0105,156,0,39.0,48
2024-04-29,SKU0105,132,0,39.0,48
2024-05-06,SKU0105,120,0,39.0,48
2024-05-13,SKU0105,114,0,39.0,48
2024-05-20,SKU0105,96,84,39.0,48
2024-05-27,SKU0105,91,94,39.0,48
2024-06-03,SKU0105,67,0,39.0,48
2024-06-10,SKU0105,57,0,39.0,48
2024-06-17,SKU0105,33,16,39.0,48
2024-06-24,SKU0105,11,0,39.0,48
2024-07-01,SKU0105,0,17,39.0,48
2024-07-08,SKU0105,161,0,39.0,48
2024-07-15,SKU0105,147,86,39.0,48
2024-07-22,SKU0105,128,59,39.0,48
2024-07-29,SKU0105,124,0,39.0,48
2024-08-05,SKU0105,108,0,39.0,48
2024-08-12,SKU0105,91,81,39.0,48
2024-08-19,SKU0105,86,0,39.0,48
2024-08-26,SKU0105,70,0,39.0,48
2024-09-02,SKU0105,59,0,39.0,48
2024-09-09,SKU0105,211,0,39.0,48
2024-09-16,SKU0105,195,0,39.0,48
2024-09-23,SKU0105,187,19,39.0,48
2024-09-30,SKU0105,173,104,39.0,48
2024-10-07,SKU0105,157,5,39.0,48
2024-10-14,SKU0105,134,0,39.0,48
2024-10-21,SKU0105,126,0,39.0,48
2024-10-28,SKU0105,119,0,39.0,48
2024-11-04,SKU0105,95,0,39.0,48
2024-11-11,SKU0105,88,0,39.0,48
2024-11-18,SKU0105,85,43,39.0,48
2024-11-25,SKU0105,69,105,39.0,48
2024-12-02,SKU0105,53,65,39.0,48
2024-12-09,SKU0105,47,0,39.0,48
2024-12-16,SKU0105,196,0,39.0,48
2024-12-23,SKU0105,189,0,39.0,48
2024-12-30,SKU0105,180,0,39.0,48
2025-01-06,SKU0105,165,0,39.0,48
2025-01-13,SKU0105,153,0,39.0,48
2025-01-20,SKU0105,152,0,39.0,48
2025-01-27,SKU0105,133,0,39.0,48
2025-02-03,SKU0105,121,0,39.0,48
2025-02-10,SKU0105,119,0,39.0,48
2025-02-17,SKU0105,119,0,39.0,48
2025-02-24,SKU0105,115,0,39.0,48
2025-03-03,SKU0105,100,20,39.0,48
2025-03-10,SKU0105,87,0,39.0,48
2025-03-17,SKU0105,73,0,39.0,48
2025-03-24,SKU0105,63,0,39.0,48
2025-03-31,SKU0105,46,116,39.0,48
2025-04-07,SKU0105,236,0,39.0,48
2025-04-14,SKU0105,215,0,39.0,48
2025-04-21,SKU0105,202,0,39.0,48
2025-04-28,SKU0105,194,0,39.0,48
2025-05-05,SKU0105,193,0,39.0,48
2025-05-12,SKU0105,193,65,39.0,48
2025-05-19,SKU0105,182,0,39.0,48
2025-05-26,SKU0105,182,0,39.0,48
2025-06-02,SKU0105,177,32,39.0,48
2025-06-09,SKU0105,162,0,39.0,48
2025-06-16,SKU0105,139,99,39.0,48
2025-06-23,SKU0105,129,0,39.0,48
2025-06-30,SKU0105,115,0,39.0,48
2025-07-07,SKU0105,109,0,39.0,48
2025-07-14,SKU0105,108,0,39.0,48
2025-07-21,SKU0105,99,59,39.0,48
2025-07-28,SKU0105,85,0,39.0,48
2025-08-04,SKU0105,63,0,39.0,48
2025-08-11,SKU0105,47,0,39.0,48
2025-08-18,SKU0105,109,0,39.0,48
2025-08-25,SKU0105,87,0,39.0,48
2025-09-01,SKU0105,81,0,39.0,48
2025-09-08,SKU0105,80,4,39.0,48
2025-09-15,SKU0105,72,88,39.0,48
2025-09-22,SKU0105,72,0,39.0,48
2025-09-29,SKU0105,56,0,39.0,48
2024-01-01,SKU0106,194,0,12.0,49
2024-01-08,SKU0106,175,108,12.0,49
2024-01-15,SKU0106,169,45,12.0,49
2024-01-22,SKU0106,147,0,12.0,49
2024-01-29,SKU0106,134,0,12.0,49
2024-02-05,SKU0106,126,0,12.0,49
2024-02-12,SKU0106,125,73,12.0,49
2024-02-19,SKU0106,123,20,12.0,49
2024-02-26,SKU0106,107,0,12.0,49
2024-03-04,SKU0106,105,0,12.0,49
2024-03-11,SKU0106,96,0,12.0,49
2024-03-18,SKU0106,77,0,12.0,49
2024-03-25,SKU0106,67,14,12.0,49
2024-04-01,SKU0106,53,0,12.0,49
2024-04-08,SKU0106,44,0,12.0,49
2024-04-15,SKU0106,41,50,12.0,49
2024-04-22,SKU0106,166,68,12.0,49
2024-04-29,SKU0106,147,0,12.0,49
2024-05-06,SKU0106,134,0,12.0,49
2024-05-13,SKU0106,111,0,12.0,49
2024-05-20,SKU0106,101,22,12.0,49
2024-05-27,SKU0106,82,11,12.0,49
2024-06-03,SKU0106,62,67,12.0,49
2024-06-10,SKU0106,59,0,12.0,49
2024-06-17,SKU0106,39,0,12.0,49
2024-06-24,SKU0106,18,35,12.0,49
2024-07-01,SKU0106,179,0,12.0,49
2024-07-08,SKU0106,174,0,12.0,49
2024-07-15,SKU0106,152,0,12.0,49
2024-07-22,SKU0106,140,0,12.0,49
2024-07-29,SKU0106,139,0,12.0,49
2024-08-05,SKU0106,133,0,12.0,49
2024-08-12,SKU0106,127,2,12.0,49
2024-08-19,SKU0106,117,0,12.0,49
2024-08-26,SKU0106,98,0,12.0,49
2024-09-02,SKU0106,86,0,12.0,49
2024-09-09,SKU0106,63,0,12.0,49
2024-09-16,SKU0106,51,0,12.0,49
2024-09-23,SKU0106,207,25,12.0,49
2024-09-30,SKU0106,202,56,12.0,49
2024-10-07,SKU0106,197,0,12.0,49
2024-10-14,SKU0106,174,0,12.0,49
2024-10-21,SKU0106,152,0,12.0,49
2024-10-28,SKU0106,148,0,12.0,49
2024-11-04,SKU0106,140,72,12.0,49
2024-11-11,SKU0106,127,0,12.0,49
2024-11-18,SKU0106,107,0,12.0,49
2024-11-25,SKU0106,91,0,12.0,49
2024-12-02,SKU0106,84,0,12.0,49
2024-12-09,SKU0106,61,78,12.0,49
2024-12-16,SKU0106,59,0,12.0,49
2024-12-23,SKU0106,54,64,12.0,49
2024-12-30,SKU0106,54,0,12.0,49
2025-01-06,SKU0106,52,0,12.0,49
2025-01-13,SKU0106,29,0,12.0,49
2025-01-20,SKU0106,127,0,12.0,49
2025-01-27,SKU0106,112,0,12.0,49
2025-02-03,SKU0106,96,0,12.0,49
2025-02-10,SKU0106,84,0,12.0,49
2025-02-17,SKU0106,62,0,12.0,49
2025-02-24,SKU0106,60,0,12.0,49
2025-03-03,SKU0106,58,0,12.0,49
2025-03-10,SKU0106,43,0,12.0,49
2025-03-17,SKU0106,22,0,12.0,49
2025-03-24,SKU0106,13,0,12.0,49
2025-03-31,SKU0106,6,116,12.0,49
2025-04-07,SKU0106,0,0,12.0,49
2025-04-14,SKU0106,158,0,12.0,49
2025-04-21,SKU0106,145,57,12.0,49
2025-04-28,SKU0106,130,0,12.0,49
2025-05-05,SKU0106,118,0,12.0,49
2025-05-12,SKU0106,95,0,12.0,49
2025-05-19,SKU0106,86,0,12.0,49
2025-05-26,SKU0106,74,0,12.0,49
2025-06-02,SKU0106,50,0,12.0,49
2025-06-09,SKU0106,228,0,12.0,49
2025-06-16,SKU0106,206,0,12.0,49
2025-06-23,SKU0106,198,0,12.0,49
2025-06-30,SKU0106,188,0,12.0,49
2025-07-07,SKU0106,182,117,12.0,49
2025-07-14,SKU0106,181,0,12.0,49
2025-07-21,SKU0106,173,97,12.0,49
2025-07-28,SKU0106,159,109,12.0,49
2025-08-04,SKU0106,136,0,12.0,49
2025-08-11,SKU0106,117,0,12.0,49
2025-08-18,SKU0106,105,0,12.0,49
2025-08-25,SKU0106,101,82,12.0,49
2025-09-01,SKU0106,80,0,12.0,49
2025-09-08,SKU0106,67,20,12.0,49
2025-09-15,SKU0106,61,0,12.0,49
2025-09-22,SKU0106,56,0,12.0,49
2025-09-29,SKU0106,191,0,12.0,49
2024-01-01,SKU0107,213,111,21.0,63
2024-01-08,SKU0107,195,0,21.0,63
2024-01-15,SKU0107,176,0,21.0,63
2024-01-22,SKU0107,170,0,21.0,63
2024-01-29,SKU0107,160,0,21.0,63
2024-02-05,SKU0107,138,0,21.0,63
2024-02-12,SKU0107,122,9,21.0,63
2024-02-19,SKU0107,118,0,21.0,63
2024-02-26,SKU0107,94,0,21.0,63
2024-03-04,SKU0107,85,0,21.0,63
2024-03-11,SKU0107,62,0,21.0,63
2024-03-18,SKU0107,213,0,21.0,63
2024-03-25,SKU0107,189,11,21.0,63
2024-04-01,SKU0107,186,113,21.0,63
2024-04-08,SKU0107,185,0,21.0,63
2024-04-15,SKU0107,175,0,21.0,63
2024-04-22,SKU0107,156,0,21.0,63
2024-04-29,SKU0107,143,0,21.0,63
2024-05-06,SKU0107,121,0,21.0,63
2024-05-13,SKU0107,116,0,21.0,63
2024-05-20,SKU0107,101,18,21.0,63
2024-05-27,SKU0107,91,41,21.0,63
2024-06-03,SKU0107,81,0,21.0,63
2024-06-10,SKU0107,72,0,21.0,63
2024-06-17,SKU0107,67,0,21.0,63
2024-06-24,SKU0107,64,0,21.0,63
2024-07-01,SKU0107,201,39,21.0,63
2024-07-08,SKU0107,185,80,21.0,63
2024-07-15,SKU0107,171,0,21.0,63
2024-07-22,SKU0107,151,0,21.0,63
2024-07-29,SKU0107,137,0,21.0,63
2024-08-05,SKU0107,125,0,21.0,63
2024-08-12,SKU0107,104,1,21.0,63
2024-08-19,SKU0107,90,73,21.0,63
2024-08-26,SKU0107,88,0,21.0,63
2024-09-02,SKU0107,70,98,21.0,63
2024-09-09,SKU0107,224,29,21.0,63
2024-09-16,SKU0107,212,0,21.0,63
2024-09-23,SKU0107,200,44,21.0,63
2024-09-30,SKU0107,195,85,21.0,63
2024-10-07,SKU0107,179,0,21.0,63
2024-10-14,SKU0107,179,0,21.0,63
2024-10-21,SKU0107,177,32,21.0,63
2024-10-28,SKU0107,168,0,21.0,63
2024-11-04,SKU0107,146,0,21.0,63
2024-11-11,SKU0107,133,0,21.0,63
2024-11-18,SKU0107,110,0,21.0,63
2024-11-25,SKU0107,102,0,21.0,63
2024-12-02,SKU0107,82,0,21.0,63
2024-12-09,SKU0107,253,61,21.0,63
2024-12-16,SKU0107,248,0,21.0,63
2024-12-23,SKU0107,239,92,21.0,63
2024-12-30,SKU0107,221,0,21.0,63
2025-01-06,SKU0107,220,8,21.0,63
2025-01-13,SKU0107,197,0,21.0,63
2025-01-20,SKU0107,184,0,21.0,63
2025-01-27,SKU0107,163,26,21.0,63
2025-02-03,SKU0107,153,0,21.0,63
2025-02-10,SKU0107,152,0,21.0,63
2025-02-17,SKU0107,132,0,21.0,63
2025-02-24,SKU0107,109,0,21.0,63
2025-03-03,SKU0107,103,0,21.0,63
2025-03-10,SKU0107,94,0,21.0,63
2025-03-17,SKU0107,82,0,21.0,63
2025-03-24,SKU0107,60,0,21.0,63
2025-03-31,SKU0107,53,0,21.0,63
2025-04-07,SKU0107,45,0,21.0,63
2025-04-14,SKU0107,25,51,21.0,63
2025-04-21,SKU0107,19,101,21.0,63
2025-04-28,SKU0107,0,0,21.0,63
2025-05-05,SKU0107,0,0,21.0,63
2025-05-12,SKU0107,72,0,21.0,63
2025-05-19,SKU0107,232,0,21.0,63
2025-05-26,SKU0107,215,0,21.0,63
2025-06-02,SKU0107,205,111,21.0,63
2025-06-09,SKU0107,193,0,21.0,63
2025-06-16,SKU0107,184,0,21.0,63
2025-06-23,SKU0107,163,0,21.0,63
2025-06-30,SKU0107,151,78,21.0,63
2025-07-07,SKU0107,133,0,21.0,63
2025-07-14,SKU0107,115,0,21.0,63
2025-07-21,SKU0107,115,0,21.0,63
2025-07-28,SKU0107,115,0,21.0,63
2025-08-04,SKU0107,101,0,21.0,63
2025-08-11,SKU0107,85,0,21.0,63
2025-08-18,SKU0107,76,0,21.0,63
2025-08-25,SKU0107,177,0,21.0,63
2025-09-01,SKU0107,173,36,21.0,63
2025-09-08,SKU0107,150,0,21.0,63
2025-09-15,SKU0107,150,0,21.0,63
2025-09-22,SKU0107,150,0,21.0,63
2025-09-29,SKU0107,131,4,21.0,63
2024-01-01,SKU0108,129,86,31.0,18
2024-01-08,SKU0108,105,0,31.0,18
2024-01-15,SKU0108,88,0,31.0,18
2024-01-22,SKU0108,65,0,31.0,18
2024-01-29,SKU0108,49,0,31.0,18
2024-02-05,SKU0108,33,19,31.0,18
2024-02-12,SKU0108,31,0,31.0,18
2024-02-19,SKU0108,19,0,31.0,18
2024-02-26,SKU0108,94,0,31.0,18
2024-03-04,SKU0108,79,76,31.0,18
2024-03-11,SKU0108,58,0,31.0,18
2024-03-18,SKU0108,37,4,31.0,18
2024-03-25,SKU0108,30,0,31.0,18
2024-04-01,SKU0108,22,0,31.0,18
2024-04-08,SKU0108,143,0,31.0,18
2024-04-15,SKU0108,130,0,31.0,18
2024-04-22,SKU0108,109,100,31.0,18
2024-04-29,SKU0108,86,81,31.0,18
2024-05-06,SKU0108,75,20,31.0,18
2024-05-13,SKU0108,59,0,31.0,18
2024-05-20,SKU0108,48,0,31.0,18
2024-05-27,SKU0108,33,0,31.0,18
2024-06-03,SKU0108,16,0,31.0,18
2024-06-10,SKU0108,165,0,31.0,18
2024-06-17,SKU0108,150,76,31.0,18
2024-06-24,SKU0108,146,0,31.0,18
2024-07-01,SKU0108,146,74,31.0,18
2024-07-08,SKU0108,143,0,31.0,18
2024-07-15,SKU0108,130,73,31.0,18
2024-07-22,SKU0108,114,44,31.0,18
2024-07-29,SKU0108,105,78,31.0,18
2024-08-05,SKU0108,92,0,31.0,18
2024-08-12,SKU0108,80,115,31.0,18
2024-08-19,SKU0108,57,83,31.0,18
2024-08-26,SKU0108,45,0,31.0,18
2024-09-02,SKU0108,34,0,31.0,18
2024-09-09,SKU0108,31,0,31.0,18
2024-09-16,SKU0108,24,104,31.0,18
2024-09-23,SKU0108,92,0,31.0,18
2024-09-30,SKU0108,92,0,31.0,18
2024-10-07,SKU0108,83,72,31.0,18
2024-10-14,SKU0108,59,96,31.0,18
2024-10-21,SKU0108,58,105,31.0,18
2024-10-28,SKU0108,34,0,31.0,18
2024-11-04,SKU0108,26,0,31.0,18
2024-11-11,SKU0108,101,29,31.0,18
2024-11-18,SKU0108,80,0,31.0,18
2024-11-25,SKU0108,73,5,31.0,18
2024-12-02,SKU0108,57,0,31.0,18
2024-12-09,SKU0108,53,23,31.0,18
2024-12-16,SKU0108,43,68,31.0,18
2024-12-23,SKU0108,23,0,31.0,18
2024-12-30,SKU0108,153,0,31.0,18
2025-01-06,SKU0108,145,0,31.0,18
2025-01-13,SKU0108,125,0,31.0,18
2025-01-20,SKU0108,111,0,31.0,18
2025-01-27,SKU0108,92,0,31.0,18
2025-02-03,SKU0108,89,0,31.0,18
2025-02-10,SKU0108,71,88,31.0,18
2025-02-17,SKU0108,55,0,31.0,18
2025-02-24,SKU0108,55,0,31.0,18
2025-03-03,SKU0108,42,0,31.0,18
2025-03-10,SKU0108,33,0,31.0,18
2025-03-17,SKU0108,18,0,31.0,18
2025-03-24,SKU0108,115,0,31.0,18
2025-03-31,SKU0108,111,0,31.0,18
2025-04-07,SKU0108,96,0,31.0,18
2025-04-14,SKU0108,85,16,31.0,18
2025-04-21,SKU0108,68,0,31.0,18
2025-04-28,SKU0108,44,18,31.0,18
2025-05-05,SKU0108,27,0,31.0,18
2025-05-12,SKU0108,80,11,31.0,18
2025-05-19,SKU0108,66,43,31.0,18
2025-05-26,SKU0108,45,0,31.0,18
2025-06-02,SKU0108,30,109,31.0,18
2025-06-09,SKU0108,191,20,31.0,18
2025-06-16,SKU0108,177,81,31.0,18
2025-06-23,SKU0108,158,0,31.0,18
2025-06-30,SKU0108,135,0,31.0,18
2025-07-07,SKU0108,128,23,31.0,18
2025-07-14,SKU0108,117,0,31.0,18
2025-07-21,SKU0108,96,0,31.0,18
2025-07-28,SKU0108,77,0,31.0,18
2025-08-04,SKU0108,69,96,31.0,18
2025-08-11,SKU0108,60,116,31.0,18
2025-08-18,SKU0108,56,0,31.0,18
2025-08-25,SKU0108,41,0,31.0,18
2025-09-01,SKU0108,30,0,31.0,18
2025-09-08,SKU0108,27,116,31.0,18
2025-09-15,SKU0108,21,46,31.0,18
2025-09-22,SKU0108,118,11,31.0,18
2025-09-29,SKU0108,105,0,31.0,18
2024-01-01,SKU0109,134,0,39.0,51
2024-01-08,SKU0109,110,0,39.0,51
2024-01-15,SKU0109,94,0,39.0,51
2024-01-22,SKU0109,88,46,39.0,51
2024-01-29,SKU0109,87,0,39.0,51
2024-02-05,SKU0109,75,0,39.0,51
2024-02-12,SKU0109,58,0,39.0,51
2024-02-19,SKU0109,46,0,39.0,51
2024-02-26,SKU0109,28,70,39.0,51
2024-03-04,SKU0109,8,5,39.0,51
2024-03-11,SKU0109,6,56,39.0,51
2024-03-18,SKU0109,0,42,39.0,51
2024-03-25,SKU0109,104,0,39.0,51
2024-04-01,SKU0109,82,0,39.0,51
2024-04-08,SKU0109,59,0,39.0,51
2024-04-15,SKU0109,40,0,39.0,51
2024-04-22,SKU0109,24,39,39.0,51
2024-04-29,SKU0109,23,0,39.0,51
2024-05-06,SKU0109,74,0,39.0,51
2024-05-13,SKU0109,170,0,39.0,51
2024-05-20,SKU0109,150,114,39.0,51
2024-05-27,SKU0109,146,117,39.0,51
2024-06-03,SKU0109,143,0,39.0,51
2024-06-10,SKU0109,136,0,39.0,51
2024-06-17,SKU0109,127,0,39.0,51
2024-06-24,SKU0109,108,0,39.0,51
2024-07-01,SKU0109,89,0,39.0,51
2024-07-08,SKU0109,78,0,39.0,51
2024-07-15,SKU0109,66,36,39.0,51
2024-07-22,SKU0109,55,0,39.0,51
2024-07-29,SKU0109,53,0,39.0,51
2024-08-05,SKU0109,138,60,39.0,51
2024-08-12,SKU0109,136,0,39.0,51
2024-08-19,SKU0109,130,0,39.0,51
2024-08-26,SKU0109,126,0,39.0,51
2024-09-02,SKU0109,123,0,39.0,51
2024-09-09,SKU0109,111,0,39.0,51
2024-09-16,SKU0109,97,8,39.0,51
2024-09-23,SKU0109,86,0,39.0,51
2024-09-30,SKU0109,80,0,39.0,51
2024-10-07,SKU0109,78,0,39.0,51
2024-10-14,SKU0109,68,0,39.0,51
2024-10-21,SKU0109,171,71,39.0,51
2024-10-28,SKU0109,170,46,39.0,51
2024-11-04,SKU0109,153,0,39.0,51
2024-11-11,SKU0109,130,0,39.0,51
2024-11-18,SKU0109,111,0,39.0,51
2024-11-25,SKU0109,99,0,39.0,51
2024-12-02,SKU0109,80,0,39.0,51
2024-12-09,SKU0109,67,0,39.0,51
2024-12-16,SKU0109,124,114,39.0,51
2024-12-23,SKU0109,113,0,39.0,51
2024-12-30,SKU0109,111,0,39.0,51
2025-01-06,SKU0109,111,0,39.0,51
2025-01-13,SKU0109,109,0,39.0,51
2025-01-20,SKU0109,90,0,39.0,51
2025-01-27,SKU0109,68,0,39.0,51
2025-02-03,SKU0109,57,0,39.0,51
2025-02-10,SKU0109,48,95,39.0,51
2025-02-17,SKU0109,39,0,39.0,51
2025-02-24,SKU0109,192,0,39.0,51
2025-03-03,SKU0109,172,13,39.0,51
2025-03-10,SKU0109,171,0,39.0,51
2025-03-17,SKU0109,158,0,39.0,51
2025-03-24,SKU0109,152,0,39.0,51
2025-03-31,SKU0109,149,0,39.0,51
2025-04-07,SKU0109,131,0,39.0,51
2025-04-14,SKU0109,122,0,39.0,51
2025-04-21,SKU0109,108,0,39.0,51
2025-04-28,SKU0109,91,5,39.0,51
2025-05-05,SKU0109,74,0,39.0,51
2025-05-12,SKU0109,64,0,39.0,51
2025-05-19,SKU0109,42,57,39.0,51
2025-05-26,SKU0109,94,0,39.0,51
2025-06-02,SKU0109,76,0,39.0,51
2025-06-09,SKU0109,67,76,39.0,51
2025-06-16,SKU0109,54,0,39.0,51
2025-06-23,SKU0109,166,118,39.0,51
2025-06-30,SKU0109,166,0,39.0,51
2025-07-07,SKU0109,156,0,39.0,51
2025-07-14,SKU0109,143,0,39.0,51
2025-07-21,SKU0109,128,0,39.0,51
2025-07-28,SKU0109,112,0,39.0,51
2025-08-04,SKU0109,96,0,39.0,51
2025-08-11,SKU0109,80,0,39.0,51
2025-08-18,SKU0109,62,0,39.0,51
2025-08-25,SKU0109,56,0,39.0,51
2025-09-01,SKU0109,42,71,39.0,51
2025-09-08,SKU0109,198,0,39.0,51
2025-09-15,SKU0109,189,0,39.0,51
2025-09-22,SKU0109,170,0,39.0,51
2025-09-29,SKU0109,158,0,39.0,51
2024-09-02,SKU0110,155,3,20.0,20
2024-09-09,SKU0110,133,0,20.0,20
2024-09-16,SKU0110,128,0,20.0,20
2024-09-23,SKU0110,114,0,20.0,20
2024-09-30,SKU0110,110,0,20.0,20
2024-10-07,SKU0110,94,0,20.0,20
2024-10-14,SKU0110,83,53,20.0,20
2024-10-21,SKU0110,82,0,20.0,20
2024-10-28,SKU0110,69,0,20.0,20
2024-11-04,SKU0110,69,9,20.0,20
2024-11-11,SKU0110,68,7,20.0,20
2024-11-18,SKU0110,50,0,20.0,20
2024-11-25,SKU0110,38,89,20.0,20
2024-12-02,SKU0110,36,0,20.0,20
2024-12-09,SKU0110,28,3,20.0,20
2024-12-16,SKU0110,21,0,20.0,20
2024-12-23,SKU0110,18,0,20.0,20
2024-12-30,SKU0110,0,0,20.0,20
2025-01-06,SKU0110,0,0,20.0,20
2025-01-13,SKU0110,108,0,20.0,20
2025-01-20,SKU0110,91,0,20.0,20
2025-01-27,SKU0110,82,0,20.0,20
2025-02-03,SKU0110,65,0,20.0,20
2025-02-10,SKU0110,55,0,20.0,20
2025-02-17,SKU0110,38,0,20.0,20
2025-02-24,SKU0110,34,95,20.0,20
2025-03-03,SKU0110,10,0,20.0,20
2025-03-10,SKU0110,137,0,20.0,20
2025-03-17,SKU0110,113,12,20.0,20
2025-03-24,SKU0110,101,46,20.0,20
2025-03-31,SKU0110,86,0,20.0,20
2025-04-07,SKU0110,65,0,20.0,20
2025-04-14,SKU0110,41,0,20.0,20
2025-04-21,SKU0110,24,69,20.0,20
2025-04-28,SKU0110,206,0,20.0,20
2025-05-05,SKU0110,196,0,20.0,20
2025-05-12,SKU0110,188,0,20.0,20
2025-05-19,SKU0110,182,0,20.0,20
2025-05-26,SKU0110,167,0,20.0,20
2025-06-02,SKU0110,157,0,20.0,20
2025-06-09,SKU0110,155,91,20.0,20
2025-06-16,SKU0110,141,49,20.0,20
2025-06-23,SKU0110,124,0,20.0,20
2025-06-30,SKU0110,101,0,20.0,20
2025-07-07,SKU0110,84,0,20.0,20
2025-07-14,SKU0110,74,0,20.0,20
2025-07-21,SKU0110,54,0,20.0,20
2025-07-28,SKU0110,48,4,20.0,20
2025-08-04,SKU0110,32,0,20.0,20
2025-08-11,SKU0110,158,0,20.0,20
2025-08-18,SKU0110,145,111,20.0,20
2025-08-25,SKU0110,138,0,20.0,20
2025-09-01,SKU0110,132,0,20.0,20
2025-09-08,SKU0110,121,0,20.0,20
2025-09-15,SKU0110,102,95,20.0,20
2025-09-22,SKU0110,92,86,20.0,20
2025-09-29,SKU0110,73,0,20.0,20
2024-01-01,SKU0111,103,0,26.0,30
2024-01-08,SKU0111,81,0,26.0,30
2024-01-15,SKU0111,76,0,26.0,30
2024-01-22,SKU0111,75,0,26.0,30
2024-01-29,SKU0111,59,0,26.0,30
2024-02-05,SKU0111,41,0,26.0,30
2024-02-12,SKU0111,40,0,26.0,30
2024-02-19,SKU0111,35,0,26.0,30
2024-02-26,SKU0111,20,0,26.0,30
2024-03-04,SKU0111,4,0,26.0,30
2024-03-11,SKU0111,0,84,26.0,30
2024-03-18,SKU0111,0,0,26.0,30
2024-03-25,SKU0111,168,5,26.0,30
2024-04-01,SKU0111,158,0,26.0,30
2024-04-08,SKU0111,135,0,26.0,30
2024-04-15,SKU0111,111,0,26.0,30
2024-04-22,SKU0111,107,86,26.0,30
2024-04-29,SKU0111,103,71,26.0,30
2024-05-06,SKU0111,94,113,,30
2024-05-13,SKU0111,79,0,26.0,30
2024-05-20,SKU0111,75,0,26.0,30
2024-05-27,SKU0111,74,0,26.0,30
2024-06-03,SKU0111,50,0,26.0,30
2024-06-10,SKU0111,40,0,26.0,30
2024-06-17,SKU0111,25,117,26.0,30
2024-06-24,SKU0111,165,98,26.0,30
2024-07-01,SKU0111,157,49,26.0,30
2024-07-08,SKU0111,137,0,26.0,30
2024-07-15,SKU0111,115,0,26.0,30
2024-07-22,SKU0111,104,113,26.0,30
2024-07-29,SKU0111,95,89,26.0,30
2024-08-05,SKU0111,91,73,26.0,30
2024-08-12,SKU0111,69,0,26.0,30
2024-08-19,SKU0111,45,0,26.0,30
2024-08-26,SKU0111,24,0,26.0,30
2024-09-02,SKU0111,103,0,26.0,30
2024-09-09,SKU0111,91,0,26.0,30
2024-09-16,SKU0111,88,62,26.0,30
2024-09-23,SKU0111,68,0,26.0,30
2024-09-30,SKU0111,51,114,26.0,30
2024-10-07,SKU0111,40,0,26.0,30
2024-10-14,SKU0111,23,0,26.0,30
2024-10-21,SKU0111,0,0,26.0,30
2024-10-28,SKU0111,0,61,26.0,30
2024-11-04,SKU0111,78,0,26.0,30
2024-11-11,SKU0111,64,68,26.0,30
2024-11-18,SKU0111,57,40,26.0,30
2024-11-25,SKU0111,42,0,26.0,30
2024-12-02,SKU0111,31,38,26.0,30
2024-12-09,SKU0111,30,67,26.0,30
2024-12-16,SKU0111,197,87,26.0,30
2024-12-23,SKU0111,183,112,26.0,30
2024-12-30,SKU0111,163,0,26.0,30
2025-01-06,SKU0111,155,0,26.0,30
2025-01-13,SKU0111,147,20,26.0,30
2025-01-20,SKU0111,146,64,26.0,30
2025-01-27,SKU0111,138,0,26.0,30
2025-02-03,SKU0111,133,15,26.0,30
2025-02-10,SKU0111,114,0,26.0,30
2025-02-17,SKU0111,97,0,26.0,30
2025-02-24,SKU0111,85,0,26.0,30
2025-03-03,SKU0111,74,0,26.0,30
2025-03-10,SKU0111,59,62,26.0,30
2025-03-17,SKU0111,52,90,26.0,30
2025-03-24,SKU0111,37,116,26.0,30
2025-03-31,SKU0111,17,4,26.0,30
2025-04-07,SKU0111,65,0,26.0,30
2025-04-14,SKU0111,52,0,26.0,30
2025-04-21,SKU0111,50,0,26.0,30
2025-04-28,SKU0111,28,0,26.0,30
2025-05-05,SKU0111,14,0,26.0,30
2025-05-12,SKU0111,64,0,26.0,30
2025-05-19,SKU0111,56,97,26.0,30
2025-05-26,SKU0111,40,0,26.0,30
2025-06-02,SKU0111,26,0,26.0,30
2025-06-09,SKU0111,158,37,26.0,30
2025-06-16,SKU0111,138,22,26.0,30
2025-06-23,SKU0111,122,0,26.0,30
2025-06-30,SKU0111,110,0,26.0,30
2025-07-07,SKU0111,106,0,26.0,30
2025-07-14,SKU0111,91,0,26.0,30
2025-07-21,SKU0111,67,0,26.0,30
2025-07-28,SKU0111,66,0,26.0,30
2025-08-04,SKU0111,47,75,26.0,30
2025-08-11,SKU0111,203,0,26.0,30
2025-08-18,SKU0111,180,1,26.0,30
2025-08-25,SKU0111,156,0,26.0,30
2025-09-01,SKU0111,152,11,26.0,30
2025-09-08,SKU0111,130,85,26.0,30
2025-09-15,SKU0111,127,85,26.0,30
2025-09-22,SKU0111,106,0,26.0,30
2025-09-29,SKU0111,95,0,26.0,30
2024-01-01,SKU0112,280,0,19.0,37
2024-01-08,SKU0112,279,0,19.0,37
2024-01-15,SKU0112,273,0,19.0,37
2024-01-22,SKU0112,265,0,19.0,37
2024-01-29,SKU0112,245,0,19.0,37
2024-02-05,SKU0112,227,0,19.0,37
2024-02-12,SKU0112,206,42,19.0,37
2024-02-19,SKU0112,187,0,19.0,37
2024-02-26,SKU0112,184,0,19.0,37
2024-03-04,SKU0112,169,0,19.0,37
2024-03-11,SKU0112,167,0,19.0,37
2024-03-18,SKU0112,166,0,19.0,37
2024-03-25,SKU0112,152,0,19.0,37
2024-04-01,SKU0112,137,0,19.0,37
2024-04-08,SKU0112,127,0,19.0,37
2024-04-15,SKU0112,116,0,19.0,37
2024-04-22,SKU0112,99,0,19.0,37
2024-04-29,SKU0112,90,0,19.0,37
2024-05-06,SKU0112,81,0,19.0,37
2024-05-13,SKU0112,80,56,19.0,37
2024-05-20,SKU0112,56,0,19.0,37
2024-05-27,SKU0112,42,0,19.0,37
2024-06-03,SKU0112,93,0,19.0,37
2024-06-10,SKU0112,77,72,19.0,37
2024-06-17,SKU0112,60,0,19.0,37
2024-06-24,SKU0112,38,0,19.0,37
2024-07-01,SKU0112,23,0,19.0,37
2024-07-08,SKU0112,87,0,19.0,37
2024-07-15,SKU0112,78,0,19.0,37
2024-07-22,SKU0112,72,0,19.0,37
2024-07-29,SKU0112,64,38,19.0,37
2024-08-05,SKU0112,50,0,19.0,37
2024-08-12,SKU0112,46,87,19.0,37
2024-08-19,SKU0112,37,0,19.0,37
2024-08-26,SKU0112,188,0,19.0,37
2024-09-02,SKU0112,171,0,19.0,37
2024-09-09,SKU0112,162,0,19.0,37
2024-09-16,SKU0112,143,100,19.0,37
2024-09-23,SKU0112,139,0,19.0,37
2024-09-30,SKU0112,117,50,19.0,37
2024-10-07,SKU0112,99,94,19.0,37
2024-10-14,SKU0112,92,0,19.0,37
2024-10-21,SKU0112,68,0,19.0,37
2024-10-28,SKU0112,63,0,19.0,37
2024-11-04,SKU0112,55,0,19.0,37
2024-11-11,SKU0112,45,0,19.0,37
2024-11-18,SKU0112,32,0,19.0,37
2024-11-25,SKU0112,214,0,19.0,37
2024-12-02,SKU0112,210,0,19.0,37
2024-12-09,SKU0112,196,0,,37
2024-12-16,SKU0112,192,0,19.0,37
2024-12-23,SKU0112,189,0,19.0,37
2024-12-30,SKU0112,178,0,19.0,37
2025-01-06,SKU0112,156,27,19.0,37
2025-01-13,SKU0112,133,0,19.0,37
2025-01-20,SKU0112,115,0,19.0,37
2025-01-27,SKU0112,98,0,19.0,37
2025-02-03,SKU0112,97,109,19.0,37
2025-02-10,SKU0112,90,39,19.0,37
2025-02-17,SKU0112,88,0,19.0,37
2025-02-24,SKU0112,69,0,19.0,37
2025-03-03,SKU0112,68,0,19.0,37
2025-03-10,SKU0112,51,0,19.0,37
2025-03-17,SKU0112,44,0,19.0,37
2025-03-24,SKU0112,97,0,19.0,37
2025-03-31,SKU0112,95,65,19.0,37
2025-04-07,SKU0112,74,44,19.0,37
2025-04-14,SKU0112,62,110,19.0,37
2025-04-21,SKU0112,57,113,19.0,37
2025-04-28,SKU0112,53,0,19.0,37
2025-05-05,SKU0112,48,0,19.0,37
2025-05-12,SKU0112,44,0,19.0,37
2025-05-19,SKU0112,127,0,19.0,37
2025-05-26,SKU0112,112,0,19.0,37
2025-06-02,SKU0112,94,43,19.0,37
2025-06-09,SKU0112,93,0,19.0,37
2025-06-16,SKU0112,85,77,19.0,37
2025-06-23,SKU0112,62,4,19.0,37
2025-06-30,SKU0112,62,0,19.0,37
2025-07-07,SKU0112,38,63,19.0,37
2025-07-14,SKU0112,20,0,19.0,37
2025-07-21,SKU0112,9,0,19.0,37
2025-07-28,SKU0112,0,0,19.0,37
2025-08-04,SKU0112,116,0,19.0,37
2025-08-11,SKU0112,104,0,19.0,37
2025-08-18,SKU0112,104,5,19.0,37
2025-08-25,SKU0112,100,0,19.0,37
2025-09-01,SKU0112,97,0,19.0,37
2025-09-08,SKU0112,90,0,19.0,37
2025-09-15,SKU0112,88,0,19.0,37
2025-09-22,SKU0112,86,0,19.0,37
2025-09-29,SKU0112,63,0,19.0,37
2024-01-01,SKU0113,241,0,26.0,79
2024-01-08,SKU0113,233,10,26.0,79
2024-01-15,SKU0113,225,0,26.0,79
2024-01-22,SKU0113,208,0,26.0,79
2024-01-29,SKU0113,199,0,26.0,79
2024-02-05,SKU0113,178,16,26.0,79
2024-02-12,SKU0113,161,79,26.0,79
2024-02-19,SKU0113,155,0,26.0,79
2024-02-26,SKU0113,150,0,26.0,79
2024-03-04,SKU0113,140,0,26.0,79
2024-03-11,SKU0113,131,30,26.0,79
2024-03-18,SKU0113,122,0,26.0,79
2024-03-25,SKU0113,99,75,26.0,79
2024-04-01,SKU0113,85,0,26.0,79
2024-04-08,SKU0113,65,0,26.0,79
2024-04-15,SKU0113,176,0,26.0,79
2024-04-22,SKU0113,158,63,26.0,79
2024-04-29,SKU0113,153,103,26.0,79
2024-05-06,SKU0113,132,0,26.0,79
2024-05-13,SKU0113,120,107,26.0,79
2024-05-20,SKU0113,115,0,26.0,79
2024-05-27,SKU0113,95,0,26.0,79
2024-06-03,SKU0113,93,0,26.0,79
2024-06-10,SKU0113,75,0,26.0,79
2024-06-17,SKU0113,184,67,26.0,79
2024-06-24,SKU0113,182,15,26.0,79
2024-07-01,SKU0113,175,0,26.0,79
2024-07-08,SKU0113,172,0,26.0,79
2024-07-15,SKU0113,150,46,26.0,79
2024-07-22,SKU0113,140,63,26.0,79
2024-07-29,SKU0113,118,0,26.0,79
2024-08-05,SKU0113,96,5,26.0,79
2024-08-12,SKU0113,94,56,26.0,79
2024-08-19,SKU0113,85,0,26.0,79
2024-08-26,SKU0113,81,0,26.0,79
2024-09-02,SKU0113,273,0,26.0,79
2024-09-09,SKU0113,250,0,26.0,79
2024-09-16,SKU0113,231,0,26.0,79
2024-09-23,SKU0113,225,0,26.0,79
2024-09-30,SKU0113,225,44,26.0,79
2024-10-07,SKU0113,223,112,26.0,79
2024-10-14,SKU0113,213,27,26.0,79
2024-10-21,SKU0113,196,0,26.0,79
2024-10-28,SKU0113,174,24,26.0,79
2024-11-04,SKU0113,160,33,26.0,79
2024-11-11,SKU0113,146,0,26.0,79
2024-11-18,SKU0113,125,0,26.0,79
2024-11-25,SKU0113,101,0,26.0,79
2024-12-02,SKU0113,93,0,26.0,79
2024-12-09,SKU0113,75,27,26.0,79
2024-12-16,SKU0113,59,0,26.0,79
2024-12-23,SKU0113,192,8,26.0,79
2024-12-30,SKU0113,186,5,26.0,79
2025-01-06,SKU0113,172,0,26.0,79
2025-01-13,SKU0113,155,0,26.0,79
2025-01-20,SKU0113,147,0,26.0,79
2025-01-27,SKU0113,133,0,26.0,79
2025-02-03,SKU0113,130,117,26.0,79
2025-02-10,SKU0113,129,111,26.0,79
2025-02-17,SKU0113,109,0,26.0,79
2025-02-24,SKU0113,97,63,26.0,79
2025-03-03,SKU0113,91,0,26.0,79
2025-03-10,SKU0113,79,0,26.0,79
2025-03-17,SKU0113,72,105,26.0,79
2025-03-24,SKU0113,52,0,26.0,79
2025-03-31,SKU0113,42,101,26.0,79
2025-04-07,SKU0113,18,70,26.0,79
2025-04-14,SKU0113,121,0,26.0,79
2025-04-21,SKU0113,114,0,26.0,79
2025-04-28,SKU0113,110,0,26.0,79
2025-05-05,SKU0113,109,0,26.0,79
2025-05-12,SKU0113,93,0,26.0,79
2025-05-19,SKU0113,81,0,26.0,79
2025-05-26,SKU0113,64,0,,79
2025-06-02,SKU0113,41,0,26.0,79
2025-06-09,SKU0113,116,32,26.0,79
2025-06-16,SKU0113,101,0,26.0,79
2025-06-23,SKU0113,93,47,26.0,79
2025-06-30,SKU0113,74,0,26.0,79
2025-07-07,SKU0113,200,109,26.0,79
2025-07-14,SKU0113,186,113,26.0,79
2025-07-21,SKU0113,182,0,26.0,79
2025-07-28,SKU0113,158,0,26.0,79
2025-08-04,SKU0113,153,0,26.0,79
2025-08-11,SKU0113,133,54,26.0,79
2025-08-18,SKU0113,117,0,26.0,79
2025-08-25,SKU0113,109,0,26.0,79
2025-09-01,SKU0113,104,45,26.0,79
2025-09-08,SKU0113,101,87,26.0,79
2025-09-15,SKU0113,100,0,26.0,79
2025-09-22,SKU0113,78,0,26.0,79
2025-09-29,SKU0113,59,0,26.0,79
2025-03-24,SKU0114,73,59,23.0,46
2025-03-31,SKU0114,52,20,23.0,46
2025-04-07,SKU0114,221,0,23.0,46
2025-04-14,SKU0114,203,0,23.0,46
2025-04-21,SKU0114,196,39,23.0,46
2025-04-28,SKU0114,182,0,23.0,46
2025-05-05,SKU0114,181,68,23.0,46
2025-05-12,SKU0114,166,0,23.0,46
2025-05-19,SKU0114,155,0,23.0,46
2025-05-26,SKU0114,145,71,23.0,46
2025-06-02,SKU0114,125,39,23.0,46
2025-06-09,SKU0114,106,66,23.0,46
2025-06-16,SKU0114,104,0,23.0,46
2025-06-23,SKU0114,104,0,23.0,46
2025-06-30,SKU0114,91,96,23.0,46
2025-07-07,SKU0114,91,77,23.0,46
2025-07-14,SKU0114,71,0,23.0,46
2025-07-21,SKU0114,63,0,23.0,46
2025-07-28,SKU0114,56,0,23.0,46
2025-08-04,SKU0114,34,0,23.0,46
2025-08-11,SKU0114,22,33,23.0,46
2025-08-18,SKU0114,180,0,23.0,46
2025-08-25,SKU0114,157,0,23.0,46
2025-09-01,SKU0114,149,0,23.0,46
2025-09-08,SKU0114,133,113,23.0,46
2025-09-15,SKU0114,114,0,23.0,46
2025-09-22,SKU0114,97,0,23.0,46
2025-09-29,SKU0114,74,55,23.0,46
2024-01-01,SKU0115,43,0,24.0,55
2024-01-08,SKU0115,28,14,24.0,55
2024-01-15,SKU0115,173,0,24.0,55
2024-01-22,SKU0115,171,8,24.0,55
2024-01-29,SKU0115,151,36,24.0,55
2024-02-05,SKU0115,136,78,24.0,55
2024-02-12,SKU0115,136,0,24.0,55
2024-02-19,SKU0115,129,0,24.0,55
2024-02-26,SKU0115,115,0,24.0,55
2024-03-04,SKU0115,93,0,24.0,55
2024-03-11,SKU0115,74,30,24.0,55
2024-03-18,SKU0115,57,0,24.0,55
2024-03-25,SKU0115,36,8,24.0,55
2024-04-01,SKU0115,29,83,24.0,55
2024-04-08,SKU0115,13,0,24.0,55
2024-04-15,SKU0115,0,92,24.0,55
2024-04-22,SKU0115,0,0,24.0,55
2024-04-29,SKU0115,0,0,24.0,55
2024-05-06,SKU0115,0,0,24.0,55
2024-05-13,SKU0115,76,9,24.0,55
2024-05-20,SKU0115,58,0,24.0,55
2024-05-27,SKU0115,200,0,24.0,55
2024-06-03,SKU0115,191,0,24.0,55
2024-06-10,SKU0115,176,0,24.0,55
2024-06-17,SKU0115,162,0,24.0,55
2024-06-24,SKU0115,159,96,24.0,55
2024-07-01,SKU0115,140,0,24.0,55
2024-07-08,SKU0115,137,0,24.0,55
2024-07-15,SKU0115,135,23,24.0,55
2024-07-22,SKU0115,128,15,24.0,55
2024-07-29,SKU0115,121,0,24.0,55
2024-08-05,SKU0115,113,91,24.0,55
2024-08-12,SKU0115,106,0,24.0,55
2024-08-19,SKU0115,84,0,24.0,55
2024-08-26,SKU0115,83,95,24.0,55
2024-09-02,SKU0115,79,0,24.0,55
2024-09-09,SKU0115,73,20,24.0,55
2024-09-16,SKU0115,66,0,24.0,55
2024-09-23,SKU0115,49,0,24.0,55
2024-09-30,SKU0115,229,0,24.0,55
2024-10-07,SKU0115,228,0,24.0,55
2024-10-14,SKU0115,212,118,24.0,55
2024-10-21,SKU0115,212,0,24.0,55
2024-10-28,SKU0115,207,108,24.0,55
2024-11-04,SKU0115,191,0,24.0,55
2024-11-11,SKU0115,169,0,24.0,55
2024-11-18,SKU0115,147,0,24.0,55
2024-11-25,SKU0115,123,0,24.0,55
2024-12-02,SKU0115,114,0,24.0,55
2024-12-09,SKU0115,113,0,24.0,55
2024-12-16,SKU0115,112,24,24.0,55
2024-12-23,SKU0115,105,0,24.0,55
2024-12-30,SKU0115,91,46,24.0,55
2025-01-06,SKU0115,85,0,24.0,55
2025-01-13,SKU0115,66,0,24.0,55
2025-01-20,SKU0115,52,0,24.0,55
2025-01-27,SKU0115,46,35,24.0,55
2025-02-03,SKU0115,243,0,24.0,55
2025-02-10,SKU0115,225,0,24.0,55
2025-02-17,SKU0115,225,0,24.0,55
2025-02-24,SKU0115,225,0,24.0,55
2025-03-03,SKU0115,211,0,24.0,55
2025-03-10,SKU0115,210,0,24.0,55
2025-03-17,SKU0115,200,22,24.0,55
2025-03-24,SKU0115,190,114,24.0,55
2025-03-31,SKU0115,166,0,24.0,55
2025-04-07,SKU0115,166,49,24.0,55
2025-04-14,SKU0115,149,0,24.0,55
2025-04-21,SKU0115,130,0,24.0,55
2025-04-28,SKU0115,126,0,24.0,55
2025-05-05,SKU0115,122,0,24.0,55
2025-05-12,SKU0115,112,18,24.0,55
2025-05-19,SKU0115,108,0,24.0,55
2025-05-26,SKU0115,86,30,24.0,55
2025-06-02,SKU0115,83,18,24.0,55
2025-06-09,SKU0115,80,0,24.0,55
2025-06-16,SKU0115,59,61,24.0,55
2025-06-23,SKU0115,38,0,24.0,55
2025-06-30,SKU0115,20,96,24.0,55
2025-07-07,SKU0115,137,85,24.0,55
2025-07-14,SKU0115,124,89,24.0,55
2025-07-21,SKU0115,101,0,24.0,55
2025-07-28,SKU0115,94,0,24.0,55
2025-08-04,SKU0115,73,0,24.0,55
2025-08-11,SKU0115,66,24,24.0,55
2025-08-18,SKU0115,62,113,24.0,55
2025-08-25,SKU0115,222,24,24.0,55
2025-09-01,SKU0115,205,0,24.0,55
2025-09-08,SKU0115,183,0,24.0,55
2025-09-15,SKU0115,181,0,24.0,55
2025-09-22,SKU0115,175,63,24.0,55
2025-09-29,SKU0115,154,0,24.0,55
2024-01-01,SKU0116,271,0,12.0,71
2024-01-08,SKU0116,248,0,12.0,71
2024-01-15,SKU0116,241,26,12.0,71
2024-01-22,SKU0116,218,56,12.0,71
2024-01-29,SKU0116,194,97,12.0,71
2024-02-05,SKU0116,173,118,12.0,71
2024-02-12,SKU0116,166,34,12.0,71
2024-02-19,SKU0116,163,0,12.0,71
2024-02-26,SKU0116,151,8,12.0,71
2024-03-04,SKU0116,137,10,12.0,71
2024-03-11,SKU0116,116,73,12.0,71
2024-03-18,SKU0116,110,0,12.0,71
2024-03-25,SKU0116,99,0,12.0,71
2024-04-01,SKU0116,82,0,12.0,71
2024-04-08,SKU0116,232,0,12.0,71
2024-04-15,SKU0116,209,0,12.0,71
2024-04-22,SKU0116,196,0,12.0,71
2024-04-29,SKU0116,185,0,12.0,71
2024-05-06,SKU0116,177,0,12.0,71
2024-05-13,SKU0116,169,0,12.0,71
2024-05-20,SKU0116,145,0,12.0,71
2024-05-27,SKU0116,130,43,12.0,71
2024-06-03,SKU0116,119,82,12.0,71
2024-06-10,SKU0116,108,0,12.0,71
2024-06-17,SKU0116,100,88,12.0,71
2024-06-24,SKU0116,85,0,12.0,71
2024-07-01,SKU0116,67,0,12.0,71
2024-07-08,SKU0116,222,0,12.0,71
2024-07-15,SKU0116,209,81,12.0,71
2024-07-22,SKU0116,189,0,12.0,71
2024-07-29,SKU0116,188,85,12.0,71
2024-08-05,SKU0116,182,0,12.0,71
2024-08-12,SKU0116,167,0,12.0,71
2024-08-19,SKU0116,159,0,12.0,71
2024-08-26,SKU0116,155,0,12.0,71
2024-09-02,SKU0116,148,0,12.0,71
2024-09-09,SKU0116,127,65,12.0,71
2024-09-16,SKU0116,111,0,12.0,71
2024-09-23,SKU0116,90,0,12.0,71
2024-09-30,SKU0116,84,37,12.0,71
2024-10-07,SKU0116,81,0,12.0,71
2024-10-14,SKU0116,60,0,12.0,71
2024-10-21,SKU0116,45,0,12.0,71
2024-10-28,SKU0116,29,0,12.0,71
2024-11-04,SKU0116,107,21,12.0,71
2024-11-11,SKU0116,92,44,12.0,71
2024-11-18,SKU0116,89,0,12.0,71
2024-11-25,SKU0116,77,0,12.0,71
2024-12-02,SKU0116,230,60,12.0,71
2024-12-09,SKU0116,206,0,12.0,71
2024-12-16,SKU0116,194,0,12.0,71
2024-12-23,SKU0116,194,0,12.0,71
2024-12-30,SKU0116,192,0,12.0,71
2025-01-06,SKU0116,190,113,12.0,71
2025-01-13,SKU0116,179,0,12.0,71
2025-01-20,SKU0116,169,71,12.0,71
2025-01-27,SKU0116,162,55,12.0,71
2025-02-03,SKU0116,154,62,12.0,71
2025-02-10,SKU0116,140,72,12.0,71
2025-02-17,SKU0116,136,0,12.0,71
2025-02-24,SKU0116,128,0,12.0,71
2025-03-03,SKU0116,118,0,12.0,71
2025-03-10,SKU0116,96,0,12.0,71
2025-03-17,SKU0116,84,0,12.0,71
2025-03-24,SKU0116,84,0,12.0,71
2025-03-31,SKU0116,84,61,12.0,71
2025-04-07,SKU0116,78,0,12.0,71
2025-04-14,SKU0116,219,36,12.0,71
2025-04-21,SKU0116,212,0,12.0,71
2025-04-28,SKU0116,197,59,12.0,71
2025-05-05,SKU0116,190,0,12.0,71
2025-05-12,SKU0116,180,84,12.0,71
2025-05-19,SKU0116,166,0,12.0,71
2025-05-26,SKU0116,146,0,12.0,71
2025-06-02,SKU0116,129,0,12.0,71
2025-06-09,SKU0116,110,47,12.0,71
2025-06-16,SKU0116,107,0,12.0,71
2025-06-23,SKU0116,87,59,12.0,71
2025-06-30,SKU0116,79,23,12.0,71
2025-07-07,SKU0116,78,8,12.0,71
2025-07-14,SKU0116,76,0,12.0,71
2025-07-21,SKU0116,76,0,12.0,71
2025-07-28,SKU0116,184,38,12.0,71
2025-08-04,SKU0116,169,0,12.0,71
2025-08-11,SKU0116,168,0,12.0,71
2025-08-18,SKU0116,161,95,12.0,71
2025-08-25,SKU0116,138,0,12.0,71
2025-09-01,SKU0116,114,0,12.0,71
2025-09-08,SKU0116,100,110,12.0,71
2025-09-15,SKU0116,87,31,12.0,71
2025-09-22,SKU0116,70,114,12.0,71
2025-09-29,SKU0116,66,85,12.0,71
2024-11-18,SKU0117,178,0,21.0,67
2024-11-25,SKU0117,155,85,21.0,67
2024-12-02,SKU0117,132,0,21.0,67
2024-12-09,SKU0117,124,0,21.0,67
2024-12-16,SKU0117,121,0,21.0,67
2024-12-23,SKU0117,112,63,21.0,67
2024-12-30,SKU0117,92,0,21.0,67
2025-01-06,SKU0117,81,0,21.0,67
2025-01-13,SKU0117,184,0,21.0,67
2025-01-20,SKU0117,175,0,21.0,67
2025-01-27,SKU0117,165,0,21.0,67
2025-02-03,SKU0117,142,0,21.0,67
2025-02-10,SKU0117,125,0,21.0,67
2025-02-17,SKU0117,111,57,21.0,67
2025-02-24,SKU0117,110,0,21.0,67
2025-03-03,SKU0117,95,0,21.0,67
2025-03-10,SKU0117,92,0,21.0,67
2025-03-17,SKU0117,77,0,21.0,67
2025-03-24,SKU0117,71,0,21.0,67
2025-03-31,SKU0117,68,25,21.0,67
2025-04-07,SKU0117,130,0,21.0,67
2025-04-14,SKU0117,130,0,21.0,67
2025-04-21,SKU0117,107,0,21.0,67
2025-04-28,SKU0117,102,0,21.0,67
2025-05-05,SKU0117,101,0,21.0,67
2025-05-12,SKU0117,92,0,21.0,67
2025-05-19,SKU0117,85,0,21.0,67
2025-05-26,SKU0117,74,0,21.0,67
2025-06-02,SKU0117,69,2,21.0,67
2025-06-09,SKU0117,156,0,21.0,67
2025-06-16,SKU0117,137,10,21.0,67
2025-06-23,SKU0117,122,0,21.0,67
2025-06-30,SKU0117,101,48,21.0,67
2025-07-07,SKU0117,93,84,21.0,67
2025-07-14,SKU0117,87,29,21.0,67
2025-07-21,SKU0117,73,0,21.0,67
2025-07-28,SKU0117,62,0,21.0,67
2025-08-04,SKU0117,155,0,21.0,67
2025-08-11,SKU0117,146,0,21.0,67
2025-08-18,SKU0117,132,84,21.0,67
2025-08-25,SKU0117,111,77,21.0,67
2025-09-01,SKU0117,87,0,21.0,67
2025-09-08,SKU0117,74,0,21.0,67
2025-09-15,SKU0117,74,98,21.0,67
2025-09-22,SKU0117,59,0,21.0,67
2025-09-29,SKU0117,186,0,21.0,67
2024-01-01,SKU0118,155,53,21.0,59
2024-01-08,SKU0118,140,0,21.0,59
2024-01-15,SKU0118,124,0,21.0,59
2024-01-22,SKU0118,115,103,21.0,59
2024-01-29,SKU0118,99,0,21.0,59
2024-02-05,SKU0118,76,0,21.0,59
2024-02-12,SKU0118,65,58,21.0,59
2024-02-19,SKU0118,43,0,21.0,59
2024-02-26,SKU0118,40,0,21.0,59
2024-03-04,SKU0118,137,58,21.0,59
2024-03-11,SKU0118,133,0,21.0,59
2024-03-18,SKU0118,120,81,21.0,59
2024-03-25,SKU0118,109,0,21.0,59
2024-04-01,SKU0118,93,0,21.0,59
2024-04-08,SKU0118,87,0,21.0,59
2024-04-15,SKU0118,74,64,21.0,59
2024-04-22,SKU0118,182,0,21.0,59
2024-04-29,SKU0118,176,7,21.0,59
2024-05-06,SKU0118,174,87,21.0,59
2024-05-13,SKU0118,159,23,21.0,59
2024-05-20,SKU0118,156,37,21.0,59
2024-05-27,SKU0118,149,0,21.0,59
2024-06-03,SKU0118,138,0,21.0,59
2024-06-10,SKU0118,137,0,21.0,59
2024-06-17,SKU0118,124,0,21.0,59
2024-06-24,SKU0118,119,80,21.0,59
2024-07-01,SKU0118,115,0,21.0,59
2024-07-08,SKU0118,103,0,21.0,59
2024-07-15,SKU0118,97,0,21.0,59
2024-07-22,SKU0118,93,1,21.0,59
2024-07-29,SKU0118,72,56,21.0,59
2024-08-05,SKU0118,142,0,21.0,59
2024-08-12,SKU0118,123,0,21.0,59
2024-08-19,SKU0118,103,0,21.0,59
2024-08-26,SKU0118,96,101,21.0,59
2024-09-02,SKU0118,84,0,21.0,59
2024-09-09,SKU0118,80,0,21.0,59
2024-09-16,SKU0118,58,0,21.0,59
2024-09-23,SKU0118,44,0,21.0,59
2024-09-30,SKU0118,28,0,21.0,59
2024-10-07,SKU0118,25,0,21.0,59
2024-10-14,SKU0118,3,0,21.0,59
2024-10-21,SKU0118,0,0,21.0,59
2024-10-28,SKU0118,0,0,21.0,59
2024-11-04,SKU0118,0,0,21.0,59
2024-11-11,SKU0118,188,0,21.0,59
2024-11-18,SKU0118,185,53,21.0,59
2024-11-25,SKU0118,182,29,21.0,59
2024-12-02,SKU0118,169,0,21.0,59
2024-12-09,SKU0118,149,4,21.0,59
2024-12-16,SKU0118,149,0,21.0,59
2024-12-23,SKU0118,131,0,21.0,59
2024-12-30,SKU0118,109,45,21.0,59
2025-01-06,SKU0118,95,0,21.0,59
2025-01-13,SKU0118,79,0,21.0,59
2025-01-20,SKU0118,78,0,21.0,59
2025-01-27,SKU0118,67,0,21.0,59
2025-02-03,SKU0118,191,0,21.0,59
2025-02-10,SKU0118,170,0,21.0,59
2025-02-17,SKU0118,159,0,21.0,59
2025-02-24,SKU0118,157,0,21.0,59
2025-03-03,SKU0118,145,0,21.0,59
2025-03-10,SKU0118,123,0,21.0,59
2025-03-17,SKU0118,102,0,21.0,59
2025-03-24,SKU0118,100,0,21.0,59
2025-03-31,SKU0118,86,0,21.0,59
2025-04-07,SKU0118,69,118,21.0,59
2025-04-14,SKU0118,168,15,21.0,59
2025-04-21,SKU0118,150,68,21.0,59
2025-04-28,SKU0118,148,0,21.0,59
2025-05-05,SKU0118,138,0,21.0,59
2025-05-12,SKU0118,134,23,21.0,59
2025-05-19,SKU0118,112,83,21.0,59
2025-05-26,SKU0118,108,0,21.0,59
2025-06-02,SKU0118,88,113,21.0,59
2025-06-09,SKU0118,77,0,21.0,59
2025-06-16,SKU0118,59,98,21.0,59
2025-06-23,SKU0118,172,0,21.0,59
2025-06-30,SKU0118,148,0,21.0,59
2025-07-07,SKU0118,133,1,21.0,59
2025-07-14,SKU0118,119,64,21.0,59
2025-07-21,SKU0118,102,0,21.0,59
2025-07-28,SKU0118,96,0,21.0,59
2025-08-04,SKU0118,92,0,21.0,59
2025-08-11,SKU0118,83,0,21.0,59
2025-08-18,SKU0118,79,0,21.0,59
2025-08-25,SKU0118,72,0,21.0,59
2025-09-01,SKU0118,191,0,21.0,59
2025-09-08,SKU0118,188,0,21.0,59
2025-09-15,SKU0118,170,0,21.0,59
2025-09-22,SKU0118,154,0,21.0,59
2025-09-29,SKU0118,132,0,21.0,59
2024-01-01,SKU0119,229,0,12.0,41
2024-01-08,SKU0119,223,91,12.0,41
2024-01-15,SKU0119,204,0,12.0,41
2024-01-22,SKU0119,191,50,12.0,41
2024-01-29,SKU0119,189,0,12.0,41
2024-02-05,SKU0119,170,19,12.0,41
2024-02-12,SKU0119,152,95,12.0,41
2024-02-19,SKU0119,134,113,12.0,41
2024-02-26,SKU0119,110,0,12.0,41
2024-03-04,SKU0119,104,0,12.0,41
2024-03-11,SKU0119,84,99,12.0,41
2024-03-18,SKU0119,75,0,12.0,41
2024-03-25,SKU0119,74,0,12.0,41
2024-04-01,SKU0119,52,0,12.0,41
2024-04-08,SKU0119,51,0,12.0,41
2024-04-15,SKU0119,28,49,12.0,41
2024-04-22,SKU0119,9,3,12.0,41
2024-04-29,SKU0119,4,90,12.0,41
2024-05-06,SKU0119,120,0,12.0,41
2024-05-13,SKU0119,111,5,12.0,41
2024-05-20,SKU0119,89,102,12.0,41
2024-05-27,SKU0119,70,0,12.0,41
2024-06-03,SKU0119,46,0,12.0,41
2024-06-10,SKU0119,27,24,12.0,41
2024-06-17,SKU0119,108,0,12.0,41
2024-06-24,SKU0119,87,0,12.0,41
2024-07-01,SKU0119,67,0,12.0,41
2024-07-08,SKU0119,50,0,12.0,41
2024-07-15,SKU0119,44,0,12.0,41
2024-07-22,SKU0119,150,0,12.0,41
2024-07-29,SKU0119,137,19,12.0,41
2024-08-05,SKU0119,121,0,12.0,41
2024-08-12,SKU0119,121,0,12.0,41
2024-08-19,SKU0119,107,0,12.0,41
2024-08-26,SKU0119,106,0,12.0,41
2024-09-02,SKU0119,88,67,12.0,41
2024-09-09,SKU0119,80,0,12.0,41
2024-09-16,SKU0119,79,0,12.0,41
2024-09-23,SKU0119,64,112,12.0,41
2024-09-30,SKU0119,58,0,12.0,41
2024-10-07,SKU0119,45,0,12.0,41
2024-10-14,SKU0119,118,0,12.0,41
2024-10-21,SKU0119,115,0,12.0,41
2024-10-28,SKU0119,112,0,12.0,41
2024-11-04,SKU0119,88,0,12.0,41
2024-11-11,SKU0119,69,0,12.0,41
2024-11-18,SKU0119,63,0,12.0,41
2024-11-25,SKU0119,51,0,12.0,41
2024-12-02,SKU0119,173,0,12.0,41
2024-12-09,SKU0119,166,0,12.0,41
2024-12-16,SKU0119,144,0,12.0,41
2024-12-23,SKU0119,140,0,12.0,41
2024-12-30,SKU0119,121,0,12.0,41
2025-01-06,SKU0119,116,0,12.0,41
2025-01-13,SKU0119,97,0,12.0,41
2025-01-20,SKU0119,91,106,12.0,41
2025-01-27,SKU0119,82,111,12.0,41
2025-02-03,SKU0119,71,0,12.0,41
2025-02-10,SKU0119,47,0,12.0,41
2025-02-17,SKU0119,26,0,12.0,41
2025-02-24,SKU0119,209,0,12.0,41
2025-03-03,SKU0119,202,92,12.0,41
2025-03-10,SKU0119,193,0,12.0,41
2025-03-17,SKU0119,180,0,12.0,41
2025-03-24,SKU0119,161,119,12.0,41
2025-03-31,SKU0119,141,0,12.0,41
2025-04-07,SKU0119,126,0,12.0,41
2025-04-14,SKU0119,115,0,12.0,41
2025-04-21,SKU0119,107,0,12.0,41
2025-04-28,SKU0119,87,0,12.0,41
2025-05-05,SKU0119,77,115,12.0,41
2025-05-12,SKU0119,58,98,12.0,41
2025-05-19,SKU0119,56,0,12.0,41
2025-05-26,SKU0119,50,0,12.0,41
2025-06-02,SKU0119,32,0,12.0,41
2025-06-09,SKU0119,177,22,12.0,41
2025-06-16,SKU0119,173,0,12.0,41
2025-06-23,SKU0119,149,0,12.0,41
2025-06-30,SKU0119,136,59,12.0,41
2025-07-07,SKU0119,131,90,12.0,41
2025-07-14,SKU0119,130,0,12.0,41
2025-07-21,SKU0119,110,0,12.0,41
2025-07-28,SKU0119,97,26,12.0,41
2025-08-04,SKU0119,87,0,12.0,41
2025-08-11,SKU0119,69,43,12.0,41
2025-08-18,SKU0119,59,40,12.0,41
2025-08-25,SKU0119,58,0,12.0,41
2025-09-01,SKU0119,55,0,12.0,41
2025-09-08,SKU0119,44,0,12.0,41
2025-09-15,SKU0119,20,0,12.0,41
2025-09-22,SKU0119,11,0,12.0,41
2025-09-29,SKU0119,11,107,12.0,41
2024-01-01,SKU0120,40,113,18.0,73
2024-01-08,SKU0120,91,107,18.0,73
2024-01-15,SKU0120,72,42,18.0,73
2024-01-22,SKU0120,71,0,18.0,73
2024-01-29,SKU0120,173,0,18.0,73
2024-02-05,SKU0120,159,86,18.0,73
2024-02-12,SKU0120,157,0,18.0,73
2024-02-19,SKU0120,143,0,18.0,73
2024-02-26,SKU0120,137,0,18.0,73
2024-03-04,SKU0120,119,0,18.0,73
2024-03-11,SKU0120,100,0,18.0,73
2024-03-18,SKU0120,84,0,18.0,73
2024-03-25,SKU0120,77,0,18.0,73
2024-04-01,SKU0120,224,0,18.0,73
2024-04-08,SKU0120,222,0,18.0,73
2024-04-15,SKU0120,217,0,18.0,73
2024-04-22,SKU0120,202,0,18.0,73
2024-04-29,SKU0120,179,0,18.0,73
2024-05-06,SKU0120,163,0,18.0,73
2024-05-13,SKU0120,147,0,18.0,73
2024-05-20,SKU0120,140,0,18.0,73
2024-05-27,SKU0120,126,0,18.0,73
2024-06-03,SKU0120,114,0,18.0,73
2024-06-10,SKU0120,96,0,18.0,73
2024-06-17,SKU0120,93,70,18.0,73
2024-06-24,SKU0120,84,13,18.0,73
2024-07-01,SKU0120,147,0,18.0,73
2024-07-08,SKU0120,125,48,18.0,73
2024-07-15,SKU0120,106,0,18.0,73
2024-07-22,SKU0120,93,0,18.0,73
2024-07-29,SKU0120,82,0,18.0,73
2024-08-05,SKU0120,266,0,18.0,73
2024-08-12,SKU0120,256,0,18.0,73
2024-08-19,SKU0120,252,0,18.0,73
2024-08-26,SKU0120,240,0,18.0,73
2024-09-02,SKU0120,228,68,18.0,73
2024-09-09,SKU0120,228,0,18.0,73
2024-09-16,SKU0120,210,95,18.0,73
2024-09-23,SKU0120,206,92,18.0,73
2024-09-30,SKU0120,183,85,18.0,73
2024-10-07,SKU0120,175,0,18.0,73
2024-10-14,SKU0120,158,10,18.0,73
2024-10-21,SKU0120,151,0,18.0,73
2024-10-28,SKU0120,130,0,18.0,73
2024-11-04,SKU0120,130,0,18.0,73
2024-11-11,SKU0120,119,0,18.0,73
2024-11-18,SKU0120,118,0,18.0,73
2024-11-25,SKU0120,95,0,18.0,73
2024-12-02,SKU0120,83,62,18.0,73
2024-12-09,SKU0120,76,0,18.0,73
2024-12-16,SKU0120,53,32,18.0,73
2024-12-23,SKU0120,109,0,18.0,73
2024-12-30,SKU0120,103,0,18.0,73
2025-01-06,SKU0120,81,0,18.0,73
2025-01-13,SKU0120,78,0,18.0,73
2025-01-20,SKU0120,183,88,18.0,73
2025-01-27,SKU0120,167,0,18.0,73
2025-02-03,SKU0120,143,0,18.0,73
2025-02-10,SKU0120,122,94,18.0,73
2025-02-17,SKU0120,122,0,18.0,73
2025-02-24,SKU0120,111,0,18.0,73
2025-03-03,SKU0120,98,29,18.0,73
2025-03-10,SKU0120,86,116,18.0,73
2025-03-17,SKU0120,74,10,18.0,73
2025-03-24,SKU0120,149,0,18.0,73
2025-03-31,SKU0120,127,0,18.0,73
2025-04-07,SKU0120,126,0,18.0,73
2025-04-14,SKU0120,107,0,18.0,73
2025-04-21,SKU0120,91,0,18.0,73
2025-04-28,SKU0120,83,0,18.0,73
2025-05-05,SKU0120,82,0,18.0,73
2025-05-12,SKU0120,184,0,18.0,73
2025-05-19,SKU0120,180,0,18.0,73
2025-05-26,SKU0120,173,0,18.0,73
2025-06-02,SKU0120,160,0,18.0,73
2025-06-09,SKU0120,154,0,18.0,73
2025-06-16,SKU0120,148,31,18.0,73
2025-06-23,SKU0120,134,80,18.0,73
2025-06-30,SKU0120,119,0,18.0,73
2025-07-07,SKU0120,116,0,18.0,73
2025-07-14,SKU0120,98,0,18.0,73
2025-07-21,SKU0120,77,68,18.0,73
2025-07-28,SKU0120,58,0,18.0,73
2025-08-04,SKU0120,35,98,18.0,73
2025-08-11,SKU0120,159,0,18.0,73
2025-08-18,SKU0120,159,0,18.0,73
2025-08-25,SKU0120,139,0,18.0,73
2025-09-01,SKU0120,122,0,18.0,73
2025-09-08,SKU0120,107,0,18.0,73
2025-09-15,SKU0120,88,0,18.0,73
2025-09-22,SKU0120,84,0,18.0,73
2025-09-29,SKU0120,63,0,18.0,73
2024-01-01,SKU0121,211,0,9.0,33
2024-01-08,SKU0121,187,72,9.0,33
2024-01-15,SKU0121,163,97,9.0,33
2024-01-22,SKU0121,159,91,9.0,33
2024-01-29,SKU0121,143,0,9.0,33
2024-02-05,SKU0121,139,0,9.0,33
2024-02-12,SKU0121,138,0,9.0,33
2024-02-19,SKU0121,135,0,9.0,33
2024-02-26,SKU0121,117,0,9.0,33
2024-03-04,SKU0121,113,101,9.0,33
2024-03-11,SKU0121,106,0,9.0,33
2024-03-18,SKU0121,106,67,9.0,33
2024-03-25,SKU0121,83,14,9.0,33
2024-04-01,SKU0121,75,0,9.0,33
2024-04-08,SKU0121,56,108,9.0,33
2024-04-15,SKU0121,44,0,9.0,33
2024-04-22,SKU0121,44,0,9.0,33
2024-04-29,SKU0121,226,35,9.0,33
2024-05-06,SKU0121,220,1,9.0,33
2024-05-13,SKU0121,220,0,9.0,33
2024-05-20,SKU0121,197,0,9.0,33
2024-05-27,SKU0121,182,0,9.0,33
2024-06-03,SKU0121,174,0,9.0,33
2024-06-10,SKU0121,150,0,9.0,33
2024-06-17,SKU0121,130,0,9.0,33
2024-06-24,SKU0121,126,0,9.0,33
2024-07-01,SKU0121,107,0,9.0,33
2024-07-08,SKU0121,105,56,9.0,33
2024-07-15,SKU0121,96,0,9.0,33
2024-07-22,SKU0121,80,0,9.0,33
2024-07-29,SKU0121,68,64,9.0,33
2024-08-05,SKU0121,52,0,9.0,33
2024-08-12,SKU0121,203,0,9.0,33
2024-08-19,SKU0121,181,0,9.0,33
2024-08-26,SKU0121,176,0,9.0,33
2024-09-02,SKU0121,159,0,9.0,33
2024-09-09,SKU0121,159,49,9.0,33
2024-09-16,SKU0121,158,0,9.0,33
2024-09-23,SKU0121,135,0,9.0,33
2024-09-30,SKU0121,130,0,9.0,33
2024-10-07,SKU0121,121,38,9.0,33
2024-10-14,SKU0121,111,111,9.0,33
2024-10-21,SKU0121,87,84,9.0,33
2024-10-28,SKU0121,67,0,9.0,33
2024-11-04,SKU0121,50,93,9.0,33
2024-11-11,SKU0121,42,0,9.0,33
2024-11-18,SKU0121,36,0,9.0,33
2024-11-25,SKU0121,26,111,9.0,33
2024-12-02,SKU0121,108,0,9.0,33
2024-12-09,SKU0121,103,0,9.0,33
2024-12-16,SKU0121,102,0,9.0,33
2024-12-23,SKU0121,85,62,9.0,33
2024-12-30,SKU0121,79,8,9.0,33
2025-01-06,SKU0121,70,20,9.0,33
2025-01-13,SKU0121,66,0,9.0,33
2025-01-20,SKU0121,58,0,9.0,33
2025-01-27,SKU0121,49,0,9.0,33
2025-02-03,SKU0121,40,114,9.0,33
2025-02-10,SKU0121,30,0,9.0,33
2025-02-17,SKU0121,10,0,9.0,33
2025-02-24,SKU0121,60,0,9.0,33
2025-03-03,SKU0121,59,0,9.0,33
2025-03-10,SKU0121,51,0,9.0,33
2025-03-17,SKU0121,44,37,9.0,33
2025-03-24,SKU0121,161,0,9.0,33
2025-03-31,SKU0121,160,0,9.0,33
2025-04-07,SKU0121,142,0,9.0,33
2025-04-14,SKU0121,141,0,9.0,33
2025-04-21,SKU0121,122,0,9.0,33
2025-04-28,SKU0121,113,0,9.0,33
2025-05-05,SKU0121,108,0,9.0,33
2025-05-12,SKU0121,92,0,9.0,33
2025-05-19,SKU0121,78,0,9.0,33
2025-05-26,SKU0121,78,16,9.0,33
2025-06-02,SKU0121,72,0,9.0,33
2025-06-09,SKU0121,56,0,9.0,33
2025-06-16,SKU0121,48,0,9.0,33
2025-06-23,SKU0121,40,0,9.0,33
2025-06-30,SKU0121,27,0,9.0,33
2025-07-07,SKU0121,198,0,9.0,33
2025-07-14,SKU0121,196,0,9.0,33
2025-07-21,SKU0121,187,0,9.0,33
2025-07-28,SKU0121,176,0,9.0,33
2025-08-04,SKU0121,163,0,9.0,33
2025-08-11,SKU0121,148,0,9.0,33
2025-08-18,SKU0121,134,108,9.0,33
2025-08-25,SKU0121,128,0,9.0,33
2025-09-01,SKU0121,117,21,9.0,33
2025-09-08,SKU0121,102,25,9.0,33
2025-09-15,SKU0121,97,0,9.0,33
2025-09-22,SKU0121,77,0,9.0,33
2025-09-29,SKU0121,60,0,9.0,33
2025-05-26,SKU0122,216,0,11.0,65
2025-06-02,SKU0122,200,84,11.0,65
2025-06-09,SKU0122,182,0,11.0,65
2025-06-16,SKU0122,171,0,11.0,65
2025-06-23,SKU0122,170,0,11.0,65
2025-06-30,SKU0122,168,117,11.0,65
2025-07-07,SKU0122,161,0,11.0,65
2025-07-14,SKU0122,148,0,11.0,65
2025-07-21,SKU0122,147,92,11.0,65
2025-07-28,SKU0122,139,0,11.0,65
2025-08-04,SKU0122,138,0,11.0,65
2025-08-11,SKU0122,119,0,11.0,65
2025-08-18,SKU0122,116,0,11.0,65
2025-08-25,SKU0122,115,0,11.0,65
2025-09-01,SKU0122,109,90,11.0,65
2025-09-08,SKU0122,100,0,11.0,65
2025-09-15,SKU0122,93,0,11.0,65
2025-09-22,SKU0122,92,83,11.0,65
2025-09-29,SKU0122,73,0,11.0,65
2024-01-01,SKU0123,198,0,43.0,41
2024-01-08,SKU0123,198,0,43.0,41
2024-01-15,SKU0123,174,79,43.0,41
2024-01-22,SKU0123,166,0,43.0,41
2024-01-29,SKU0123,154,25,43.0,41
2024-02-05,SKU0123,148,0,43.0,41
2024-02-12,SKU0123,145,0,43.0,41
2024-02-19,SKU0123,126,0,43.0,41
2024-02-26,SKU0123,102,47,43.0,41
2024-03-04,SKU0123,101,0,43.0,41
2024-03-11,SKU0123,93,8,43.0,41
2024-03-18,SKU0123,93,0,43.0,41
2024-03-25,SKU0123,70,0,43.0,41
2024-04-01,SKU0123,59,0,43.0,41
2024-04-08,SKU0123,44,0,43.0,41
2024-04-15,SKU0123,232,0,43.0,41
2024-04-22,SKU0123,228,57,43.0,41
2024-04-29,SKU0123,208,0,43.0,41
2024-05-06,SKU0123,207,0,43.0,41
2024-05-13,SKU0123,193,0,43.0,41
2024-05-20,SKU0123,175,0,43.0,41
2024-05-27,SKU0123,152,0,43.0,41
2024-06-03,SKU0123,147,0,43.0,41
2024-06-10,SKU0123,133,70,43.0,41
2024-06-17,SKU0123,119,0,43.0,41
2024-06-24,SKU0123,113,111,43.0,41
2024-07-01,SKU0123,110,0,43.0,41
2024-07-08,SKU0123,105,52,43.0,41
2024-07-15,SKU0123,93,92,43.0,41
2024-07-22,SKU0123,83,22,43.0,41
2024-07-29,SKU0123,78,0,43.0,41
2024-08-05,SKU0123,66,0,43.0,41
2024-08-12,SKU0123,49,98,43.0,41
2024-08-19,SKU0123,206,0,43.0,41
2024-08-26,SKU0123,197,20,43.0,41
2024-09-02,SKU0123,184,75,43.0,41
2024-09-09,SKU0123,178,0,43.0,41
2024-09-16,SKU0123,167,115,43.0,41
2024-09-23,SKU0123,148,0,43.0,41
2024-09-30,SKU0123,128,0,43.0,41
2024-10-07,SKU0123,117,0,43.0,41
2024-10-14,SKU0123,111,74,43.0,41
2024-10-21,SKU0123,103,0,43.0,41
2024-10-28,SKU0123,79,0,43.0,41
2024-11-04,SKU0123,56,0,43.0,41
2024-11-11,SKU0123,55,0,43.0,41
2024-11-18,SKU0123,31,0,43.0,41
2024-11-25,SKU0123,12,0,43.0,41
2024-12-02,SKU0123,0,8,43.0,41
2024-12-09,SKU0123,99,0,43.0,41
2024-12-16,SKU0123,88,0,43.0,41
2024-12-23,SKU0123,73,18,43.0,41
2024-12-30,SKU0123,54,24,43.0,41
2025-01-06,SKU0123,33,52,43.0,41
2025-01-13,SKU0123,17,0,43.0,41
2025-01-20,SKU0123,120,0,43.0,41
2025-01-27,SKU0123,98,3,43.0,41
2025-02-03,SKU0123,91,0,43.0,41
2025-02-10,SKU0123,69,0,43.0,41
2025-02-17,SKU0123,68,0,43.0,41
2025-02-24,SKU0123,54,63,43.0,41
2025-03-03,SKU0123,36,0,43.0,41
2025-03-10,SKU0123,124,74,43.0,41
2025-03-17,SKU0123,117,0,43.0,41
2025-03-24,SKU0123,106,0,43.0,41
2025-03-31,SKU0123,103,0,43.0,41
2025-04-07,SKU0123,83,77,43.0,41
2025-04-14,SKU0123,72,0,43.0,41
2025-04-21,SKU0123,65,0,43.0,41
2025-04-28,SKU0123,46,0,43.0,41
2025-05-05,SKU0123,142,0,43.0,41
2025-05-12,SKU0123,119,6,43.0,41
2025-05-19,SKU0123,114,0,43.0,41
2025-05-26,SKU0123,111,31,43.0,41
2025-06-02,SKU0123,89,0,43.0,41
2025-06-09,SKU0123,87,0,43.0,41
2025-06-16,SKU0123,67,0,43.0,41
2025-06-23,SKU0123,51,0,43.0,41
2025-06-30,SKU0123,49,0,43.0,41
2025-07-07,SKU0123,29,0,43.0,41
2025-07-14,SKU0123,118,0,43.0,41
2025-07-21,SKU0123,113,24,43.0,41
2025-07-28,SKU0123,112,0,43.0,41
2025-08-04,SKU0123,112,62,43.0,41
2025-08-11,SKU0123,96,89,43.0,41
2025-08-18,SKU0123,89,95,43.0,41
2025-08-25,SKU0123,68,0,43.0,41
2025-09-01,SKU0123,52,0,43.0,41
2025-09-08,SKU0123,44,54,43.0,41
2025-09-15,SKU0123,181,32,43.0,41
2025-09-22,SKU0123,181,0,43.0,41
2025-09-29,SKU0123,178,0,43.0,41
2024-01-01,SKU0124,236,0,36.0,11
2024-01-08,SKU0124,226,21,36.0,11
2024-01-15,SKU0124,219,0,36.0,11
2024-01-22,SKU0124,198,93,36.0,11
2024-01-29,SKU0124,188,0,36.0,11
2024-02-05,SKU0124,187,0,36.0,11
2024-02-12,SKU0124,187,0,36.0,11
2024-02-19,SKU0124,187,0,36.0,11
2024-02-26,SKU0124,184,0,36.0,11
2024-03-04,SKU0124,182,0,36.0,11
2024-03-11,SKU0124,163,0,36.0,11
2024-03-18,SKU0124,158,0,36.0,11
2024-03-25,SKU0124,135,0,36.0,11
2024-04-01,SKU0124,125,0,36.0,11
2024-04-08,SKU0124,112,30,36.0,11
2024-04-15,SKU0124,96,0,36.0,11
2024-04-22,SKU0124,76,0,36.0,11
2024-04-29,SKU0124,75,108,36.0,11
2024-05-06,SKU0124,60,0,36.0,11
2024-05-13,SKU0124,51,112,36.0,11
2024-05-20,SKU0124,50,97,36.0,11
2024-05-27,SKU0124,28,27,36.0,11
2024-06-03,SKU0124,26,0,36.0,11
2024-06-10,SKU0124,132,0,36.0,11
2024-06-17,SKU0124,128,0,36.0,11
2024-06-24,SKU0124,106,0,36.0,11
2024-07-01,SKU0124,94,0,36.0,11
2024-07-08,SKU0124,88,0,36.0,11
2024-07-15,SKU0124,67,0,36.0,11
2024-07-22,SKU0124,53,99,36.0,11
2024-07-29,SKU0124,47,0,36.0,11
2024-08-05,SKU0124,40,0,36.0,11
2024-08-12,SKU0124,31,0,36.0,11
2024-08-19,SKU0124,17,0,36.0,11
2024-08-26,SKU0124,174,0,36.0,11
2024-09-02,SKU0124,156,14,36.0,11
2024-09-09,SKU0124,149,0,36.0,11
2024-09-16,SKU0124,133,0,36.0,11
2024-09-23,SKU0124,113,99,36.0,11
2024-09-30,SKU0124,101,0,36.0,11
2024-10-07,SKU0124,96,0,36.0,11
2024-10-14,SKU0124,94,0,36.0,11
2024-10-21,SKU0124,79,0,36.0,11
2024-10-28,SKU0124,60,0,36.0,11
2024-11-04,SKU0124,43,0,36.0,11
2024-11-11,SKU0124,34,74,36.0,11
2024-11-18,SKU0124,10,0,36.0,11
2024-11-25,SKU0124,119,4,36.0,11
2024-12-02,SKU0124,104,70,36.0,11
2024-12-09,SKU0124,97,0,36.0,11
2024-12-16,SKU0124,82,0,36.0,11
2024-12-23,SKU0124,79,0,36.0,11
2024-12-30,SKU0124,61,0,36.0,11
2025-01-06,SKU0124,46,100,36.0,11
2025-01-13,SKU0124,40,0,36.0,11
2025-01-20,SKU0124,16,0,36.0,11
2025-01-27,SKU0124,78,0,36.0,11
2025-02-03,SKU0124,71,0,36.0,11
2025-02-10,SKU0124,48,0,36.0,11
2025-02-17,SKU0124,43,0,36.0,11
2025-02-24,SKU0124,19,0,36.0,11
2025-03-03,SKU0124,1,12,36.0,11
2025-03-10,SKU0124,127,48,36.0,11
2025-03-17,SKU0124,117,4,36.0,11
2025-03-24,SKU0124,102,108,36.0,11
2025-03-31,SKU0124,78,0,36.0,11
2025-04-07,SKU0124,78,0,36.0,11
2025-04-14,SKU0124,68,0,36.0,11
2025-04-21,SKU0124,60,0,36.0,11
2025-04-28,SKU0124,51,3,36.0,11
2025-05-05,SKU0124,36,0,36.0,11
2025-05-12,SKU0124,29,49,36.0,11
2025-05-19,SKU0124,17,0,36.0,11
2025-05-26,SKU0124,170,96,36.0,11
2025-06-02,SKU0124,162,0,36.0,11
2025-06-09,SKU0124,146,0,36.0,11
2025-06-16,SKU0124,130,0,36.0,11
2025-06-23,SKU0124,128,0,36.0,11
2025-06-30,SKU0124,118,0,36.0,11
2025-07-07,SKU0124,115,0,36.0,11
2025-07-14,SKU0124,93,99,36.0,11
2025-07-21,SKU0124,84,0,36.0,11
2025-07-28,SKU0124,61,33,36.0,11
2025-08-04,SKU0124,58,10,36.0,11
2025-08-11,SKU0124,46,0,36.0,11
2025-08-18,SKU0124,29,35,36.0,11
2025-08-25,SKU0124,28,0,36.0,11
2025-09-01,SKU0124,26,0,36.0,11
2025-09-08,SKU0124,10,0,36.0,11
2025-09-15,SKU0124,7,0,36.0,11
2025-09-22,SKU0124,113,0,36.0,11
2025-09-29,SKU0124,92,0,36.0,11
2024-01-01,SKU0125,226,0,39.0,11
2024-01-08,SKU0125,212,0,39.0,11
2024-01-15,SKU0125,189,0,39.0,11
2024-01-22,SKU0125,187,0,,11
2024-01-29,SKU0125,171,105,39.0,11
2024-02-05,SKU0125,164,85,39.0,11
2024-02-12,SKU0125,142,71,39.0,11
2024-02-19,SKU0125,125,0,39.0,11
2024-02-26,SKU0125,107,0,39.0,11
2024-03-04,SKU0125,97,0,39.0,11
2024-03-11,SKU0125,93,0,39.0,11
2024-03-18,SKU0125,81,0,39.0,11
2024-03-25,SKU0125,57,96,39.0,11
2024-04-01,SKU0125,43,0,39.0,11
2024-04-08,SKU0125,32,0,39.0,11
2024-04-15,SKU0125,23,29,39.0,11
2024-04-22,SKU0125,2,45,39.0,11
2024-04-29,SKU0125,88,98,39.0,11
2024-05-06,SKU0125,82,89,39.0,11
2024-05-13,SKU0125,72,0,39.0,11
2024-05-20,SKU0125,56,0,39.0,11
2024-05-27,SKU0125,41,0,39.0,11
2024-06-03,SKU0125,36,0,39.0,11
2024-06-10,SKU0125,34,44,39.0,11
2024-06-17,SKU0125,11,0,39.0,11
2024-06-24,SKU0125,0,0,39.0,11
2024-07-01,SKU0125,108,0,39.0,11
2024-07-08,SKU0125,88,0,39.0,11
2024-07-15,SKU0125,87,0,39.0,11
2024-07-22,SKU0125,70,0,39.0,11
2024-07-29,SKU0125,68,108,39.0,11
2024-08-05,SKU0125,53,0,39.0,11
2024-08-12,SKU0125,34,0,39.0,11
2024-08-19,SKU0125,17,29,39.0,11
2024-08-26,SKU0125,101,59,39.0,11
2024-09-02,SKU0125,101,0,39.0,11
2024-09-09,SKU0125,86,0,39.0,11
2024-09-16,SKU0125,63,72,39.0,11
2024-09-23,SKU0125,43,0,39.0,11
2024-09-30,SKU0125,23,0,39.0,11
2024-10-07,SKU0125,20,0,39.0,11
2024-10-14,SKU0125,3,0,39.0,11
2024-10-21,SKU0125,0,0,39.0,11
2024-10-28,SKU0125,108,0,39.0,11
2024-11-04,SKU0125,104,46,39.0,11
2024-11-11,SKU0125,104,0,39.0,11
2024-11-18,SKU0125,97,3,39.0,11
2024-11-25,SKU0125,81,0,39.0,11
2024-12-02,SKU0125,72,18,39.0,11
2024-12-09,SKU0125,55,0,39.0,11
2024-12-16,SKU0125,33,48,39.0,11
2024-12-23,SKU0125,12,0,39.0,11
2024-12-30,SKU0125,95,0,39.0,11
2025-01-06,SKU0125,81,0,39.0,11
2025-01-13,SKU0125,60,57,39.0,11
2025-01-20,SKU0125,41,0,39.0,11
2025-01-27,SKU0125,22,0,39.0,11
2025-02-03,SKU0125,12,0,39.0,11
2025-02-10,SKU0125,3,0,39.0,11
2025-02-17,SKU0125,67,26,39.0,11
2025-02-24,SKU0125,45,45,39.0,11
2025-03-03,SKU0125,38,23,39.0,11
2025-03-10,SKU0125,26,4,39.0,11
2025-03-17,SKU0125,19,0,39.0,11
2025-03-24,SKU0125,16,0,39.0,11
2025-03-31,SKU0125,114,23,39.0,11
2025-04-07,SKU0125,109,0,39.0,11
2025-04-14,SKU0125,88,0,39.0,11
2025-04-21,SKU0125,78,0,39.0,11
2025-04-28,SKU0125,77,0,39.0,11
2025-05-05,SKU0125,76,117,39.0,11
2025-05-12,SKU0125,56,0,39.0,11
2025-05-19,SKU0125,54,0,39.0,11
2025-05-26,SKU0125,38,0,39.0,11
2025-06-02,SKU0125,35,0,39.0,11
2025-06-09,SKU0125,14,81,39.0,11
2025-06-16,SKU0125,6,0,39.0,11
2025-06-23,SKU0125,0,0,39.0,11
2025-06-30,SKU0125,131,0,39.0,11
2025-07-07,SKU0125,125,0,39.0,11
2025-07-14,SKU0125,113,0,39.0,11
2025-07-21,SKU0125,89,0,39.0,11
2025-07-28,SKU0125,71,107,39.0,11
2025-08-04,SKU0125,49,0,39.0,11
2025-08-11,SKU0125,45,24,39.0,11
2025-08-18,SKU0125,44,43,39.0,11
2025-08-25,SKU0125,26,0,39.0,11
2025-09-01,SKU0125,5,0,39.0,11
2025-09-08,SKU0125,112,0,39.0,11
2025-09-15,SKU0125,101,0,39.0,11
2025-09-22,SKU0125,98,0,39.0,11
2025-09-29,SKU0125,94,0,39.0,11
2025-04-14,SKU0126,55,0,27.0,60
2025-04-21,SKU0126,32,22,27.0,60
2025-04-28,SKU0126,105,0,27.0,60
2025-05-05,SKU0126,94,0,27.0,60
2025-05-12,SKU0126,82,0,27.0,60
2025-05-19,SKU0126,69,0,27.0,60
2025-05-26,SKU0126,46,0,27.0,60
2025-06-02,SKU0126,117,77,27.0,60
2025-06-09,SKU0126,108,0,27.0,60
2025-06-16,SKU0126,98,0,27.0,60
2025-06-23,SKU0126,78,0,27.0,60
2025-06-30,SKU0126,62,0,27.0,60
2025-07-07,SKU0126,124,0,27.0,60
2025-07-14,SKU0126,123,93,27.0,60
2025-07-21,SKU0126,111,0,27.0,60
2025-07-28,SKU0126,96,0,27.0,60
2025-08-04,SKU0126,72,0,27.0,60
2025-08-11,SKU0126,71,0,27.0,60
2025-08-18,SKU0126,61,0,27.0,60
2025-08-25,SKU0126,183,0,27.0,60
2025-09-01,SKU0126,182,0,27.0,60
2025-09-08,SKU0126,176,0,27.0,60
2025-09-15,SKU0126,158,0,27.0,60
2025-09-22,SKU0126,157,0,27.0,60
2025-09-29,SKU0126,150,0,27.0,60
2025-04-28,SKU0127,124,59,7.0,63
2025-05-05,SKU0127,105,0,7.0,63
2025-05-12,SKU0127,86,0,7.0,63
2025-05-19,SKU0127,71,0,7.0,63
2025-05-26,SKU0127,71,0,7.0,63
2025-06-02,SKU0127,176,0,7.0,63
2025-06-09,SKU0127,170,94,7.0,63
2025-06-16,SKU0127,155,0,7.0,63
2025-06-23,SKU0127,136,0,7.0,63
2025-06-30,SKU0127,117,75,7.0,63
2025-07-07,SKU0127,110,16,7.0,63
2025-07-14,SKU0127,99,0,7.0,63
2025-07-21,SKU0127,81,93,7.0,63
2025-07-28,SKU0127,79,0,7.0,63
2025-08-04,SKU0127,69,25,7.0,63
2025-08-11,SKU0127,48,0,7.0,63
2025-08-18,SKU0127,180,0,7.0,63
2025-08-25,SKU0127,159,0,7.0,63
2025-09-01,SKU0127,143,36,7.0,63
2025-09-08,SKU0127,125,0,7.0,63
2025-09-15,SKU0127,103,0,7.0,63
2025-09-22,SKU0127,82,34,7.0,63
2025-09-29,SKU0127,64,0,7.0,63
2024-01-01,SKU0128,131,62,39.0,63
2024-01-08,SKU0128,110,16,39.0,63
2024-01-15,SKU0128,104,0,39.0,63
2024-01-22,SKU0128,86,83,39.0,63
2024-01-29,SKU0128,71,0,39.0,63
2024-02-05,SKU0128,60,0,39.0,63
2024-02-12,SKU0128,233,0,39.0,63
2024-02-19,SKU0128,210,91,39.0,63
2024-02-26,SKU0128,210,0,39.0,63
2024-03-04,SKU0128,203,114,39.0,63
2024-03-11,SKU0128,190,0,39.0,63
2024-03-18,SKU0128,171,35,39.0,63
2024-03-25,SKU0128,150,97,39.0,63
2024-04-01,SKU0128,135,0,39.0,63
2024-04-08,SKU0128,124,0,39.0,63
2024-04-15,SKU0128,111,0,39.0,63
2024-04-22,SKU0128,101,0,39.0,63
2024-04-29,SKU0128,81,0,39.0,63
2024-05-06,SKU0128,71,93,39.0,63
2024-05-13,SKU0128,215,0,39.0,63
2024-05-20,SKU0128,206,0,39.0,63
2024-05-27,SKU0128,206,0,39.0,63
2024-06-03,SKU0128,199,20,39.0,63
2024-06-10,SKU0128,180,0,39.0,63
2024-06-17,SKU0128,174,0,39.0,63
2024-06-24,SKU0128,150,22,39.0,63
2024-07-01,SKU0128,130,0,39.0,63
2024-07-08,SKU0128,124,0,39.0,63
2024-07-15,SKU0128,110,0,39.0,63
2024-07-22,SKU0128,89,0,39.0,63
2024-07-29,SKU0128,71,0,39.0,63
2024-08-05,SKU0128,180,0,39.0,63
2024-08-12,SKU0128,167,110,39.0,63
2024-08-19,SKU0128,158,0,39.0,63
2024-08-26,SKU0128,158,0,39.0,63
2024-09-02,SKU0128,151,115,39.0,63
2024-09-09,SKU0128,142,0,39.0,63
2024-09-16,SKU0128,137,0,39.0,63
2024-09-23,SKU0128,130,0,39.0,63
2024-09-30,SKU0128,111,0,39.0,63
2024-10-07,SKU0128,110,0,39.0,63
2024-10-14,SKU0128,108,0,39.0,63
2024-10-21,SKU0128,95,0,39.0,63
2024-10-28,SKU0128,75,0,39.0,63
2024-11-04,SKU0128,213,0,39.0,63
2024-11-11,SKU0128,202,42,39.0,63
2024-11-18,SKU0128,180,0,39.0,63
2024-11-25,SKU0128,168,0,39.0,63
2024-12-02,SKU0128,155,0,39.0,63
2024-12-09,SKU0128,152,0,39.0,63
2024-12-16,SKU0128,148,0,39.0,63
2024-12-23,SKU0128,141,0,39.0,63
2024-12-30,SKU0128,123,0,39.0,63
2025-01-06,SKU0128,104,0,39.0,63
2025-01-13,SKU0128,103,0,39.0,63
2025-01-20,SKU0128,91,0,39.0,63
2025-01-27,SKU0128,89,0,39.0,63
2025-02-03,SKU0128,82,0,39.0,63
2025-02-10,SKU0128,78,0,39.0,63
2025-02-17,SKU0128,76,0,39.0,63
2025-02-24,SKU0128,70,0,39.0,63
2025-03-03,SKU0128,173,0,39.0,63
2025-03-10,SKU0128,167,0,39.0,63
2025-03-17,SKU0128,165,0,39.0,63
2025-03-24,SKU0128,142,0,39.0,63
2025-03-31,SKU0128,121,68,39.0,63
2025-04-07,SKU0128,98,0,39.0,63
2025-04-14,SKU0128,93,0,39.0,63
2025-04-21,SKU0128,81,0,39.0,63
2025-04-28,SKU0128,75,30,39.0,63
2025-05-05,SKU0128,62,0,39.0,63
2025-05-12,SKU0128,180,0,39.0,63
2025-05-19,SKU0128,157,0,39.0,63
2025-05-26,SKU0128,138,39,39.0,63
2025-06-02,SKU0128,127,0,39.0,63
2025-06-09,SKU0128,127,0,39.0,63
2025-06-16,SKU0128,111,0,39.0,63
2025-06-23,SKU0128,107,0,39.0,63
2025-06-30,SKU0128,106,0,39.0,63
2025-07-07,SKU0128,103,0,39.0,63
2025-07-14,SKU0128,79,47,39.0,63
2025-07-21,SKU0128,65,0,39.0,63
2025-07-28,SKU0128,152,64,39.0,63
2025-08-04,SKU0128,129,0,39.0,63
2025-08-11,SKU0128,118,87,39.0,63
2025-08-18,SKU0128,104,0,39.0,63
2025-08-25,SKU0128,82,0,39.0,63
2025-09-01,SKU0128,78,0,39.0,63
2025-09-08,SKU0128,158,92,39.0,63
2025-09-15,SKU0128,144,0,39.0,63
2025-09-22,SKU0128,122,34,39.0,63
2025-09-29,SKU0128,117,0,39.0,63
2025-04-14,SKU0129,147,0,28.0,32
2025-04-21,SKU0129,144,0,28.0,32
2025-04-28,SKU0129,131,0,28.0,32
2025-05-05,SKU0129,114,27,28.0,32
2025-05-12,SKU0129,111,0,28.0,32
2025-05-19,SKU0129,90,0,28.0,32
2025-05-26,SKU0129,76,0,28.0,32
2025-06-02,SKU0129,53,0,28.0,32
2025-06-09,SKU0129,39,0,28.0,32
2025-06-16,SKU0129,24,0,28.0,32
2025-06-23,SKU0129,5,109,28.0,32
2025-06-30,SKU0129,137,0,28.0,32
2025-07-07,SKU0129,113,0,28.0,32
2025-07-14,SKU0129,111,0,28.0,32
2025-07-21,SKU0129,91,0,28.0,32
2025-07-28,SKU0129,70,0,28.0,32
2025-08-04,SKU0129,58,0,28.0,32
2025-08-11,SKU0129,54,0,28.0,32
2025-08-18,SKU0129,34,0,28.0,32
2025-08-25,SKU0129,96,117,28.0,32
2025-09-01,SKU0129,82,0,28.0,32
2025-09-08,SKU0129,62,2,28.0,32
2025-09-15,SKU0129,53,84,28.0,32
2025-09-22,SKU0129,50,0,28.0,32
2025-09-29,SKU0129,47,86,28.0,32
2024-01-01,SKU0130,68,38,44.0,18
2024-01-08,SKU0130,55,0,44.0,18
2024-01-15,SKU0130,38,0,44.0,18
2024-01-22,SKU0130,26,85,44.0,18
2024-01-29,SKU0130,22,0,44.0,18
2024-02-05,SKU0130,16,0,44.0,18
2024-02-12,SKU0130,139,58,44.0,18
2024-02-19,SKU0130,127,71,44.0,18
2024-02-26,SKU0130,127,33,44.0,18
2024-03-04,SKU0130,121,0,44.0,18
2024-03-11,SKU0130,98,0,44.0,18
2024-03-18,SKU0130,78,38,44.0,18
2024-03-25,SKU0130,71,0,44.0,18
2024-04-01,SKU0130,63,0,44.0,18
2024-04-08,SKU0130,56,76,44.0,18
2024-04-15,SKU0130,55,118,44.0,18
2024-04-22,SKU0130,52,0,44.0,18
2024-04-29,SKU0130,42,0,44.0,18
2024-05-06,SKU0130,29,14,44.0,18
2024-05-13,SKU0130,18,0,44.0,18
2024-05-20,SKU0130,119,0,44.0,18
2024-05-27,SKU0130,95,38,44.0,18
2024-06-03,SKU0130,83,0,44.0,18
2024-06-10,SKU0130,60,73,44.0,18
2024-06-17,SKU0130,57,0,44.0,18
2024-06-24,SKU0130,55,0,44.0,18
2024-07-01,SKU0130,42,0,44.0,18
2024-07-08,SKU0130,42,59,44.0,18
2024-07-15,SKU0130,31,0,44.0,18
2024-07-22,SKU0130,146,53,44.0,18
2024-07-29,SKU0130,128,14,44.0,18
2024-08-05,SKU0130,104,0,44.0,18
2024-08-12,SKU0130,85,0,44.0,18
2024-08-19,SKU0130,74,11,44.0,18
2024-08-26,SKU0130,52,104,44.0,18
2024-09-02,SKU0130,31,0,44.0,18
2024-09-09,SKU0130,24,0,44.0,18
2024-09-16,SKU0130,5,0,44.0,18
2024-09-23,SKU0130,156,0,44.0,18
2024-09-30,SKU0130,137,0,44.0,18
2024-10-07,SKU0130,129,0,44.0,18
2024-10-14,SKU0130,118,0,44.0,18
2024-10-21,SKU0130,105,0,44.0,18
2024-10-28,SKU0130,100,62,44.0,18
2024-11-04,SKU0130,82,29,44.0,18
2024-11-11,SKU0130,62,75,44.0,18
2024-11-18,SKU0130,55,0,44.0,18
2024-11-25,SKU0130,36,0,44.0,18
2024-12-02,SKU0130,29,0,44.0,18
2024-12-09,SKU0130,19,0,44.0,18
2024-12-16,SKU0130,18,2,44.0,18
2024-12-23,SKU0130,169,60,44.0,18
2024-12-30,SKU0130,159,0,44.0,18
2025-01-06,SKU0130,156,0,44.0,18
2025-01-13,SKU0130,147,0,44.0,18
2025-01-20,SKU0130,145,0,44.0,18
2025-01-27,SKU0130,131,63,44.0,18
2025-02-03,SKU0130,122,0,44.0,18
2025-02-10,SKU0130,103,72,44.0,18
2025-02-17,SKU0130,101,0,44.0,18
2025-02-24,SKU0130,81,17,44.0,18
2025-03-03,SKU0130,81,0,44.0,18
2025-03-10,SKU0130,77,0,44.0,18
2025-03-17,SKU0130,64,42,44.0,18
2025-03-24,SKU0130,46,0,44.0,18
2025-03-31,SKU0130,26,0,44.0,18
2025-04-07,SKU0130,181,2,44.0,18
2025-04-14,SKU0130,159,0,44.0,18
2025-04-21,SKU0130,138,0,44.0,18
2025-04-28,SKU0130,118,0,44.0,18
2025-05-05,SKU0130,112,0,44.0,18
2025-05-12,SKU0130,101,19,44.0,18
2025-05-19,SKU0130,82,0,44.0,18
2025-05-26,SKU0130,59,0,44.0,18
2025-06-02,SKU0130,43,0,44.0,18
2025-06-09,SKU0130,35,0,44.0,18
2025-06-16,SKU0130,17,0,44.0,18
2025-06-23,SKU0130,0,0,44.0,18
2025-06-30,SKU0130,0,32,44.0,18
2025-07-07,SKU0130,128,44,44.0,18
2025-07-14,SKU0130,119,0,44.0,18
2025-07-21,SKU0130,104,0,44.0,18
2025-07-28,SKU0130,103,31,44.0,18
2025-08-04,SKU0130,90,0,44.0,18
2025-08-11,SKU0130,74,0,44.0,18
2025-08-18,SKU0130,54,0,44.0,18
2025-08-25,SKU0130,44,0,44.0,18
2025-09-01,SKU0130,44,37,44.0,18
2025-09-08,SKU0130,25,0,44.0,18
2025-09-15,SKU0130,25,12,44.0,18
2025-09-22,SKU0130,195,84,44.0,18
2025-09-29,SKU0130,194,0,44.0,18
2024-01-01,SKU0131,273,0,11.0,52
2024-01-08,SKU0131,261,0,11.0,52
2024-01-15,SKU0131,242,0,11.0,52
2024-01-22,SKU0131,241,0,11.0,52
2024-01-29,SKU0131,219,0,11.0,52
2024-02-05,SKU0131,205,0,11.0,52
2024-02-12,SKU0131,186,0,11.0,52
2024-02-19,SKU0131,170,7,11.0,52
2024-02-26,SKU0131,151,0,11.0,52
2024-03-04,SKU0131,144,0,11.0,52
2024-03-11,SKU0131,121,0,11.0,52
2024-03-18,SKU0131,100,0,11.0,52
2024-03-25,SKU0131,96,0,11.0,52
2024-04-01,SKU0131,93,0,11.0,52
2024-04-08,SKU0131,91,0,11.0,52
2024-04-15,SKU0131,86,0,11.0,52
2024-04-22,SKU0131,82,0,11.0,52
2024-04-29,SKU0131,75,17,11.0,52
2024-05-06,SKU0131,54,15,11.0,52
2024-05-13,SKU0131,54,29,11.0,52
2024-05-20,SKU0131,31,77,11.0,52
2024-05-27,SKU0131,146,0,11.0,52
2024-06-03,SKU0131,123,0,11.0,52
2024-06-10,SKU0131,113,70,11.0,52
2024-06-17,SKU0131,111,0,11.0,52
2024-06-24,SKU0131,107,0,11.0,52
2024-07-01,SKU0131,91,115,11.0,52
2024-07-08,SKU0131,83,0,11.0,52
2024-07-15,SKU0131,60,0,11.0,52
2024-07-22,SKU0131,54,19,11.0,52
2024-07-29,SKU0131,219,101,11.0,52
2024-08-05,SKU0131,215,118,11.0,52
2024-08-12,SKU0131,194,0,11.0,52
2024-08-19,SKU0131,187,0,11.0,52
2024-08-26,SKU0131,185,0,11.0,52
2024-09-02,SKU0131,167,0,11.0,52
2024-09-09,SKU0131,157,27,11.0,52
2024-09-16,SKU0131,138,0,11.0,52
2024-09-23,SKU0131,114,0,11.0,52
2024-09-30,SKU0131,111,0,11.0,52
2024-10-07,SKU0131,91,0,11.0,52
2024-10-14,SKU0131,79,0,11.0,52
2024-10-21,SKU0131,76,50,11.0,52
2024-10-28,SKU0131,52,0,11.0,52
2024-11-04,SKU0131,177,103,11.0,52
2024-11-11,SKU0131,160,111,11.0,52
2024-11-18,SKU0131,152,0,11.0,52
2024-11-25,SKU0131,146,0,11.0,52
2024-12-02,SKU0131,133,0,11.0,52
2024-12-09,SKU0131,113,43,11.0,52
2024-12-16,SKU0131,106,12,11.0,52
2024-12-23,SKU0131,86,0,11.0,52
2024-12-30,SKU0131,73,0,11.0,52
2025-01-06,SKU0131,52,0,11.0,52
2025-01-13,SKU0131,143,72,11.0,52
2025-01-20,SKU0131,128,30,11.0,52
2025-01-27,SKU0131,111,0,11.0,52
2025-02-03,SKU0131,90,27,11.0,52
2025-02-10,SKU0131,68,0,11.0,52
2025-02-17,SKU0131,198,5,11.0,52
2025-02-24,SKU0131,176,0,11.0,52
2025-03-03,SKU0131,171,0,11.0,52
2025-03-10,SKU0131,149,35,11.0,52
2025-03-17,SKU0131,143,0,11.0,52
2025-03-24,SKU0131,125,57,11.0,52
2025-03-31,SKU0131,121,0,11.0,52
2025-04-07,SKU0131,115,46,11.0,52
2025-04-14,SKU0131,91,0,11.0,52
2025-04-21,SKU0131,89,12,11.0,52
2025-04-28,SKU0131,72,112,11.0,52
2025-05-05,SKU0131,63,11,11.0,52
2025-05-12,SKU0131,58,0,11.0,52
2025-05-19,SKU0131,97,0,11.0,52
2025-05-26,SKU0131,75,0,11.0,52
2025-06-02,SKU0131,69,0,11.0,52
2025-06-09,SKU0131,49,0,11.0,52
2025-06-16,SKU0131,212,15,11.0,52
2025-06-23,SKU0131,194,13,11.0,52
2025-06-30,SKU0131,183,0,11.0,52
2025-07-07,SKU0131,179,0,11.0,52
2025-07-14,SKU0131,179,0,11.0,52
2025-07-21,SKU0131,163,0,11.0,52
2025-07-28,SKU0131,156,0,11.0,52
2025-08-04,SKU0131,132,0,11.0,52
2025-08-11,SKU0131,124,0,11.0,52
2025-08-18,SKU0131,117,0,11.0,52
2025-08-25,SKU0131,93,0,11.0,52
2025-09-01,SKU0131,81,0,11.0,52
2025-09-08,SKU0131,57,36,11.0,52
2025-09-15,SKU0131,125,0,11.0,52
2025-09-22,SKU0131,104,67,11.0,52
2025-09-29,SKU0131,83,0,11.0,52
2024-01-01,SKU0132,61,15,27.0,45
2024-01-08,SKU0132,61,0,27.0,45
2024-01-15,SKU0132,39,0,27.0,45
2024-01-22,SKU0132,215,36,27.0,45
2024-01-29,SKU0132,210,0,27.0,45
2024-02-05,SKU0132,200,0,27.0,45
2024-02-12,SKU0132,188,0,27.0,45
2024-02-19,SKU0132,172,0,27.0,45
2024-02-26,SKU0132,166,70,27.0,45
2024-03-04,SKU0132,165,0,27.0,45
2024-03-11,SKU0132,150,0,27.0,45
2024-03-18,SKU0132,146,79,27.0,45
2024-03-25,SKU0132,128,0,27.0,45
2024-04-01,SKU0132,113,0,27.0,45
2024-04-08,SKU0132,97,72,27.0,45
2024-04-15,SKU0132,81,0,27.0,45
2024-04-22,SKU0132,65,73,27.0,45
2024-04-29,SKU0132,46,0,27.0,45
2024-05-06,SKU0132,33,0,27.0,45
2024-05-13,SKU0132,188,0,27.0,45
2024-05-20,SKU0132,172,0,27.0,45
2024-05-27,SKU0132,165,0,27.0,45
2024-06-03,SKU0132,160,0,27.0,45
2024-06-10,SKU0132,139,0,27.0,45
2024-06-17,SKU0132,136,0,27.0,45
2024-06-24,SKU0132,132,0,27.0,45
2024-07-01,SKU0132,132,0,27.0,45
2024-07-08,SKU0132,130,0,27.0,45
2024-07-15,SKU0132,127,0,27.0,45
2024-07-22,SKU0132,122,0,27.0,45
2024-07-29,SKU0132,111,0,27.0,45
2024-08-05,SKU0132,93,0,27.0,45
2024-08-12,SKU0132,87,0,27.0,45
2024-08-19,SKU0132,83,0,27.0,45
2024-08-26,SKU0132,79,0,27.0,45
2024-09-02,SKU0132,59,0,27.0,45
2024-09-09,SKU0132,50,0,27.0,45
2024-09-16,SKU0132,35,35,27.0,45
2024-09-23,SKU0132,24,0,27.0,45
2024-09-30,SKU0132,219,0,27.0,45
2024-10-07,SKU0132,202,33,27.0,45
2024-10-14,SKU0132,191,0,27.0,45
2024-10-21,SKU0132,187,0,27.0,45
2024-10-28,SKU0132,180,0,27.0,45
2024-11-04,SKU0132,165,0,27.0,45
2024-11-11,SKU0132,160,102,27.0,45
2024-11-18,SKU0132,157,0,27.0,45
2024-11-25,SKU0132,153,0,27.0,45
2024-12-02,SKU0132,146,0,27.0,45
2024-12-09,SKU0132,144,0,27.0,45
2024-12-16,SKU0132,124,40,27.0,45
2024-12-23,SKU0132,114,0,27.0,45
2024-12-30,SKU0132,99,0,27.0,45
2025-01-06,SKU0132,78,0,27.0,45
2025-01-13,SKU0132,56,0,27.0,45
2025-01-20,SKU0132,53,0,27.0,45
2025-01-27,SKU0132,109,0,27.0,45
2025-02-03,SKU0132,98,0,27.0,45
2025-02-10,SKU0132,92,0,27.0,45
2025-02-17,SKU0132,86,81,27.0,45
2025-02-24,SKU0132,63,0,27.0,45
2025-03-03,SKU0132,47,106,27.0,45
2025-03-10,SKU0132,31,0,27.0,45
2025-03-17,SKU0132,162,0,27.0,45
2025-03-24,SKU0132,138,0,27.0,45
2025-03-31,SKU0132,128,0,27.0,45
2025-04-07,SKU0132,122,11,27.0,45
2025-04-14,SKU0132,116,0,27.0,45
2025-04-21,SKU0132,102,33,27.0,45
2025-04-28,SKU0132,90,0,27.0,45
2025-05-05,SKU0132,74,89,27.0,45
2025-05-12,SKU0132,52,0,27.0,45
2025-05-19,SKU0132,51,0,27.0,45
2025-05-26,SKU0132,50,104,27.0,45
2025-06-02,SKU0132,50,0,27.0,45
2025-06-09,SKU0132,136,0,27.0,45
2025-06-16,SKU0132,129,0,27.0,45
2025-06-23,SKU0132,108,0,27.0,45
2025-06-30,SKU0132,88,0,27.0,45
2025-07-07,SKU0132,67,0,27.0,45
2025-07-14,SKU0132,53,0,27.0,45
2025-07-21,SKU0132,38,0,27.0,45
2025-07-28,SKU0132,27,46,27.0,45
2025-08-04,SKU0132,12,0,27.0,45
2025-08-11,SKU0132,172,0,27.0,45
2025-08-18,SKU0132,151,0,27.0,45
2025-08-25,SKU0132,141,0,27.0,45
2025-09-01,SKU0132,122,0,27.0,45
2025-09-08,SKU0132,108,0,27.0,45
2025-09-15,SKU0132,95,0,27.0,45
2025-09-22,SKU0132,87,0,27.0,45
2025-09-29,SKU0132,66,35,27.0,45
2024-01-01,SKU0133,60,114,13.0,21
2024-01-08,SKU0133,36,0,13.0,21
2024-01-15,SKU0133,35,0,13.0,21
2024-01-22,SKU0133,184,0,13.0,21
2024-01-29,SKU0133,177,28,13.0,21
2024-02-05,SKU0133,155,0,13.0,21
2024-02-12,SKU0133,153,101,13.0,21
2024-02-19,SKU0133,133,0,13.0,21
2024-02-26,SKU0133,115,0,13.0,21
2024-03-04,SKU0133,105,0,13.0,21
2024-03-11,SKU0133,90,0,13.0,21
2024-03-18,SKU0133,87,0,13.0,21
2024-03-25,SKU0133,69,109,13.0,21
2024-04-01,SKU0133,58,0,13.0,21
2024-04-08,SKU0133,53,0,13.0,21
2024-04-15,SKU0133,41,0,13.0,21
2024-04-22,SKU0133,19,74,13.0,21
2024-04-29,SKU0133,15,83,13.0,21
2024-05-06,SKU0133,0,0,13.0,21
2024-05-13,SKU0133,164,0,13.0,21
2024-05-20,SKU0133,149,0,13.0,21
2024-05-27,SKU0133,132,0,13.0,21
2024-06-03,SKU0133,116,0,13.0,21
2024-06-10,SKU0133,100,10,13.0,21
2024-06-17,SKU0133,79,0,13.0,21
2024-06-24,SKU0133,55,79,13.0,21
2024-07-01,SKU0133,40,70,13.0,21
2024-07-08,SKU0133,24,0,13.0,21
2024-07-15,SKU0133,20,0,13.0,21
2024-07-22,SKU0133,96,107,13.0,21
2024-07-29,SKU0133,91,0,13.0,21
2024-08-05,SKU0133,86,38,13.0,21
2024-08-12,SKU0133,70,0,13.0,21
2024-08-19,SKU0133,62,0,13.0,21
2024-08-26,SKU0133,45,0,13.0,21
2024-09-02,SKU0133,37,0,13.0,21
2024-09-09,SKU0133,33,0,13.0,21
2024-09-16,SKU0133,10,0,13.0,21
2024-09-23,SKU0133,10,0,13.0,21
2024-09-30,SKU0133,99,0,13.0,21
2024-10-07,SKU0133,93,55,13.0,21
2024-10-14,SKU0133,85,0,13.0,21
2024-10-21,SKU0133,72,4,13.0,21
2024-10-28,SKU0133,52,0,13.0,21
2024-11-04,SKU0133,41,0,13.0,21
2024-11-11,SKU0133,33,44,13.0,21
2024-11-18,SKU0133,21,97,13.0,21
2024-11-25,SKU0133,2,72,13.0,21
2024-12-02,SKU0133,131,7,13.0,21
2024-12-09,SKU0133,118,27,13.0,21
2024-12-16,SKU0133,109,0,13.0,21
2024-12-23,SKU0133,100,0,13.0,21
2024-12-30,SKU0133,91,65,13.0,21
2025-01-06,SKU0133,78,0,13.0,21
2025-01-13,SKU0133,66,0,13.0,21
2025-01-20,SKU0133,56,0,13.0,21
2025-01-27,SKU0133,45,0,13.0,21
2025-02-03,SKU0133,32,0,13.0,21
2025-02-10,SKU0133,126,4,13.0,21
2025-02-17,SKU0133,108,0,13.0,21
2025-02-24,SKU0133,91,0,13.0,21
2025-03-03,SKU0133,89,117,13.0,21
2025-03-10,SKU0133,76,0,13.0,21
2025-03-17,SKU0133,54,6,13.0,21
2025-03-24,SKU0133,35,0,13.0,21
2025-03-31,SKU0133,34,0,13.0,21
2025-04-07,SKU0133,21,0,13.0,21
2025-04-14,SKU0133,126,0,13.0,21
2025-04-21,SKU0133,119,0,13.0,21
2025-04-28,SKU0133,99,0,13.0,21
2025-05-05,SKU0133,94,103,13.0,21
2025-05-12,SKU0133,70,0,13.0,21
2025-05-19,SKU0133,50,0,13.0,21
2025-05-26,SKU0133,27,0,13.0,21
2025-06-02,SKU0133,3,51,13.0,21
2025-06-09,SKU0133,0,0,13.0,21
2025-06-16,SKU0133,142,0,13.0,21
2025-06-23,SKU0133,126,1,13.0,21
2025-06-30,SKU0133,118,21,13.0,21
2025-07-07,SKU0133,116,0,13.0,21
2025-07-14,SKU0133,109,73,13.0,21
2025-07-21,SKU0133,88,0,13.0,21
2025-07-28,SKU0133,64,33,13.0,21
2025-08-04,SKU0133,63,0,13.0,21
2025-08-11,SKU0133,57,0,13.0,21
2025-08-18,SKU0133,57,0,13.0,21
2025-08-25,SKU0133,51,0,13.0,21
2025-09-01,SKU0133,41,0,13.0,21
2025-09-08,SKU0133,28,0,13.0,21
2025-09-15,SKU0133,19,0,13.0,21
2025-09-22,SKU0133,19,52,13.0,21
2025-09-29,SKU0133,0,0,13.0,21
2024-01-01,SKU0134,129,0,11.0,34
2024-01-08,SKU0134,121,83,11.0,34
2024-01-15,SKU0134,117,0,11.0,34
2024-01-22,SKU0134,117,0,11.0,34
2024-01-29,SKU0134,97,35,11.0,34
2024-02-05,SKU0134,95,45,11.0,34
2024-02-12,SKU0134,84,0,11.0,34
2024-02-19,SKU0134,62,0,11.0,34
2024-02-26,SKU0134,43,0,11.0,34
2024-03-04,SKU0134,36,0,11.0,34
2024-03-11,SKU0134,87,114,11.0,34
2024-03-18,SKU0134,81,0,11.0,34
2024-03-25,SKU0134,70,0,11.0,34
2024-04-01,SKU0134,46,0,11.0,34
2024-04-08,SKU0134,24,0,11.0,34
2024-04-15,SKU0134,15,60,11.0,34
2024-04-22,SKU0134,80,0,11.0,34
2024-04-29,SKU0134,74,81,11.0,34
2024-05-06,SKU0134,73,0,11.0,34
2024-05-13,SKU0134,67,0,11.0,34
2024-05-20,SKU0134,62,31,11.0,34
2024-05-27,SKU0134,39,0,11.0,34
2024-06-03,SKU0134,195,0,11.0,34
2024-06-10,SKU0134,178,60,11.0,34
2024-06-17,SKU0134,157,0,11.0,34
2024-06-24,SKU0134,134,0,11.0,34
2024-07-01,SKU0134,124,0,11.0,34
2024-07-08,SKU0134,114,101,11.0,34
2024-07-15,SKU0134,111,0,11.0,34
2024-07-22,SKU0134,95,2,11.0,34
2024-07-29,SKU0134,78,0,11.0,34
2024-08-05,SKU0134,59,0,11.0,34
2024-08-12,SKU0134,55,83,11.0,34
2024-08-19,SKU0134,38,0,11.0,34
2024-08-26,SKU0134,128,0,11.0,34
2024-09-02,SKU0134,128,0,11.0,34
2024-09-09,SKU0134,108,0,11.0,34
2024-09-16,SKU0134,96,46,11.0,34
2024-09-23,SKU0134,77,75,11.0,34
2024-09-30,SKU0134,60,27,11.0,34
2024-10-07,SKU0134,48,0,11.0,34
2024-10-14,SKU0134,26,0,11.0,34
2024-10-21,SKU0134,97,0,11.0,34
2024-10-28,SKU0134,80,14,11.0,34
2024-11-04,SKU0134,78,0,11.0,34
2024-11-11,SKU0134,57,0,11.0,34
2024-11-18,SKU0134,34,79,11.0,34
2024-11-25,SKU0134,227,110,11.0,34
2024-12-02,SKU0134,215,0,11.0,34
2024-12-09,SKU0134,201,0,11.0,34
2024-12-16,SKU0134,196,0,11.0,34
2024-12-23,SKU0134,185,0,11.0,34
2024-12-30,SKU0134,184,101,11.0,34
2025-01-06,SKU0134,174,0,11.0,34
2025-01-13,SKU0134,153,75,11.0,34
2025-01-20,SKU0134,132,82,11.0,34
2025-01-27,SKU0134,124,74,11.0,34
2025-02-03,SKU0134,103,0,11.0,34
2025-02-10,SKU0134,83,0,11.0,34
2025-02-17,SKU0134,77,104,11.0,34
2025-02-24,SKU0134,58,113,11.0,34
2025-03-03,SKU0134,44,0,11.0,34
2025-03-10,SKU0134,26,0,11.0,34
2025-03-17,SKU0134,90,0,11.0,34
2025-03-24,SKU0134,72,0,11.0,34
2025-03-31,SKU0134,52,19,11.0,34
2025-04-07,SKU0134,45,42,11.0,34
2025-04-14,SKU0134,218,0,11.0,34
2025-04-21,SKU0134,200,0,11.0,34
2025-04-28,SKU0134,192,0,11.0,34
2025-05-05,SKU0134,187,46,11.0,34
2025-05-12,SKU0134,180,0,11.0,34
2025-05-19,SKU0134,173,0,11.0,34
2025-05-26,SKU0134,165,0,11.0,34
2025-06-02,SKU0134,154,0,11.0,34
2025-06-09,SKU0134,147,0,11.0,34
2025-06-16,SKU0134,133,0,11.0,34
2025-06-23,SKU0134,125,46,11.0,34
2025-06-30,SKU0134,111,43,11.0,34
2025-07-07,SKU0134,109,0,11.0,34
2025-07-14,SKU0134,98,0,11.0,34
2025-07-21,SKU0134,82,83,11.0,34
2025-07-28,SKU0134,81,0,11.0,34
2025-08-04,SKU0134,75,15,11.0,34
2025-08-11,SKU0134,51,0,11.0,34
2025-08-18,SKU0134,42,89,11.0,34
2025-08-25,SKU0134,148,0,11.0,34
2025-09-01,SKU0134,132,0,11.0,34
2025-09-08,SKU0134,123,0,11.0,34
2025-09-15,SKU0134,107,32,11.0,34
2025-09-22,SKU0134,87,0,11.0,34
2025-09-29,SKU0134,77,0,11.0,34
2024-01-01,SKU0135,111,0,37.0,46
2024-01-08,SKU0135,100,0,37.0,46
2024-01-15,SKU0135,89,0,37.0,46
2024-01-22,SKU0135,86,0,37.0,46
2024-01-29,SKU0135,82,0,37.0,46
2024-02-05,SKU0135,67,114,37.0,46
2024-02-12,SKU0135,43,0,37.0,46
2024-02-19,SKU0135,32,0,37.0,46
2024-02-26,SKU0135,134,0,37.0,46
2024-03-04,SKU0135,123,33,37.0,46
2024-03-11,SKU0135,101,0,37.0,46
2024-03-18,SKU0135,81,0,37.0,46
2024-03-25,SKU0135,57,49,37.0,46
2024-04-01,SKU0135,205,42,37.0,46
2024-04-08,SKU0135,184,0,37.0,46
2024-04-15,SKU0135,182,0,37.0,46
2024-04-22,SKU0135,160,0,37.0,46
2024-04-29,SKU0135,147,13,37.0,46
2024-05-06,SKU0135,123,76,37.0,46
2024-05-13,SKU0135,103,13,37.0,46
2024-05-20,SKU0135,94,0,37.0,46
2024-05-27,SKU0135,76,0,37.0,46
2024-06-03,SKU0135,75,106,37.0,46
2024-06-10,SKU0135,51,0,37.0,46
2024-06-17,SKU0135,36,0,37.0,46
2024-06-24,SKU0135,32,0,37.0,46
2024-07-01,SKU0135,197,0,37.0,46
2024-07-08,SKU0135,173,0,37.0,46
2024-07-15,SKU0135,155,21,37.0,46
2024-07-22,SKU0135,133,0,37.0,46
2024-07-29,SKU0135,119,49,37.0,46
2024-08-05,SKU0135,117,0,37.0,46
2024-08-12,SKU0135,114,0,37.0,46
2024-08-19,SKU0135,111,0,37.0,46
2024-08-26,SKU0135,102,0,37.0,46
2024-09-02,SKU0135,94,0,37.0,46
2024-09-09,SKU0135,86,51,37.0,46
2024-09-16,SKU0135,68,75,37.0,46
2024-09-23,SKU0135,57,0,37.0,46
2024-09-30,SKU0135,54,85,37.0,46
2024-10-07,SKU0135,32,12,37.0,46
2024-10-14,SKU0135,208,0,37.0,46
2024-10-21,SKU0135,193,0,37.0,46
2024-10-28,SKU0135,190,0,37.0,46
2024-11-04,SKU0135,183,0,37.0,46
2024-11-11,SKU0135,165,9,37.0,46
2024-11-18,SKU0135,163,12,37.0,46
2024-11-25,SKU0135,154,82,37.0,46
2024-12-02,SKU0135,150,0,37.0,46
2024-12-09,SKU0135,145,89,37.0,46
2024-12-16,SKU0135,128,62,37.0,46
2024-12-23,SKU0135,114,0,37.0,46
2024-12-30,SKU0135,107,0,37.0,46
2025-01-06,SKU0135,105,0,37.0,46
2025-01-13,SKU0135,94,27,37.0,46
2025-01-20,SKU0135,81,0,37.0,46
2025-01-27,SKU0135,67,0,37.0,46
2025-02-03,SKU0135,55,0,37.0,46
2025-02-10,SKU0135,43,0,37.0,46
2025-02-17,SKU0135,101,0,37.0,46
2025-02-24,SKU0135,91,0,37.0,46
2025-03-03,SKU0135,75,0,37.0,46
2025-03-10,SKU0135,53,0,37.0,46
2025-03-17,SKU0135,133,0,37.0,46
2025-03-24,SKU0135,126,0,37.0,46
2025-03-31,SKU0135,108,4,37.0,46
2025-04-07,SKU0135,97,0,37.0,46
2025-04-14,SKU0135,84,0,37.0,46
2025-04-21,SKU0135,76,0,37.0,46
2025-04-28,SKU0135,64,19,37.0,46
2025-05-05,SKU0135,49,0,37.0,46
2025-05-12,SKU0135,137,0,37.0,46
2025-05-19,SKU0135,136,0,37.0,46
2025-05-26,SKU0135,135,0,37.0,46
2025-06-02,SKU0135,112,0,37.0,46
2025-06-09,SKU0135,109,0,37.0,46
2025-06-16,SKU0135,96,0,37.0,46
2025-06-23,SKU0135,77,0,37.0,46
2025-06-30,SKU0135,58,100,37.0,46
2025-07-07,SKU0135,153,0,37.0,46
2025-07-14,SKU0135,142,0,37.0,46
2025-07-21,SKU0135,141,46,37.0,46
2025-07-28,SKU0135,119,0,37.0,46
2025-08-04,SKU0135,115,0,37.0,46
2025-08-11,SKU0135,93,0,37.0,46
2025-08-18,SKU0135,92,0,37.0,46
2025-08-25,SKU0135,85,105,37.0,46
2025-09-01,SKU0135,62,0,37.0,46
2025-09-08,SKU0135,52,0,37.0,46
2025-09-15,SKU0135,43,116,37.0,46
2025-09-22,SKU0135,29,0,37.0,46
2025-09-29,SKU0135,95,0,37.0,46
2024-01-01,SKU0136,145,2,25.0,74
2024-01-08,SKU0136,139,0,25.0,74
2024-01-15,SKU0136,130,60,25.0,74
2024-01-22,SKU0136,130,61,25.0,74
2024-01-29,SKU0136,127,0,25.0,74
2024-02-05,SKU0136,125,0,25.0,74
2024-02-12,SKU0136,120,0,25.0,74
2024-02-19,SKU0136,107,0,25.0,74
2024-02-26,SKU0136,87,0,25.0,74
2024-03-04,SKU0136,69,0,25.0,74
2024-03-11,SKU0136,61,0,25.0,74
2024-03-18,SKU0136,110,0,25.0,74
2024-03-25,SKU0136,108,0,25.0,74
2024-04-01,SKU0136,101,0,25.0,74
2024-04-08,SKU0136,95,0,25.0,74
2024-04-15,SKU0136,91,10,25.0,74
2024-04-22,SKU0136,76,0,25.0,74
2024-04-29,SKU0136,63,0,25.0,74
2024-05-06,SKU0136,176,0,25.0,74
2024-05-13,SKU0136,155,0,25.0,74
2024-05-20,SKU0136,149,107,25.0,74
2024-05-27,SKU0136,133,0,25.0,74
2024-06-03,SKU0136,113,88,25.0,74
2024-06-10,SKU0136,102,0,25.0,74
2024-06-17,SKU0136,92,0,25.0,74
2024-06-24,SKU0136,75,29,25.0,74
2024-07-01,SKU0136,270,0,25.0,74
2024-07-08,SKU0136,259,0,25.0,74
2024-07-15,SKU0136,248,0,25.0,74
2024-07-22,SKU0136,225,43,25.0,74
2024-07-29,SKU0136,204,0,25.0,74
2024-08-05,SKU0136,190,0,25.0,74
2024-08-12,SKU0136,171,0,25.0,74
2024-08-19,SKU0136,167,0,25.0,74
2024-08-26,SKU0136,144,98,25.0,74
2024-09-02,SKU0136,132,0,25.0,74
2024-09-09,SKU0136,128,92,25.0,74
2024-09-16,SKU0136,106,0,25.0,74
2024-09-23,SKU0136,85,0,25.0,74
2024-09-30,SKU0136,69,0,25.0,74
2024-10-07,SKU0136,250,0,25.0,74
2024-10-14,SKU0136,229,0,25.0,74
2024-10-21,SKU0136,217,0,25.0,74
2024-10-28,SKU0136,194,0,25.0,74
2024-11-04,SKU0136,183,21,25.0,74
2024-11-11,SKU0136,167,0,25.0,74
2024-11-18,SKU0136,147,41,25.0,74
2024-11-25,SKU0136,140,66,25.0,74
2024-12-02,SKU0136,116,0,25.0,74
2024-12-09,SKU0136,110,55,25.0,74
2024-12-16,SKU0136,110,83,25.0,74
2024-12-23,SKU0136,89,111,25.0,74
2024-12-30,SKU0136,82,0,25.0,74
2025-01-06,SKU0136,82,84,25.0,74
2025-01-13,SKU0136,75,0,25.0,74
2025-01-20,SKU0136,54,0,25.0,74
2025-01-27,SKU0136,39,7,25.0,74
2025-02-03,SKU0136,30,0,25.0,74
2025-02-10,SKU0136,89,15,25.0,74
2025-02-17,SKU0136,88,0,25.0,74
2025-02-24,SKU0136,87,56,25.0,74
2025-03-03,SKU0136,248,0,25.0,74
2025-03-10,SKU0136,229,0,25.0,74
2025-03-17,SKU0136,210,0,25.0,74
2025-03-24,SKU0136,208,116,25.0,74
2025-03-31,SKU0136,195,84,25.0,74
2025-04-07,SKU0136,172,0,25.0,74
2025-04-14,SKU0136,164,0,25.0,74
2025-04-21,SKU0136,162,0,25.0,74
2025-04-28,SKU0136,139,0,25.0,74
2025-05-05,SKU0136,117,0,25.0,74
2025-05-12,SKU0136,94,0,25.0,74
2025-05-19,SKU0136,87,0,25.0,74
2025-05-26,SKU0136,178,0,25.0,74
2025-06-02,SKU0136,173,0,25.0,74
2025-06-09,SKU0136,153,0,25.0,74
2025-06-16,SKU0136,130,0,25.0,74
2025-06-23,SKU0136,128,0,25.0,74
2025-06-30,SKU0136,115,17,25.0,74
2025-07-07,SKU0136,104,0,25.0,74
2025-07-14,SKU0136,90,0,25.0,74
2025-07-21,SKU0136,77,0,25.0,74
2025-07-28,SKU0136,77,107,25.0,74
2025-08-04,SKU0136,77,0,25.0,74
2025-08-11,SKU0136,59,0,25.0,74
2025-08-18,SKU0136,239,62,25.0,74
2025-08-25,SKU0136,223,21,25.0,74
2025-09-01,SKU0136,203,41,25.0,74
2025-09-08,SKU0136,186,0,25.0,74
2025-09-15,SKU0136,175,119,25.0,74
2025-09-22,SKU0136,169,108,25.0,74
2025-09-29,SKU0136,161,105,25.0,74
2024-05-20,SKU0137,175,45,36.0,33
2024-05-27,SKU0137,168,0,36.0,33
2024-06-03,SKU0137,149,56,36.0,33
2024-06-10,SKU0137,134,0,36.0,33
2024-06-17,SKU0137,134,0,36.0,33
2024-06-24,SKU0137,118,42,36.0,33
2024-07-01,SKU0137,105,0,36.0,33
2024-07-08,SKU0137,90,0,36.0,33
2024-07-15,SKU0137,85,0,36.0,33
2024-07-22,SKU0137,64,21,36.0,33
2024-07-29,SKU0137,56,0,36.0,33
2024-08-05,SKU0137,32,0,36.0,33
2024-08-12,SKU0137,30,39,36.0,33
2024-08-19,SKU0137,214,67,36.0,33
2024-08-26,SKU0137,190,0,36.0,33
2024-09-02,SKU0137,181,0,36.0,33
2024-09-09,SKU0137,157,0,36.0,33
2024-09-16,SKU0137,147,7,36.0,33
2024-09-23,SKU0137,138,0,36.0,33
2024-09-30,SKU0137,135,9,36.0,33
2024-10-07,SKU0137,118,0,36.0,33
2024-10-14,SKU0137,112,0,36.0,33
2024-10-21,SKU0137,90,0,36.0,33
2024-10-28,SKU0137,85,56,36.0,33
2024-11-04,SKU0137,72,0,36.0,33
2024-11-11,SKU0137,60,0,36.0,33
2024-11-18,SKU0137,59,0,36.0,33
2024-11-25,SKU0137,35,0,36.0,33
2024-12-02,SKU0137,163,0,36.0,33
2024-12-09,SKU0137,162,67,36.0,33
2024-12-16,SKU0137,143,109,36.0,33
2024-12-23,SKU0137,140,0,36.0,33
2024-12-30,SKU0137,123,0,36.0,33
2025-01-06,SKU0137,117,31,36.0,33
2025-01-13,SKU0137,97,0,36.0,33
2025-01-20,SKU0137,85,0,36.0,33
2025-01-27,SKU0137,62,0,36.0,33
2025-02-03,SKU0137,54,53,36.0,33
2025-02-10,SKU0137,35,0,36.0,33
2025-02-17,SKU0137,19,0,36.0,33
2025-02-24,SKU0137,129,0,36.0,33
2025-03-03,SKU0137,116,0,36.0,33
2025-03-10,SKU0137,105,0,36.0,33
2025-03-17,SKU0137,86,0,36.0,33
2025-03-24,SKU0137,76,110,36.0,33
2025-03-31,SKU0137,69,0,36.0,33
2025-04-07,SKU0137,61,115,36.0,33
2025-04-14,SKU0137,49,0,36.0,33
2025-04-21,SKU0137,123,0,36.0,33
2025-04-28,SKU0137,104,110,36.0,33
2025-05-05,SKU0137,95,0,36.0,33
2025-05-12,SKU0137,94,0,36.0,33
2025-05-19,SKU0137,73,0,36.0,33
2025-05-26,SKU0137,62,0,36.0,33
2025-06-02,SKU0137,39,0,36.0,33
2025-06-09,SKU0137,179,0,36.0,33
2025-06-16,SKU0137,173,2,36.0,33
2025-06-23,SKU0137,173,0,36.0,33
2025-06-30,SKU0137,160,0,36.0,33
2025-07-07,SKU0137,153,0,36.0,33
2025-07-14,SKU0137,140,37,36.0,33
2025-07-21,SKU0137,117,0,36.0,33
2025-07-28,SKU0137,115,67,36.0,33
2025-08-04,SKU0137,108,57,36.0,33
2025-08-11,SKU0137,97,0,36.0,33
2025-08-18,SKU0137,88,0,36.0,33
2025-08-25,SKU0137,65,54,36.0,33
2025-09-01,SKU0137,41,0,36.0,33
2025-09-08,SKU0137,41,0,36.0,33
2025-09-15,SKU0137,187,14,36.0,33
2025-09-22,SKU0137,167,0,36.0,33
2025-09-29,SKU0137,158,0,36.0,33
2024-01-01,SKU0138,223,43,36.0,25
2024-01-08,SKU0138,215,0,36.0,25
2024-01-15,SKU0138,202,0,36.0,25
2024-01-22,SKU0138,201,0,36.0,25
2024-01-29,SKU0138,196,0,36.0,25
2024-02-05,SKU0138,175,0,36.0,25
2024-02-12,SKU0138,168,0,36.0,25
2024-02-19,SKU0138,147,0,36.0,25
2024-02-26,SKU0138,131,0,36.0,25
2024-03-04,SKU0138,118,0,36.0,25
2024-03-11,SKU0138,106,0,36.0,25
2024-03-18,SKU0138,99,0,36.0,25
2024-03-25,SKU0138,97,0,36.0,25
2024-04-01,SKU0138,91,0,36.0,25
2024-04-08,SKU0138,72,0,36.0,25
2024-04-15,SKU0138,70,23,36.0,25
2024-04-22,SKU0138,47,0,36.0,25
2024-04-29,SKU0138,27,0,36.0,25
2024-05-06,SKU0138,24,0,36.0,25
2024-05-13,SKU0138,164,42,36.0,25
2024-05-20,SKU0138,162,22,36.0,25
2024-05-27,SKU0138,139,5,36.0,25
2024-06-03,SKU0138,137,0,36.0,25
2024-06-10,SKU0138,124,0,36.0,25
2024-06-17,SKU0138,121,62,36.0,25
2024-06-24,SKU0138,109,0,36.0,25
2024-07-01,SKU0138,87,18,36.0,25
2024-07-08,SKU0138,72,0,36.0,25
2024-07-15,SKU0138,50,0,36.0,25
2024-07-22,SKU0138,50,0,36.0,25
2024-07-29,SKU0138,33,0,36.0,25
2024-08-05,SKU0138,11,0,36.0,25
2024-08-12,SKU0138,4,27,36.0,25
2024-08-19,SKU0138,78,0,36.0,25
2024-08-26,SKU0138,62,108,36.0,25
2024-09-02,SKU0138,62,0,36.0,25
2024-09-09,SKU0138,60,104,36.0,25
2024-09-16,SKU0138,59,0,36.0,25
2024-09-23,SKU0138,56,0,36.0,25
2024-09-30,SKU0138,53,18,36.0,25
2024-10-07,SKU0138,30,0,36.0,25
2024-10-14,SKU0138,28,0,36.0,25
2024-10-21,SKU0138,222,0,36.0,25
2024-10-28,SKU0138,218,0,36.0,25
2024-11-04,SKU0138,200,91,36.0,25
2024-11-11,SKU0138,191,113,36.0,25
2024-11-18,SKU0138,177,0,36.0,25
2024-11-25,SKU0138,175,0,36.0,25
2024-12-02,SKU0138,155,0,36.0,25
2024-12-09,SKU0138,151,20,36.0,25
2024-12-16,SKU0138,132,0,36.0,25
2024-12-23,SKU0138,111,119,36.0,25
2024-12-30,SKU0138,94,68,36.0,25
2025-01-06,SKU0138,91,0,36.0,25
2025-01-13,SKU0138,84,72,36.0,25
2025-01-20,SKU0138,60,0,36.0,25
2025-01-27,SKU0138,44,89,36.0,25
2025-02-03,SKU0138,39,0,36.0,25
2025-02-10,SKU0138,15,24,36.0,25
2025-02-17,SKU0138,165,0,36.0,25
2025-02-24,SKU0138,151,61,36.0,25
2025-03-03,SKU0138,134,106,36.0,25
2025-03-10,SKU0138,125,0,36.0,25
2025-03-17,SKU0138,125,43,36.0,25
2025-03-24,SKU0138,118,0,36.0,25
2025-03-31,SKU0138,111,0,36.0,25
2025-04-07,SKU0138,107,0,36.0,25
2025-04-14,SKU0138,97,85,36.0,25
2025-04-21,SKU0138,81,0,36.0,25
2025-04-28,SKU0138,61,0,36.0,25
2025-05-05,SKU0138,40,0,36.0,25
2025-05-12,SKU0138,24,0,36.0,25
2025-05-19,SKU0138,8,0,36.0,25
2025-05-26,SKU0138,131,0,36.0,25
2025-06-02,SKU0138,111,0,36.0,25
2025-06-09,SKU0138,102,0,36.0,25
2025-06-16,SKU0138,87,105,36.0,25
2025-06-23,SKU0138,84,0,36.0,25
2025-06-30,SKU0138,69,35,36.0,25
2025-07-07,SKU0138,53,0,36.0,25
2025-07-14,SKU0138,53,0,36.0,25
2025-07-21,SKU0138,44,0,36.0,25
2025-07-28,SKU0138,44,0,36.0,25
2025-08-04,SKU0138,23,0,36.0,25
2025-08-11,SKU0138,1,0,36.0,25
2025-08-18,SKU0138,102,0,36.0,25
2025-08-25,SKU0138,83,0,36.0,25
2025-09-01,SKU0138,81,0,36.0,25
2025-09-08,SKU0138,77,102,36.0,25
2025-09-15,SKU0138,75,20,36.0,25
2025-09-22,SKU0138,70,27,36.0,25
2025-09-29,SKU0138,54,0,36.0,25
2024-01-01,SKU0139,73,0,21.0,64
2024-01-08,SKU0139,69,0,21.0,64
2024-01-15,SKU0139,150,0,21.0,64
2024-01-22,SKU0139,129,21,21.0,64
2024-01-29,SKU0139,128,0,21.0,64
2024-02-05,SKU0139,122,90,21.0,64
2024-02-12,SKU0139,118,0,21.0,64
2024-02-19,SKU0139,97,25,21.0,64
2024-02-26,SKU0139,80,0,21.0,64
2024-03-04,SKU0139,58,91,21.0,64
2024-03-11,SKU0139,39,0,21.0,64
2024-03-18,SKU0139,30,0,21.0,64
2024-03-25,SKU0139,8,0,21.0,64
2024-04-01,SKU0139,85,17,21.0,64
2024-04-08,SKU0139,74,0,21.0,64
2024-04-15,SKU0139,67,5,21.0,64
2024-04-22,SKU0139,153,51,21.0,64
2024-04-29,SKU0139,143,102,21.0,64
2024-05-06,SKU0139,138,0,21.0,64
2024-05-13,SKU0139,130,86,21.0,64
2024-05-20,SKU0139,110,22,21.0,64
2024-05-27,SKU0139,107,0,21.0,64
2024-06-03,SKU0139,93,0,21.0,64
2024-06-10,SKU0139,88,0,21.0,64
2024-06-17,SKU0139,83,0,21.0,64
2024-06-24,SKU0139,79,55,21.0,64
2024-07-01,SKU0139,234,0,21.0,64
2024-07-08,SKU0139,222,14,21.0,64
2024-07-15,SKU0139,203,0,21.0,64
2024-07-22,SKU0139,203,0,21.0,64
2024-07-29,SKU0139,183,0,21.0,64
2024-08-05,SKU0139,176,33,21.0,64
2024-08-12,SKU0139,156,73,21.0,64
2024-08-19,SKU0139,135,0,21.0,64
2024-08-26,SKU0139,117,0,21.0,64
2024-09-02,SKU0139,98,0,21.0,64
2024-09-09,SKU0139,83,0,21.0,64
2024-09-16,SKU0139,191,0,21.0,64
2024-09-23,SKU0139,183,0,21.0,64
2024-09-30,SKU0139,174,0,21.0,64
2024-10-07,SKU0139,170,0,21.0,64
2024-10-14,SKU0139,159,0,21.0,64
2024-10-21,SKU0139,136,4,21.0,64
2024-10-28,SKU0139,126,0,21.0,64
2024-11-04,SKU0139,102,40,21.0,64
2024-11-11,SKU0139,99,0,21.0,64
2024-11-18,SKU0139,80,0,21.0,64
2024-11-25,SKU0139,67,0,21.0,64
2024-12-02,SKU0139,58,0,21.0,64
2024-12-09,SKU0139,58,73,21.0,64
2024-12-16,SKU0139,242,4,21.0,64
2024-12-23,SKU0139,228,78,21.0,64
2024-12-30,SKU0139,216,92,21.0,64
2025-01-06,SKU0139,208,0,21.0,64
2025-01-13,SKU0139,185,0,21.0,64
2025-01-20,SKU0139,174,0,21.0,64
2025-01-27,SKU0139,173,112,21.0,64
2025-02-03,SKU0139,163,0,21.0,64
2025-02-10,SKU0139,149,0,21.0,64
2025-02-17,SKU0139,141,0,21.0,64
2025-02-24,SKU0139,124,44,21.0,64
2025-03-03,SKU0139,124,0,21.0,64
2025-03-10,SKU0139,118,0,21.0,64
2025-03-17,SKU0139,107,0,21.0,64
2025-03-24,SKU0139,107,0,21.0,64
2025-03-31,SKU0139,95,115,21.0,64
2025-04-07,SKU0139,83,0,21.0,64
2025-04-14,SKU0139,72,0,21.0,64
2025-04-21,SKU0139,69,0,21.0,64
2025-04-28,SKU0139,59,0,21.0,64
2025-05-05,SKU0139,39,0,21.0,64
2025-05-12,SKU0139,22,0,21.0,64
2025-05-19,SKU0139,139,0,21.0,64
2025-05-26,SKU0139,122,115,21.0,64
2025-06-02,SKU0139,121,0,21.0,64
2025-06-09,SKU0139,106,0,21.0,64
2025-06-16,SKU0139,105,68,21.0,64
2025-06-23,SKU0139,83,52,21.0,64
2025-06-30,SKU0139,63,0,21.0,64
2025-07-07,SKU0139,101,0,21.0,64
2025-07-14,SKU0139,88,0,21.0,64
2025-07-21,SKU0139,72,2,21.0,64
2025-07-28,SKU0139,51,0,21.0,64
2025-08-04,SKU0139,158,36,21.0,64
2025-08-11,SKU0139,143,0,21.0,64
2025-08-18,SKU0139,133,0,21.0,64
2025-08-25,SKU0139,124,35,21.0,64
2025-09-01,SKU0139,117,0,21.0,64
2025-09-08,SKU0139,104,0,21.0,64
2025-09-15,SKU0139,85,0,21.0,64
2025-09-22,SKU0139,77,18,21.0,64
2025-09-29,SKU0139,72,32,21.0,64
2024-01-01,SKU0140,168,91,35.0,34
2024-01-08,SKU0140,152,0,35.0,34
2024-01-15,SKU0140,139,0,35.0,34
2024-01-22,SKU0140,129,0,35.0,34
2024-01-29,SKU0140,128,41,35.0,34
2024-02-05,SKU0140,115,0,35.0,34
2024-02-12,SKU0140,101,0,35.0,34
2024-02-19,SKU0140,93,0,35.0,34
2024-02-26,SKU0140,79,0,35.0,34
2024-03-04,SKU0140,55,27,35.0,34
2024-03-11,SKU0140,46,27,35.0,34
2024-03-18,SKU0140,40,75,35.0,34
2024-03-25,SKU0140,104,86,35.0,34
2024-04-01,SKU0140,81,0,35.0,34
2024-04-08,SKU0140,74,0,35.0,34
2024-04-15,SKU0140,59,88,35.0,34
2024-04-22,SKU0140,39,0,35.0,34
2024-04-29,SKU0140,96,0,35.0,34
2024-05-06,SKU0140,96,0,35.0,34
2024-05-13,SKU0140,84,0,35.0,34
2024-05-20,SKU0140,72,0,35.0,34
2024-05-27,SKU0140,63,112,35.0,34
2024-06-03,SKU0140,47,38,35.0,34
2024-06-10,SKU0140,47,0,35.0,34
2024-06-17,SKU0140,37,0,35.0,34
2024-06-24,SKU0140,13,0,35.0,34
2024-07-01,SKU0140,0,5,35.0,34
2024-07-08,SKU0140,153,0,35.0,34
2024-07-15,SKU0140,134,73,35.0,34
2024-07-22,SKU0140,111,59,35.0,34
2024-07-29,SKU0140,111,0,35.0,34
2024-08-05,SKU0140,109,91,35.0,34
2024-08-12,SKU0140,94,81,35.0,34
2024-08-19,SKU0140,73,0,35.0,34
2024-08-26,SKU0140,49,66,35.0,34
2024-09-02,SKU0140,176,116,35.0,34
2024-09-09,SKU0140,152,0,35.0,34
2024-09-16,SKU0140,132,0,35.0,34
2024-09-23,SKU0140,120,0,35.0,34
2024-09-30,SKU0140,110,0,35.0,34
2024-10-07,SKU0140,108,69,35.0,34
2024-10-14,SKU0140,95,0,35.0,34
2024-10-21,SKU0140,84,31,35.0,34
2024-10-28,SKU0140,84,0,35.0,34
2024-11-04,SKU0140,84,116,35.0,34
2024-11-11,SKU0140,75,0,35.0,34
2024-11-18,SKU0140,69,0,35.0,34
2024-11-25,SKU0140,58,0,35.0,34
2024-12-02,SKU0140,45,0,35.0,34
2024-12-09,SKU0140,36,0,35.0,34
2024-12-16,SKU0140,139,86,35.0,34
2024-12-23,SKU0140,123,0,35.0,34
2024-12-30,SKU0140,121,0,35.0,34
2025-01-06,SKU0140,120,89,35.0,34
2025-01-13,SKU0140,107,0,35.0,34
2025-01-20,SKU0140,91,0,35.0,34
2025-01-27,SKU0140,91,74,35.0,34
2025-02-03,SKU0140,81,82,35.0,34
2025-02-10,SKU0140,75,18,35.0,34
2025-02-17,SKU0140,55,0,35.0,34
2025-02-24,SKU0140,42,63,35.0,34
2025-03-03,SKU0140,94,0,35.0,34
2025-03-10,SKU0140,91,0,35.0,34
2025-03-17,SKU0140,80,107,35.0,34
2025-03-24,SKU0140,70,0,35.0,34
2025-03-31,SKU0140,66,0,35.0,34
2025-04-07,SKU0140,49,0,35.0,34
2025-04-14,SKU0140,27,67,35.0,34
2025-04-21,SKU0140,188,0,35.0,34
2025-04-28,SKU0140,175,0,35.0,34
2025-05-05,SKU0140,172,116,35.0,34
2025-05-12,SKU0140,167,0,35.0,34
2025-05-19,SKU0140,143,0,35.0,34
2025-05-26,SKU0140,122,0,35.0,34
2025-06-02,SKU0140,115,19,35.0,34
2025-06-09,SKU0140,110,0,35.0,34
2025-06-16,SKU0140,104,103,35.0,34
2025-06-23,SKU0140,85,94,35.0,34
2025-06-30,SKU0140,78,0,35.0,34
2025-07-07,SKU0140,57,0,35.0,34
2025-07-14,SKU0140,118,0,35.0,34
2025-07-21,SKU0140,111,0,35.0,34
2025-07-28,SKU0140,93,0,35.0,34
2025-08-04,SKU0140,71,0,35.0,34
2025-08-11,SKU0140,65,0,35.0,34
2025-08-18,SKU0140,47,0,35.0,34
2025-08-25,SKU0140,35,0,35.0,34
2025-09-01,SKU0140,206,0,35.0,34
2025-09-08,SKU0140,206,101,35.0,34
2025-09-15,SKU0140,205,0,35.0,34
2025-09-22,SKU0140,195,0,35.0,34
2025-09-29,SKU0140,193,48,35.0,34
2024-01-01,SKU0141,78,97,16.0,73
2024-01-08,SKU0141,65,0,16.0,73
2024-01-15,SKU0141,63,0,16.0,73
2024-01-22,SKU0141,181,40,16.0,73
2024-01-29,SKU0141,160,0,16.0,73
2024-02-05,SKU0141,147,0,16.0,73
2024-02-12,SKU0141,129,101,16.0,73
2024-02-19,SKU0141,114,0,16.0,73
2024-02-26,SKU0141,102,0,16.0,73
2024-03-04,SKU0141,101,0,16.0,73
2024-03-11,SKU0141,86,0,16.0,73
2024-03-18,SKU0141,73,0,16.0,73
2024-03-25,SKU0141,58,0,16.0,73
2024-04-01,SKU0141,161,0,16.0,73
2024-04-08,SKU0141,140,59,16.0,73
2024-04-15,SKU0141,125,0,16.0,73
2024-04-22,SKU0141,121,0,16.0,73
2024-04-29,SKU0141,119,0,16.0,73
2024-05-06,SKU0141,110,64,16.0,73
2024-05-13,SKU0141,99,37,16.0,73
2024-05-20,SKU0141,85,0,16.0,73
2024-05-27,SKU0141,146,94,16.0,73
2024-06-03,SKU0141,138,87,16.0,73
2024-06-10,SKU0141,115,0,16.0,73
2024-06-17,SKU0141,112,97,16.0,73
2024-06-24,SKU0141,102,0,16.0,73
2024-07-01,SKU0141,100,0,16.0,73
2024-07-08,SKU0141,85,0,16.0,73
2024-07-15,SKU0141,83,0,16.0,73
2024-07-22,SKU0141,83,0,16.0,73
2024-07-29,SKU0141,137,0,16.0,73
2024-08-05,SKU0141,123,0,16.0,73
2024-08-12,SKU0141,114,0,16.0,73
2024-08-19,SKU0141,107,67,16.0,73
2024-08-26,SKU0141,105,0,16.0,73
2024-09-02,SKU0141,89,75,16.0,73
2024-09-09,SKU0141,163,0,16.0,73
2024-09-16,SKU0141,139,0,16.0,73
2024-09-23,SKU0141,131,76,16.0,73
2024-09-30,SKU0141,107,47,16.0,73
2024-10-07,SKU0141,85,0,16.0,73
2024-10-14,SKU0141,81,0,16.0,73
2024-10-21,SKU0141,154,0,16.0,73
2024-10-28,SKU0141,148,108,16.0,73
2024-11-04,SKU0141,128,0,16.0,73
2024-11-11,SKU0141,121,0,16.0,73
2024-11-18,SKU0141,109,0,16.0,73
2024-11-25,SKU0141,91,0,16.0,73
2024-12-02,SKU0141,88,0,16.0,73
2024-12-09,SKU0141,86,0,16.0,73
2024-12-16,SKU0141,72,0,16.0,73
2024-12-23,SKU0141,58,0,16.0,73
2024-12-30,SKU0141,42,59,16.0,73
2025-01-06,SKU0141,38,0,16.0,73
2025-01-13,SKU0141,28,0,16.0,73
2025-01-20,SKU0141,115,0,16.0,73
2025-01-27,SKU0141,114,0,16.0,73
2025-02-03,SKU0141,92,0,16.0,73
2025-02-10,SKU0141,89,86,16.0,73
2025-02-17,SKU0141,79,0,16.0,73
2025-02-24,SKU0141,253,0,16.0,73
2025-03-03,SKU0141,233,0,16.0,73
2025-03-10,SKU0141,211,0,16.0,73
2025-03-17,SKU0141,203,0,16.0,73
2025-03-24,SKU0141,189,0,16.0,73
2025-03-31,SKU0141,165,101,16.0,73
2025-04-07,SKU0141,141,0,16.0,73
2025-04-14,SKU0141,140,0,16.0,73
2025-04-21,SKU0141,130,44,16.0,73
2025-04-28,SKU0141,128,106,16.0,73
2025-05-05,SKU0141,109,0,16.0,73
2025-05-12,SKU0141,107,0,16.0,73
2025-05-19,SKU0141,96,9,16.0,73
2025-05-26,SKU0141,78,0,16.0,73
2025-06-02,SKU0141,142,0,16.0,73
2025-06-09,SKU0141,128,35,16.0,73
2025-06-16,SKU0141,121,0,16.0,73
2025-06-23,SKU0141,98,106,16.0,73
2025-06-30,SKU0141,74,0,16.0,73
2025-07-07,SKU0141,57,49,16.0,73
2025-07-14,SKU0141,46,101,16.0,73
2025-07-21,SKU0141,100,0,16.0,73
2025-07-28,SKU0141,85,0,16.0,73
2025-08-04,SKU0141,74,0,16.0,73
2025-08-11,SKU0141,72,0,16.0,73
2025-08-18,SKU0141,59,0,16.0,73
2025-08-25,SKU0141,183,0,16.0,73
2025-09-01,SKU0141,182,60,16.0,73
2025-09-08,SKU0141,178,0,16.0,73
2025-09-15,SKU0141,172,90,16.0,73
2025-09-22,SKU0141,149,0,16.0,73
2025-09-29,SKU0141,145,14,16.0,73
2024-01-01,SKU0142,163,0,26.0,22
2024-01-08,SKU0142,144,21,26.0,22
2024-01-15,SKU0142,130,117,26.0,22
2024-01-22,SKU0142,112,0,26.0,22
2024-01-29,SKU0142,101,0,26.0,22
2024-02-05,SKU0142,87,0,26.0,22
2024-02-12,SKU0142,75,115,26.0,22
2024-02-19,SKU0142,61,0,26.0,22
2024-02-26,SKU0142,54,34,26.0,22
2024-03-04,SKU0142,37,0,26.0,22
2024-03-11,SKU0142,27,0,26.0,22
2024-03-18,SKU0142,149,119,26.0,22
2024-03-25,SKU0142,144,68,26.0,22
2024-04-01,SKU0142,131,0,26.0,22
2024-04-08,SKU0142,124,0,26.0,22
2024-04-15,SKU0142,111,42,26.0,22
2024-04-22,SKU0142,102,0,26.0,22
2024-04-29,SKU0142,89,0,26.0,22
2024-05-06,SKU0142,66,85,26.0,22
2024-05-13,SKU0142,66,0,26.0,22
2024-05-20,SKU0142,51,0,26.0,22
2024-05-27,SKU0142,43,0,26.0,22
2024-06-03,SKU0142,113,0,26.0,22
2024-06-10,SKU0142,110,62,26.0,22
2024-06-17,SKU0142,100,0,26.0,22
2024-06-24,SKU0142,76,0,26.0,22
2024-07-01,SKU0142,76,0,26.0,22
2024-07-08,SKU0142,63,0,26.0,22
2024-07-15,SKU0142,60,0,26.0,22
2024-07-22,SKU0142,53,0,26.0,22
2024-07-29,SKU0142,31,0,26.0,22
2024-08-05,SKU0142,202,0,26.0,22
2024-08-12,SKU0142,190,0,26.0,22
2024-08-19,SKU0142,187,0,26.0,22
2024-08-26,SKU0142,181,0,26.0,22
2024-09-02,SKU0142,172,0,26.0,22
2024-09-09,SKU0142,148,66,26.0,22
2024-09-16,SKU0142,126,34,26.0,22
2024-09-23,SKU0142,123,0,26.0,22
2024-09-30,SKU0142,121,0,26.0,22
2024-10-07,SKU0142,106,0,26.0,22
2024-10-14,SKU0142,83,0,26.0,22
2024-10-21,SKU0142,79,0,26.0,22
2024-10-28,SKU0142,55,0,26.0,22
2024-11-04,SKU0142,31,9,26.0,22
2024-11-11,SKU0142,210,0,26.0,22
2024-11-18,SKU0142,194,0,26.0,22
2024-11-25,SKU0142,192,0,26.0,22
2024-12-02,SKU0142,179,0,26.0,22
2024-12-09,SKU0142,177,73,26.0,22
2024-12-16,SKU0142,169,106,26.0,22
2024-12-23,SKU0142,168,0,26.0,22
2024-12-30,SKU0142,146,0,26.0,22
2025-01-06,SKU0142,143,87,26.0,22
2025-01-13,SKU0142,128,0,26.0,22
2025-01-20,SKU0142,126,106,26.0,22
2025-01-27,SKU0142,106,0,26.0,22
2025-02-03,SKU0142,105,0,26.0,22
2025-02-10,SKU0142,86,0,26.0,22
2025-02-17,SKU0142,70,0,26.0,22
2025-02-24,SKU0142,51,0,26.0,22
2025-03-03,SKU0142,33,0,26.0,22
2025-03-10,SKU0142,29,84,26.0,22
2025-03-17,SKU0142,139,0,26.0,22
2025-03-24,SKU0142,120,68,26.0,22
2025-03-31,SKU0142,102,0,26.0,22
2025-04-07,SKU0142,97,0,26.0,22
2025-04-14,SKU0142,89,0,26.0,22
2025-04-21,SKU0142,80,0,26.0,22
2025-04-28,SKU0142,58,0,26.0,22
2025-05-05,SKU0142,35,0,26.0,22
2025-05-12,SKU0142,25,0,26.0,22
2025-05-19,SKU0142,25,0,26.0,22
2025-05-26,SKU0142,13,74,26.0,22
2025-06-02,SKU0142,175,4,26.0,22
2025-06-09,SKU0142,167,82,26.0,22
2025-06-16,SKU0142,153,0,26.0,22
2025-06-23,SKU0142,146,0,26.0,22
2025-06-30,SKU0142,124,0,26.0,22
2025-07-07,SKU0142,100,97,26.0,22
2025-07-14,SKU0142,95,0,26.0,22
2025-07-21,SKU0142,77,88,26.0,22
2025-07-28,SKU0142,68,0,26.0,22
2025-08-04,SKU0142,45,0,26.0,22
2025-08-11,SKU0142,24,0,26.0,22
2025-08-18,SKU0142,146,104,26.0,22
2025-08-25,SKU0142,124,0,26.0,22
2025-09-01,SKU0142,124,93,26.0,22
2025-09-08,SKU0142,120,0,26.0,22
2025-09-15,SKU0142,106,0,26.0,22
2025-09-22,SKU0142,88,107,26.0,22
2025-09-29,SKU0142,76,0,26.0,22
2024-01-01,SKU0143,184,0,12.0,77
2024-01-08,SKU0143,175,67,12.0,77
2024-01-15,SKU0143,158,0,12.0,77
2024-01-22,SKU0143,139,0,12.0,77
2024-01-29,SKU0143,138,0,12.0,77
2024-02-05,SKU0143,127,0,12.0,77
2024-02-12,SKU0143,113,0,12.0,77
2024-02-19,SKU0143,99,0,12.0,77
2024-02-26,SKU0143,99,35,12.0,77
2024-03-04,SKU0143,85,0,12.0,77
2024-03-11,SKU0143,78,0,12.0,77
2024-03-18,SKU0143,170,0,12.0,77
2024-03-25,SKU0143,147,0,12.0,77
2024-04-01,SKU0143,132,0,12.0,77
2024-04-08,SKU0143,132,9,12.0,77
2024-04-15,SKU0143,123,0,12.0,77
2024-04-22,SKU0143,123,79,12.0,77
2024-04-29,SKU0143,107,51,12.0,77
2024-05-06,SKU0143,106,0,12.0,77
2024-05-13,SKU0143,94,0,12.0,77
2024-05-20,SKU0143,76,0,12.0,77
2024-05-27,SKU0143,63,0,12.0,77
2024-06-03,SKU0143,241,0,12.0,77
2024-06-10,SKU0143,240,0,12.0,77
2024-06-17,SKU0143,217,0,12.0,77
2024-06-24,SKU0143,215,0,12.0,77
2024-07-01,SKU0143,192,0,12.0,77
2024-07-08,SKU0143,191,0,12.0,77
2024-07-15,SKU0143,175,96,12.0,77
2024-07-22,SKU0143,152,0,12.0,77
2024-07-29,SKU0143,137,0,12.0,77
2024-08-05,SKU0143,129,18,12.0,77
2024-08-12,SKU0143,125,0,12.0,77
2024-08-19,SKU0143,105,0,12.0,77
2024-08-26,SKU0143,81,0,12.0,77
2024-09-02,SKU0143,230,5,12.0,77
2024-09-09,SKU0143,222,0,12.0,77
2024-09-16,SKU0143,207,0,12.0,77
2024-09-23,SKU0143,205,62,12.0,77
2024-09-30,SKU0143,190,0,12.0,77
2024-10-07,SKU0143,178,60,12.0,77
2024-10-14,SKU0143,166,0,12.0,77
2024-10-21,SKU0143,166,54,12.0,77
2024-10-28,SKU0143,155,51,12.0,77
2024-11-04,SKU0143,145,0,12.0,77
2024-11-11,SKU0143,137,0,12.0,77
2024-11-18,SKU0143,121,0,12.0,77
2024-11-25,SKU0143,111,0,12.0,77
2024-12-02,SKU0143,91,0,12.0,77
2024-12-09,SKU0143,83,0,12.0,77
2024-12-16,SKU0143,213,0,12.0,77
2024-12-23,SKU0143,213,0,12.0,77
2024-12-30,SKU0143,198,0,12.0,77
2025-01-06,SKU0143,180,75,12.0,77
2025-01-13,SKU0143,180,5,12.0,77
2025-01-20,SKU0143,164,0,12.0,77
2025-01-27,SKU0143,155,58,12.0,77
2025-02-03,SKU0143,147,63,12.0,77
2025-02-10,SKU0143,128,0,12.0,77
2025-02-17,SKU0143,128,0,12.0,77
2025-02-24,SKU0143,125,0,12.0,77
2025-03-03,SKU0143,117,0,12.0,77
2025-03-10,SKU0143,107,37,12.0,77
2025-03-17,SKU0143,103,0,12.0,77
2025-03-24,SKU0143,80,0,12.0,77
2025-03-31,SKU0143,73,0,12.0,77
2025-04-07,SKU0143,65,89,12.0,77
2025-04-14,SKU0143,246,0,12.0,77
2025-04-21,SKU0143,222,0,12.0,77
2025-04-28,SKU0143,208,0,12.0,77
2025-05-05,SKU0143,205,0,12.0,77
2025-05-12,SKU0143,203,0,12.0,77
2025-05-19,SKU0143,183,0,12.0,77
2025-05-26,SKU0143,167,19,12.0,77
2025-06-02,SKU0143,147,0,12.0,77
2025-06-09,SKU0143,129,0,12.0,77
2025-06-16,SKU0143,114,0,12.0,77
2025-06-23,SKU0143,102,0,12.0,77
2025-06-30,SKU0143,88,0,12.0,77
2025-07-07,SKU0143,79,0,12.0,77
2025-07-14,SKU0143,64,0,12.0,77
2025-07-21,SKU0143,241,0,12.0,77
2025-07-28,SKU0143,238,0,12.0,77
2025-08-04,SKU0143,231,0,12.0,77
2025-08-11,SKU0143,227,21,12.0,77
2025-08-18,SKU0143,214,0,12.0,77
2025-08-25,SKU0143,204,0,12.0,77
2025-09-01,SKU0143,180,35,12.0,77
2025-09-08,SKU0143,180,65,12.0,77
2025-09-15,SKU0143,165,0,12.0,77
2025-09-22,SKU0143,165,96,12.0,77
2025-09-29,SKU0143,142,5,12.0,77
2024-12-09,SKU0144,273,90,25.0,51
2024-12-16,SKU0144,256,0,25.0,51
2024-12-23,SKU0144,238,0,25.0,51
2024-12-30,SKU0144,238,104,25.0,51
2025-01-06,SKU0144,223,0,25.0,51
2025-01-13,SKU0144,222,0,25.0,51
2025-01-20,SKU0144,222,0,25.0,51
2025-01-27,SKU0144,210,0,25.0,51
2025-02-03,SKU0144,197,0,25.0,51
2025-02-10,SKU0144,189,0,25.0,51
2025-02-17,SKU0144,168,65,25.0,51
2025-02-24,SKU0144,144,0,25.0,51
2025-03-03,SKU0144,125,98,25.0,51
2025-03-10,SKU0144,102,0,25.0,51
2025-03-17,SKU0144,87,0,25.0,51
2025-03-24,SKU0144,63,0,25.0,51
2025-03-31,SKU0144,60,7,25.0,51
2025-04-07,SKU0144,58,0,25.0,51
2025-04-14,SKU0144,58,0,25.0,51
2025-04-21,SKU0144,57,0,25.0,51
2025-04-28,SKU0144,231,117,25.0,51
2025-05-05,SKU0144,210,0,25.0,51
2025-05-12,SKU0144,189,0,25.0,51
2025-05-19,SKU0144,174,43,25.0,51
2025-05-26,SKU0144,172,10,25.0,51
2025-06-02,SKU0144,169,0,25.0,51
2025-06-09,SKU0144,167,0,25.0,51
2025-06-16,SKU0144,162,16,25.0,51
2025-06-23,SKU0144,152,0,25.0,51
2025-06-30,SKU0144,141,0,25.0,51
2025-07-07,SKU0144,140,85,25.0,51
2025-07-14,SKU0144,139,0,25.0,51
2025-07-21,SKU0144,130,0,25.0,51
2025-07-28,SKU0144,122,0,25.0,51
2025-08-04,SKU0144,103,0,25.0,51
2025-08-11,SKU0144,88,0,25.0,51
2025-08-18,SKU0144,69,38,25.0,51
2025-08-25,SKU0144,47,0,25.0,51
2025-09-01,SKU0144,103,64,25.0,51
2025-09-08,SKU0144,85,96,25.0,51
2025-09-15,SKU0144,67,0,25.0,51
2025-09-22,SKU0144,63,0,25.0,51
2025-09-29,SKU0144,57,0,25.0,51
2024-09-30,SKU0145,215,0,40.0,17
2024-10-07,SKU0145,203,0,40.0,17
2024-10-14,SKU0145,203,24,40.0,17
2024-10-21,SKU0145,194,0,40.0,17
2024-10-28,SKU0145,184,0,40.0,17
2024-11-04,SKU0145,168,92,40.0,17
2024-11-11,SKU0145,167,0,40.0,17
2024-11-18,SKU0145,143,0,40.0,17
2024-11-25,SKU0145,132,56,40.0,17
2024-12-02,SKU0145,119,0,40.0,17
2024-12-09,SKU0145,118,0,40.0,17
2024-12-16,SKU0145,116,0,40.0,17
2024-12-23,SKU0145,101,0,40.0,17
2024-12-30,SKU0145,78,0,40.0,17
2025-01-06,SKU0145,74,111,40.0,17
2025-01-13,SKU0145,69,0,40.0,17
2025-01-20,SKU0145,49,0,40.0,17
2025-01-27,SKU0145,43,113,40.0,17
2025-02-03,SKU0145,19,33,40.0,17
2025-02-10,SKU0145,96,25,40.0,17
2025-02-17,SKU0145,83,62,40.0,17
2025-02-24,SKU0145,77,0,40.0,17
2025-03-03,SKU0145,67,0,40.0,17
2025-03-10,SKU0145,57,99,40.0,17
2025-03-17,SKU0145,44,20,40.0,17
2025-03-24,SKU0145,34,58,40.0,17
2025-03-31,SKU0145,27,0,40.0,17
2025-04-07,SKU0145,10,0,40.0,17
2025-04-14,SKU0145,0,0,40.0,17
2025-04-21,SKU0145,69,0,40.0,17
2025-04-28,SKU0145,46,0,40.0,17
2025-05-05,SKU0145,40,0,40.0,17
2025-05-12,SKU0145,36,0,40.0,17
2025-05-19,SKU0145,14,0,40.0,17
2025-05-26,SKU0145,89,0,40.0,17
2025-06-02,SKU0145,87,103,40.0,17
2025-06-09,SKU0145,68,0,40.0,17
2025-06-16,SKU0145,51,0,40.0,17
2025-06-23,SKU0145,50,0,40.0,17
2025-06-30,SKU0145,33,0,40.0,17
2025-07-07,SKU0145,23,0,40.0,17
2025-07-14,SKU0145,18,0,40.0,17
2025-07-21,SKU0145,207,0,40.0,17
2025-07-28,SKU0145,199,0,40.0,17
2025-08-04,SKU0145,181,0,40.0,17
2025-08-11,SKU0145,165,0,40.0,17
2025-08-18,SKU0145,158,0,40.0,17
2025-08-25,SKU0145,154,0,40.0,17
2025-09-01,SKU0145,139,0,40.0,17
2025-09-08,SKU0145,139,0,40.0,17
2025-09-15,SKU0145,126,0,40.0,17
2025-09-22,SKU0145,118,0,40.0,17
2025-09-29,SKU0145,98,73,40.0,17
2024-06-17,SKU0146,227,0,26.0,33
2024-06-24,SKU0146,226,82,26.0,33
2024-07-01,SKU0146,214,118,26.0,33
2024-07-08,SKU0146,202,1,26.0,33
2024-07-15,SKU0146,198,0,26.0,33
2024-07-22,SKU0146,183,0,26.0,33
2024-07-29,SKU0146,176,33,26.0,33
2024-08-05,SKU0146,155,0,26.0,33
2024-08-12,SKU0146,153,0,26.0,33
2024-08-19,SKU0146,153,0,26.0,33
2024-08-26,SKU0146,134,100,26.0,33
2024-09-02,SKU0146,112,0,26.0,33
2024-09-09,SKU0146,110,0,26.0,33
2024-09-16,SKU0146,98,0,26.0,33
2024-09-23,SKU0146,75,7,26.0,33
2024-09-30,SKU0146,75,0,26.0,33
2024-10-07,SKU0146,74,0,26.0,33
2024-10-14,SKU0146,74,0,26.0,33
2024-10-21,SKU0146,67,51,26.0,33
2024-10-28,SKU0146,67,0,26.0,33
2024-11-04,SKU0146,45,58,26.0,33
2024-11-11,SKU0146,38,0,26.0,33
2024-11-18,SKU0146,18,0,26.0,33
2024-11-25,SKU0146,153,0,26.0,33
2024-12-02,SKU0146,137,0,26.0,33
2024-12-09,SKU0146,120,0,26.0,33
2024-12-16,SKU0146,120,0,26.0,33
2024-12-23,SKU0146,107,0,26.0,33
2024-12-30,SKU0146,105,96,26.0,33
2025-01-06,SKU0146,95,0,26.0,33
2025-01-13,SKU0146,83,84,26.0,33
2025-01-20,SKU0146,83,0,26.0,33
2025-01-27,SKU0146,63,0,26.0,33
2025-02-03,SKU0146,39,37,26.0,33
2025-02-10,SKU0146,143,0,26.0,33
2025-02-17,SKU0146,140,0,26.0,33
2025-02-24,SKU0146,130,0,26.0,33
2025-03-03,SKU0146,111,0,26.0,33
2025-03-10,SKU0146,106,0,26.0,33
2025-03-17,SKU0146,90,79,26.0,33
2025-03-24,SKU0146,76,0,26.0,33
2025-03-31,SKU0146,61,35,26.0,33
2025-04-07,SKU0146,59,0,26.0,33
2025-04-14,SKU0146,46,0,26.0,33
2025-04-21,SKU0146,23,0,26.0,33
2025-04-28,SKU0146,191,0,26.0,33
2025-05-05,SKU0146,178,0,26.0,33
2025-05-12,SKU0146,166,114,26.0,33
2025-05-19,SKU0146,160,0,26.0,33
2025-05-26,SKU0146,154,0,26.0,33
2025-06-02,SKU0146,146,23,26.0,33
2025-06-09,SKU0146,124,0,26.0,33
2025-06-16,SKU0146,110,0,26.0,33
2025-06-23,SKU0146,86,0,26.0,33
2025-06-30,SKU0146,76,112,26.0,33
2025-07-07,SKU0146,63,86,26.0,33
2025-07-14,SKU0146,46,0,26.0,33
2025-07-21,SKU0146,40,0,26.0,33
2025-07-28,SKU0146,30,0,26.0,33
2025-08-04,SKU0146,30,13,26.0,33
2025-08-11,SKU0146,14,0,26.0,33
2025-08-18,SKU0146,5,0,26.0,33
2025-08-25,SKU0146,4,0,26.0,33
2025-09-01,SKU0146,72,58,26.0,33
2025-09-08,SKU0146,55,0,26.0,33
2025-09-15,SKU0146,37,0,26.0,33
2025-09-22,SKU0146,209,0,26.0,33
2025-09-29,SKU0146,190,0,26.0,33
2024-03-04,SKU0147,263,0,8.0,17
2024-03-11,SKU0147,244,0,8.0,17
2024-03-18,SKU0147,239,0,8.0,17
2024-03-25,SKU0147,221,86,8.0,17
2024-04-01,SKU0147,205,0,8.0,17
2024-04-08,SKU0147,203,29,8.0,17
2024-04-15,SKU0147,191,0,8.0,17
2024-04-22,SKU0147,186,0,8.0,17
2024-04-29,SKU0147,172,118,8.0,17
2024-05-06,SKU0147,170,0,8.0,17
2024-05-13,SKU0147,148,77,8.0,17
2024-05-20,SKU0147,127,0,8.0,17
2024-05-27,SKU0147,111,61,8.0,17
2024-06-03,SKU0147,88,0,8.0,17
2024-06-10,SKU0147,82,0,8.0,17
2024-06-17,SKU0147,82,0,8.0,17
2024-06-24,SKU0147,75,0,8.0,17
2024-07-01,SKU0147,62,0,8.0,17
2024-07-08,SKU0147,55,0,8.0,17
2024-07-15,SKU0147,33,0,8.0,17
2024-07-22,SKU0147,26,116,8.0,17
2024-07-29,SKU0147,91,72,8.0,17
2024-08-05,SKU0147,89,0,8.0,17
2024-08-12,SKU0147,82,0,8.0,17
2024-08-19,SKU0147,66,0,8.0,17
2024-08-26,SKU0147,46,0,8.0,17
2024-09-02,SKU0147,24,0,8.0,17
2024-09-09,SKU0147,14,0,8.0,17
2024-09-16,SKU0147,0,0,8.0,17
2024-09-23,SKU0147,108,0,8.0,17
2024-09-30,SKU0147,106,0,8.0,17
2024-10-07,SKU0147,89,0,8.0,17
2024-10-14,SKU0147,72,5,8.0,17
2024-10-21,SKU0147,62,23,8.0,17
2024-10-28,SKU0147,47,0,8.0,17
2024-11-04,SKU0147,30,0,8.0,17
2024-11-11,SKU0147,24,0,8.0,17
2024-11-18,SKU0147,22,8,8.0,17
2024-11-25,SKU0147,171,26,8.0,17
2024-12-02,SKU0147,162,0,8.0,17
2024-12-09,SKU0147,145,49,8.0,17
2024-12-16,SKU0147,133,0,8.0,17
2024-12-23,SKU0147,109,0,8.0,17
2024-12-30,SKU0147,87,108,8.0,17
2025-01-06,SKU0147,70,0,8.0,17
2025-01-13,SKU0147,62,37,8.0,17
2025-01-20,SKU0147,42,0,8.0,17
2025-01-27,SKU0147,37,0,8.0,17
2025-02-03,SKU0147,24,0,8.0,17
2025-02-10,SKU0147,10,0,8.0,17
2025-02-17,SKU0147,0,0,8.0,17
2025-02-24,SKU0147,0,43,8.0,17
2025-03-03,SKU0147,177,0,8.0,17
2025-03-10,SKU0147,171,12,8.0,17
2025-03-17,SKU0147,164,0,8.0,17
2025-03-24,SKU0147,157,0,8.0,17
2025-03-31,SKU0147,135,10,8.0,17
2025-04-07,SKU0147,123,0,8.0,17
2025-04-14,SKU0147,122,0,8.0,17
2025-04-21,SKU0147,98,0,8.0,17
2025-04-28,SKU0147,90,0,8.0,17
2025-05-05,SKU0147,83,0,8.0,17
2025-05-12,SKU0147,73,0,8.0,17
2025-05-19,SKU0147,58,0,8.0,17
2025-05-26,SKU0147,45,0,8.0,17
2025-06-02,SKU0147,24,83,8.0,17
2025-06-09,SKU0147,76,0,8.0,17
2025-06-16,SKU0147,76,0,8.0,17
2025-06-23,SKU0147,69,0,8.0,17
2025-06-30,SKU0147,61,0,8.0,17
2025-07-07,SKU0147,57,0,8.0,17
2025-07-14,SKU0147,33,0,8.0,17
2025-07-21,SKU0147,23,0,8.0,17
2025-07-28,SKU0147,12,0,8.0,17
2025-08-04,SKU0147,4,0,8.0,17
2025-08-11,SKU0147,176,0,8.0,17
2025-08-18,SKU0147,164,0,8.0,17
2025-08-25,SKU0147,154,114,8.0,17
2025-09-01,SKU0147,132,0,8.0,17
2025-09-08,SKU0147,116,0,8.0,17
2025-09-15,SKU0147,105,31,8.0,17
2025-09-22,SKU0147,99,72,8.0,17
2025-09-29,SKU0147,90,0,8.0,17
2024-01-01,SKU0148,133,78,35.0,61
2024-01-08,SKU0148,115,0,35.0,61
2024-01-15,SKU0148,108,0,35.0,61
2024-01-22,SKU0148,106,0,35.0,61
2024-01-29,SKU0148,105,0,35.0,61
2024-02-05,SKU0148,94,0,35.0,61
2024-02-12,SKU0148,73,0,35.0,61
2024-02-19,SKU0148,66,0,35.0,61
2024-02-26,SKU0148,168,0,35.0,61
2024-03-04,SKU0148,144,23,35.0,61
2024-03-11,SKU0148,121,50,35.0,61
2024-03-18,SKU0148,120,0,35.0,61
2024-03-25,SKU0148,120,20,35.0,61
2024-04-01,SKU0148,110,75,35.0,61
2024-04-08,SKU0148,87,0,35.0,61
2024-04-15,SKU0148,76,0,35.0,61
2024-04-22,SKU0148,69,0,35.0,61
2024-04-29,SKU0148,62,0,35.0,61
2024-05-06,SKU0148,56,119,35.0,61
2024-05-13,SKU0148,220,0,35.0,61
2024-05-20,SKU0148,204,117,35.0,61
2024-05-27,SKU0148,185,0,35.0,61
2024-06-03,SKU0148,165,0,35.0,61
2024-06-10,SKU0148,161,61,35.0,61
2024-06-17,SKU0148,160,0,35.0,61
2024-06-24,SKU0148,155,0,35.0,61
2024-07-01,SKU0148,146,0,35.0,61
2024-07-08,SKU0148,145,0,35.0,61
2024-07-15,SKU0148,124,0,35.0,61
2024-07-22,SKU0148,117,103,35.0,61
2024-07-29,SKU0148,112,37,35.0,61
2024-08-05,SKU0148,106,0,35.0,61
2024-08-12,SKU0148,94,0,35.0,61
2024-08-19,SKU0148,75,0,35.0,61
2024-08-26,SKU0148,158,0,35.0,61
2024-09-02,SKU0148,134,0,35.0,61
2024-09-09,SKU0148,120,0,35.0,61
2024-09-16,SKU0148,111,0,35.0,61
2024-09-23,SKU0148,87,0,35.0,61
2024-09-30,SKU0148,87,115,35.0,61
2024-10-07,SKU0148,78,95,35.0,61
2024-10-14,SKU0148,67,0,35.0,61
2024-10-21,SKU0148,52,54,35.0,61
2024-10-28,SKU0148,32,0,35.0,61
2024-11-04,SKU0148,180,0,35.0,61
2024-11-11,SKU0148,161,0,35.0,61
2024-11-18,SKU0148,142,0,35.0,61
2024-11-25,SKU0148,135,0,35.0,61
2024-12-02,SKU0148,118,110,35.0,61
2024-12-09,SKU0148,109,0,35.0,61
2024-12-16,SKU0148,109,0,35.0,61
2024-12-23,SKU0148,98,0,35.0,61
2024-12-30,SKU0148,84,0,35.0,61
2025-01-06,SKU0148,72,0,35.0,61
2025-01-13,SKU0148,55,6,35.0,61
2025-01-20,SKU0148,36,0,35.0,61
2025-01-27,SKU0148,24,22,35.0,61
2025-02-03,SKU0148,120,74,35.0,61
2025-02-10,SKU0148,101,0,35.0,61
2025-02-17,SKU0148,89,0,35.0,61
2025-02-24,SKU0148,70,0,35.0,61
2025-03-03,SKU0148,156,0,35.0,61
2025-03-10,SKU0148,149,49,35.0,61
2025-03-17,SKU0148,127,93,35.0,61
2025-03-24,SKU0148,108,0,35.0,61
2025-03-31,SKU0148,84,0,35.0,61
2025-04-07,SKU0148,70,10,35.0,61
2025-04-14,SKU0148,61,0,35.0,61
2025-04-21,SKU0148,41,0,35.0,61
2025-04-28,SKU0148,36,0,35.0,61
2025-05-05,SKU0148,36,0,35.0,61
2025-05-12,SKU0148,150,0,35.0,61
2025-05-19,SKU0148,138,0,35.0,61
2025-05-26,SKU0148,126,0,35.0,61
2025-06-02,SKU0148,124,70,35.0,61
2025-06-09,SKU0148,113,0,35.0,61
2025-06-16,SKU0148,106,0,35.0,61
2025-06-23,SKU0148,83,0,35.0,61
2025-06-30,SKU0148,76,72,35.0,61
2025-07-07,SKU0148,228,81,35.0,61
2025-07-14,SKU0148,225,0,35.0,61
2025-07-21,SKU0148,206,0,35.0,61
2025-07-28,SKU0148,188,0,35.0,61
2025-08-04,SKU0148,172,0,35.0,61
2025-08-11,SKU0148,165,0,35.0,61
2025-08-18,SKU0148,158,20,35.0,61
2025-08-25,SKU0148,140,0,35.0,61
2025-09-01,SKU0148,131,55,35.0,61
2025-09-08,SKU0148,114,0,35.0,61
2025-09-15,SKU0148,105,0,35.0,61
2025-09-22,SKU0148,99,0,35.0,61
2025-09-29,SKU0148,81,0,35.0,61
2024-01-01,SKU0149,219,0,17.0,71
2024-01-08,SKU0149,205,0,17.0,71
2024-01-15,SKU0149,182,0,17.0,71
2024-01-22,SKU0149,162,36,17.0,71
2024-01-29,SKU0149,143,0,17.0,71
2024-02-05,SKU0149,120,0,17.0,71
2024-02-12,SKU0149,116,0,17.0,71
2024-02-19,SKU0149,96,0,17.0,71
2024-02-26,SKU0149,90,0,17.0,71
2024-03-04,SKU0149,135,0,17.0,71
2024-03-11,SKU0149,134,0,17.0,71
2024-03-18,SKU0149,134,35,17.0,71
2024-03-25,SKU0149,117,84,17.0,71
2024-04-01,SKU0149,100,0,17.0,71
2024-04-08,SKU0149,100,0,17.0,71
2024-04-15,SKU0149,90,0,17.0,71
2024-04-22,SKU0149,77,0,17.0,71
2024-04-29,SKU0149,74,0,17.0,71
2024-05-06,SKU0149,147,28,17.0,71
2024-05-13,SKU0149,133,0,17.0,71
2024-05-20,SKU0149,127,0,17.0,71
2024-05-27,SKU0149,120,107,17.0,71
2024-06-03,SKU0149,106,0,17.0,71
2024-06-10,SKU0149,98,34,17.0,71
2024-06-17,SKU0149,98,26,17.0,71
2024-06-24,SKU0149,78,0,17.0,71
2024-07-01,SKU0149,151,100,17.0,71
2024-07-08,SKU0149,151,83,17.0,71
2024-07-15,SKU0149,127,0,17.0,71
2024-07-22,SKU0149,104,113,17.0,71
2024-07-29,SKU0149,97,0,17.0,71
2024-08-05,SKU0149,85,0,17.0,71
2024-08-12,SKU0149,85,0,17.0,71
2024-08-19,SKU0149,66,0,17.0,71
2024-08-26,SKU0149,42,89,17.0,71
2024-09-02,SKU0149,30,0,17.0,71
2024-09-09,SKU0149,154,0,17.0,71
2024-09-16,SKU0149,151,0,17.0,71
2024-09-23,SKU0149,149,0,17.0,71
2024-09-30,SKU0149,126,0,17.0,71
2024-10-07,SKU0149,123,0,17.0,71
2024-10-14,SKU0149,120,23,17.0,71
2024-10-21,SKU0149,106,0,17.0,71
2024-10-28,SKU0149,100,78,17.0,71
2024-11-04,SKU0149,88,0,17.0,71
2024-11-11,SKU0149,74,0,17.0,71
2024-11-18,SKU0149,60,0,17.0,71
2024-11-25,SKU0149,49,0,17.0,71
2024-12-02,SKU0149,45,116,17.0,71
2024-12-09,SKU0149,178,0,17.0,71
2024-12-16,SKU0149,176,37,17.0,71
2024-12-23,SKU0149,172,0,17.0,71
2024-12-30,SKU0149,164,0,17.0,71
2025-01-06,SKU0149,143,0,17.0,71
2025-01-13,SKU0149,129,70,17.0,71
2025-01-20,SKU0149,121,0,17.0,71
2025-01-27,SKU0149,105,0,17.0,71
2025-02-03,SKU0149,95,0,17.0,71
2025-02-10,SKU0149,94,0,17.0,71
2025-02-17,SKU0149,86,87,17.0,71
2025-02-24,SKU0149,71,0,17.0,71
2025-03-03,SKU0149,222,37,17.0,71
2025-03-10,SKU0149,198,18,17.0,71
2025-03-17,SKU0149,187,0,17.0,71
2025-03-24,SKU0149,179,0,17.0,71
2025-03-31,SKU0149,166,112,17.0,71
2025-04-07,SKU0149,165,0,17.0,71
2025-04-14,SKU0149,158,0,17.0,71
2025-04-21,SKU0149,146,69,17.0,71
2025-04-28,SKU0149,131,0,17.0,71
2025-05-05,SKU0149,124,0,17.0,71
2025-05-12,SKU0149,109,69,17.0,71
2025-05-19,SKU0149,87,0,17.0,71
2025-05-26,SKU0149,76,0,17.0,71
2025-06-02,SKU0149,73,12,17.0,71
2025-06-09,SKU0149,71,0,17.0,71
2025-06-16,SKU0149,61,46,17.0,71
2025-06-23,SKU0149,59,0,17.0,71
2025-06-30,SKU0149,47,0,17.0,71
2025-07-07,SKU0149,40,0,17.0,71
2025-07-14,SKU0149,231,9,17.0,71
2025-07-21,SKU0149,218,116,17.0,71
2025-07-28,SKU0149,194,74,17.0,71
2025-08-04,SKU0149,184,0,17.0,71
2025-08-11,SKU0149,170,0,17.0,71
2025-08-18,SKU0149,157,46,17.0,71
2025-08-25,SKU0149,144,0,17.0,71
2025-09-01,SKU0149,127,61,17.0,71
2025-09-08,SKU0149,121,108,17.0,71
2025-09-15,SKU0149,99,0,17.0,71
2025-09-22,SKU0149,87,0,17.0,71
2025-09-29,SKU0149,80,0,17.0,71
2024-01-01,SKU0150,254,0,35.0,26
2024-01-08,SKU0150,248,34,35.0,26
2024-01-15,SKU0150,229,0,35.0,26
2024-01-22,SKU0150,224,0,35.0,26
2024-01-29,SKU0150,214,0,35.0,26
2024-02-05,SKU0150,201,0,35.0,26
2024-02-12,SKU0150,201,36,35.0,26
2024-02-19,SKU0150,197,46,,26
2024-02-26,SKU0150,188,0,35.0,26
2024-03-04,SKU0150,165,0,35.0,26
2024-03-11,SKU0150,149,0,35.0,26
2024-03-18,SKU0150,138,0,35.0,26
2024-03-25,SKU0150,124,0,35.0,26
2024-04-01,SKU0150,100,0,35.0,26
2024-04-08,SKU0150,96,0,35.0,26
2024-04-15,SKU0150,75,38,35.0,26
2024-04-22,SKU0150,55,0,35.0,26
2024-04-29,SKU0150,34,0,35.0,26
2024-05-06,SKU0150,15,0,35.0,26
2024-05-13,SKU0150,2,10,35.0,26
2024-05-20,SKU0150,112,0,35.0,26
2024-05-27,SKU0150,89,0,35.0,26
2024-06-03,SKU0150,83,47,35.0,26
2024-06-10,SKU0150,68,0,35.0,26
2024-06-17,SKU0150,58,0,35.0,26
2024-06-24,SKU0150,39,0,35.0,26
2024-07-01,SKU0150,88,0,35.0,26
2024-07-08,SKU0150,71,0,35.0,26
2024-07-15,SKU0150,48,0,35.0,26
2024-07-22,SKU0150,41,0,35.0,26
2024-07-29,SKU0150,26,0,35.0,26
2024-08-05,SKU0150,91,109,35.0,26
2024-08-12,SKU0150,67,0,35.0,26
2024-08-19,SKU0150,63,79,35.0,26
2024-08-26,SKU0150,42,34,35.0,26
2024-09-02,SKU0150,197,0,35.0,26
2024-09-09,SKU0150,193,0,35.0,26
2024-09-16,SKU0150,169,0,35.0,26
2024-09-23,SKU0150,150,0,35.0,26
2024-09-30,SKU0150,131,0,35.0,26
2024-10-07,SKU0150,130,0,35.0,26
2024-10-14,SKU0150,111,0,35.0,26
2024-10-21,SKU0150,92,0,35.0,26
2024-10-28,SKU0150,69,0,35.0,26
2024-11-04,SKU0150,68,0,35.0,26
2024-11-11,SKU0150,62,35,35.0,26
2024-11-18,SKU0150,47,1,35.0,26
2024-11-25,SKU0150,31,0,35.0,26
2024-12-02,SKU0150,27,0,35.0,26
2024-12-09,SKU0150,81,0,35.0,26
2024-12-16,SKU0150,59,0,35.0,26
2024-12-23,SKU0150,37,4,35.0,26
2024-12-30,SKU0150,19,0,35.0,26
2025-01-06,SKU0150,10,0,35.0,26
2025-01-13,SKU0150,2,0,35.0,26
2025-01-20,SKU0150,0,113,35.0,26
2025-01-27,SKU0150,0,0,35.0,26
2025-02-03,SKU0150,124,0,35.0,26
2025-02-10,SKU0150,100,0,35.0,26
2025-02-17,SKU0150,98,0,35.0,26
2025-02-24,SKU0150,83,0,35.0,26
2025-03-03,SKU0150,76,0,35.0,26
2025-03-10,SKU0150,65,0,35.0,26
2025-03-17,SKU0150,44,12,35.0,26
2025-03-24,SKU0150,26,61,35.0,26
2025-03-31,SKU0150,168,0,35.0,26
2025-04-07,SKU0150,157,99,35.0,26
2025-04-14,SKU0150,137,34,35.0,26
2025-04-21,SKU0150,129,0,35.0,26
2025-04-28,SKU0150,116,4,35.0,26
2025-05-05,SKU0150,92,0,35.0,26
2025-05-12,SKU0150,92,0,35.0,26
2025-05-19,SKU0150,72,0,35.0,26
2025-05-26,SKU0150,51,0,35.0,26
2025-06-02,SKU0150,30,88,35.0,26
2025-06-09,SKU0150,30,0,35.0,26
2025-06-16,SKU0150,150,0,35.0,26
2025-06-23,SKU0150,141,0,35.0,26
2025-06-30,SKU0150,139,0,35.0,26
2025-07-07,SKU0150,123,0,35.0,26
2025-07-14,SKU0150,107,0,35.0,26
2025-07-21,SKU0150,83,118,35.0,26
2025-07-28,SKU0150,77,0,35.0,26
2025-08-04,SKU0150,71,0,35.0,26
2025-08-11,SKU0150,59,0,35.0,26
2025-08-18,SKU0150,54,0,35.0,26
2025-08-25,SKU0150,51,0,35.0,26
2025-09-01,SKU0150,34,0,35.0,26
2025-09-08,SKU0150,89,95,35.0,26
2025-09-15,SKU0150,75,0,35.0,26
2025-09-22,SKU0150,62,0,35.0,26
2025-09-29,SKU0150,47,0,35.0,26
2024-01-01,SKU0151,71,0,33.0,62
2024-01-08,SKU0151,154,97,33.0,62
2024-01-15,SKU0151,136,91,33.0,62
2024-01-22,SKU0151,123,116,33.0,62
2024-01-29,SKU0151,121,0,33.0,62
2024-02-05,SKU0151,108,0,33.0,62
2024-02-12,SKU0151,92,0,33.0,62
2024-02-19,SKU0151,74,0,33.0,62
2024-02-26,SKU0151,62,87,33.0,62
2024-03-04,SKU0151,43,0,33.0,62
2024-03-11,SKU0151,22,0,33.0,62
2024-03-18,SKU0151,76,0,33.0,62
2024-03-25,SKU0151,72,0,33.0,62
2024-04-01,SKU0151,244,0,33.0,62
2024-04-08,SKU0151,240,32,33.0,62
2024-04-15,SKU0151,232,0,33.0,62
2024-04-22,SKU0151,228,0,33.0,62
2024-04-29,SKU0151,213,0,33.0,62
2024-05-06,SKU0151,190,117,33.0,62
2024-05-13,SKU0151,167,110,33.0,62
2024-05-20,SKU0151,157,27,33.0,62
2024-05-27,SKU0151,140,0,33.0,62
2024-06-03,SKU0151,137,14,33.0,62
2024-06-10,SKU0151,122,0,33.0,62
2024-06-17,SKU0151,108,0,33.0,62
2024-06-24,SKU0151,96,28,33.0,62
2024-07-01,SKU0151,92,0,33.0,62
2024-07-08,SKU0151,90,0,33.0,62
2024-07-15,SKU0151,77,0,33.0,62
2024-07-22,SKU0151,76,0,33.0,62
2024-07-29,SKU0151,64,15,33.0,62
2024-08-05,SKU0151,165,0,33.0,62
2024-08-12,SKU0151,164,94,33.0,62
2024-08-19,SKU0151,160,0,33.0,62
2024-08-26,SKU0151,155,0,33.0,62
2024-09-02,SKU0151,131,0,33.0,62
2024-09-09,SKU0151,125,0,33.0,62
2024-09-16,SKU0151,115,99,33.0,62
2024-09-23,SKU0151,99,0,33.0,62
2024-09-30,SKU0151,92,24,33.0,62
2024-10-07,SKU0151,70,0,33.0,62
2024-10-14,SKU0151,65,0,33.0,62
2024-10-21,SKU0151,62,0,33.0,62
2024-10-28,SKU0151,61,0,33.0,62
2024-11-04,SKU0151,45,0,33.0,62
2024-11-11,SKU0151,196,0,33.0,62
2024-11-18,SKU0151,189,0,33.0,62
2024-11-25,SKU0151,186,0,33.0,62
2024-12-02,SKU0151,180,0,33.0,62
2024-12-09,SKU0151,164,0,33.0,62
2024-12-16,SKU0151,144,0,33.0,62
2024-12-23,SKU0151,143,0,33.0,62
2024-12-30,SKU0151,122,0,33.0,62
2025-01-06,SKU0151,103,0,33.0,62
2025-01-13,SKU0151,90,0,33.0,62
2025-01-20,SKU0151,84,81,33.0,62
2025-01-27,SKU0151,67,0,33.0,62
2025-02-03,SKU0151,66,109,33.0,62
2025-02-10,SKU0151,45,110,33.0,62
2025-02-17,SKU0151,40,60,33.0,62
2025-02-24,SKU0151,26,0,33.0,62
2025-03-03,SKU0151,19,38,33.0,62
2025-03-10,SKU0151,212,0,33.0,62
2025-03-17,SKU0151,210,0,33.0,62
2025-03-24,SKU0151,210,0,33.0,62
2025-03-31,SKU0151,188,95,33.0,62
2025-04-07,SKU0151,167,0,33.0,62
2025-04-14,SKU0151,158,52,33.0,62
2025-04-21,SKU0151,138,85,33.0,62
2025-04-28,SKU0151,127,116,33.0,62
2025-05-05,SKU0151,114,0,33.0,62
2025-05-12,SKU0151,114,0,33.0,62
2025-05-19,SKU0151,101,0,33.0,62
2025-05-26,SKU0151,93,72,33.0,62
2025-06-02,SKU0151,82,0,33.0,62
2025-06-09,SKU0151,75,31,33.0,62
2025-06-16,SKU0151,198,0,33.0,62
2025-06-23,SKU0151,188,0,33.0,62
2025-06-30,SKU0151,165,0,33.0,62
2025-07-07,SKU0151,151,0,33.0,62
2025-07-14,SKU0151,136,0,33.0,62
2025-07-21,SKU0151,117,0,33.0,62
2025-07-28,SKU0151,112,0,33.0,62
2025-08-04,SKU0151,89,0,33.0,62
2025-08-11,SKU0151,75,95,33.0,62
2025-08-18,SKU0151,62,10,33.0,62
2025-08-25,SKU0151,39,84,33.0,62
2025-09-01,SKU0151,167,0,33.0,62
2025-09-08,SKU0151,167,76,33.0,62
2025-09-15,SKU0151,167,0,33.0,62
2025-09-22,SKU0151,157,0,33.0,62
2025-09-29,SKU0151,150,0,33.0,62
2024-01-01,SKU0152,73,0,24.0,71
2024-01-08,SKU0152,73,0,24.0,71
2024-01-15,SKU0152,201,0,24.0,71
2024-01-22,SKU0152,200,0,24.0,71
2024-01-29,SKU0152,200,0,24.0,71
2024-02-05,SKU0152,176,0,24.0,71
2024-02-12,SKU0152,162,0,24.0,71
2024-02-19,SKU0152,146,64,24.0,71
2024-02-26,SKU0152,143,18,24.0,71
2024-03-04,SKU0152,132,0,24.0,71
2024-03-11,SKU0152,124,53,24.0,71
2024-03-18,SKU0152,110,0,24.0,71
2024-03-25,SKU0152,90,0,24.0,71
2024-04-01,SKU0152,69,98,24.0,71
2024-04-08,SKU0152,211,115,24.0,71
2024-04-15,SKU0152,195,0,24.0,71
2024-04-22,SKU0152,172,33,24.0,71
2024-04-29,SKU0152,171,116,24.0,71
2024-05-06,SKU0152,154,118,24.0,71
2024-05-13,SKU0152,133,47,24.0,71
2024-05-20,SKU0152,132,0,24.0,71
2024-05-27,SKU0152,130,63,24.0,71
2024-06-03,SKU0152,107,87,24.0,71
2024-06-10,SKU0152,89,0,24.0,71
2024-06-17,SKU0152,83,37,24.0,71
2024-06-24,SKU0152,148,0,24.0,71
2024-07-01,SKU0152,129,0,24.0,71
2024-07-08,SKU0152,121,0,24.0,71
2024-07-15,SKU0152,120,71,24.0,71
2024-07-22,SKU0152,120,37,24.0,71
2024-07-29,SKU0152,97,0,24.0,71
2024-08-05,SKU0152,75,60,24.0,71
2024-08-12,SKU0152,54,0,24.0,71
2024-08-19,SKU0152,200,0,24.0,71
2024-08-26,SKU0152,200,0,24.0,71
2024-09-02,SKU0152,185,13,24.0,71
2024-09-09,SKU0152,166,0,24.0,71
2024-09-16,SKU0152,143,0,24.0,71
2024-09-23,SKU0152,122,44,24.0,71
2024-09-30,SKU0152,119,0,24.0,71
2024-10-07,SKU0152,97,0,24.0,71
2024-10-14,SKU0152,94,42,24.0,71
2024-10-21,SKU0152,79,0,24.0,71
2024-10-28,SKU0152,242,69,24.0,71
2024-11-04,SKU0152,238,0,24.0,71
2024-11-11,SKU0152,230,118,24.0,71
2024-11-18,SKU0152,226,0,24.0,71
2024-11-25,SKU0152,204,66,24.0,71
2024-12-02,SKU0152,187,56,24.0,71
2024-12-09,SKU0152,186,2,24.0,71
2024-12-16,SKU0152,176,96,24.0,71
2024-12-23,SKU0152,165,0,24.0,71
2024-12-30,SKU0152,159,22,24.0,71
2025-01-06,SKU0152,141,0,24.0,71
2025-01-13,SKU0152,132,117,24.0,71
2025-01-20,SKU0152,111,0,24.0,71
2025-01-27,SKU0152,104,32,24.0,71
2025-02-03,SKU0152,91,21,24.0,71
2025-02-10,SKU0152,83,0,24.0,71
2025-02-17,SKU0152,64,19,24.0,71
2025-02-24,SKU0152,50,0,24.0,71
2025-03-03,SKU0152,238,0,24.0,71
2025-03-10,SKU0152,227,99,24.0,71
2025-03-17,SKU0152,223,20,24.0,71
2025-03-24,SKU0152,222,0,24.0,71
2025-03-31,SKU0152,199,0,24.0,71
2025-04-07,SKU0152,189,84,24.0,71
2025-04-14,SKU0152,172,105,24.0,71
2025-04-21,SKU0152,148,43,24.0,71
2025-04-28,SKU0152,134,16,24.0,71
2025-05-05,SKU0152,126,96,24.0,71
2025-05-12,SKU0152,102,0,24.0,71
2025-05-19,SKU0152,82,18,24.0,71
2025-05-26,SKU0152,64,0,24.0,71
2025-06-02,SKU0152,199,14,24.0,71
2025-06-09,SKU0152,185,26,24.0,71
2025-06-16,SKU0152,168,0,24.0,71
2025-06-23,SKU0152,154,0,24.0,71
2025-06-30,SKU0152,130,68,24.0,71
2025-07-07,SKU0152,127,0,24.0,71
2025-07-14,SKU0152,116,37,24.0,71
2025-07-21,SKU0152,114,0,24.0,71
2025-07-28,SKU0152,102,0,24.0,71
2025-08-04,SKU0152,92,0,24.0,71
2025-08-11,SKU0152,85,0,24.0,71
2025-08-18,SKU0152,82,0,24.0,71
2025-08-25,SKU0152,63,0,24.0,71
2025-09-01,SKU0152,43,34,24.0,71
2025-09-08,SKU0152,220,0,24.0,71
2025-09-15,SKU0152,215,76,24.0,71
2025-09-22,SKU0152,196,96,24.0,71
2025-09-29,SKU0152,176,0,24.0,71
2024-04-22,SKU0153,214,0,9.0,21
2024-04-29,SKU0153,205,0,9.0,21
2024-05-06,SKU0153,203,94,9.0,21
2024-05-13,SKU0153,192,78,9.0,21
2024-05-20,SKU0153,184,93,9.0,21
2024-05-27,SKU0153,176,0,9.0,21
2024-06-03,SKU0153,156,0,9.0,21
2024-06-10,SKU0153,139,0,9.0,21
2024-06-17,SKU0153,118,0,9.0,21
2024-06-24,SKU0153,114,0,9.0,21
2024-07-01,SKU0153,96,0,9.0,21
2024-07-08,SKU0153,88,0,9.0,21
2024-07-15,SKU0153,71,0,9.0,21
2024-07-22,SKU0153,48,0,9.0,21
2024-07-29,SKU0153,24,0,9.0,21
2024-08-05,SKU0153,184,0,9.0,21
2024-08-12,SKU0153,173,0,9.0,21
2024-08-19,SKU0153,149,26,9.0,21
2024-08-26,SKU0153,148,0,9.0,21
2024-09-02,SKU0153,128,25,9.0,21
2024-09-09,SKU0153,119,0,9.0,21
2024-09-16,SKU0153,98,0,9.0,21
2024-09-23,SKU0153,77,88,9.0,21
2024-09-30,SKU0153,77,0,9.0,21
2024-10-07,SKU0153,68,0,9.0,21
2024-10-14,SKU0153,50,92,9.0,21
2024-10-21,SKU0153,43,0,9.0,21
2024-10-28,SKU0153,25,0,9.0,21
2024-11-04,SKU0153,4,0,9.0,21
2024-11-11,SKU0153,126,0,9.0,21
2024-11-18,SKU0153,120,6,9.0,21
2024-11-25,SKU0153,105,0,9.0,21
2024-12-02,SKU0153,87,0,9.0,21
2024-12-09,SKU0153,85,0,9.0,21
2024-12-16,SKU0153,79,56,9.0,21
2024-12-23,SKU0153,75,105,9.0,21
2024-12-30,SKU0153,53,61,9.0,21
2025-01-06,SKU0153,50,0,9.0,21
2025-01-13,SKU0153,47,0,9.0,21
2025-01-20,SKU0153,33,0,9.0,21
2025-01-27,SKU0153,83,0,9.0,21
2025-02-03,SKU0153,67,0,9.0,21
2025-02-10,SKU0153,50,0,9.0,21
2025-02-17,SKU0153,42,0,9.0,21
2025-02-24,SKU0153,34,0,9.0,21
2025-03-03,SKU0153,26,97,9.0,21
2025-03-10,SKU0153,22,0,9.0,21
2025-03-17,SKU0153,87,0,9.0,21
2025-03-24,SKU0153,66,0,9.0,21
2025-03-31,SKU0153,53,11,9.0,21
2025-04-07,SKU0153,33,0,9.0,21
2025-04-14,SKU0153,17,0,9.0,21
2025-04-21,SKU0153,76,86,9.0,21
2025-04-28,SKU0153,58,104,9.0,21
2025-05-05,SKU0153,58,0,9.0,21
2025-05-12,SKU0153,42,0,9.0,21
2025-05-19,SKU0153,41,0,9.0,21
2025-05-26,SKU0153,36,0,9.0,21
2025-06-02,SKU0153,35,0,9.0,21
2025-06-09,SKU0153,34,0,9.0,21
2025-06-16,SKU0153,28,0,9.0,21
2025-06-23,SKU0153,27,0,9.0,21
2025-06-30,SKU0153,8,0,9.0,21
2025-07-07,SKU0153,198,0,9.0,21
2025-07-14,SKU0153,174,94,9.0,21
2025-07-21,SKU0153,152,0,9.0,21
2025-07-28,SKU0153,140,0,9.0,21
2025-08-04,SKU0153,138,0,9.0,21
2025-08-11,SKU0153,120,0,9.0,21
2025-08-18,SKU0153,108,0,9.0,21
2025-08-25,SKU0153,97,0,9.0,21
2025-09-01,SKU0153,73,38,9.0,21
2025-09-08,SKU0153,61,44,9.0,21
2025-09-15,SKU0153,49,0,9.0,21
2025-09-22,SKU0153,39,0,9.0,21
2025-09-29,SKU0153,34,0,9.0,21
2024-05-13,SKU0154,41,0,17.0,30
2024-05-20,SKU0154,32,106,17.0,30
2024-05-27,SKU0154,182,29,17.0,30
2024-06-03,SKU0154,180,0,17.0,30
2024-06-10,SKU0154,179,0,17.0,30
2024-06-17,SKU0154,179,0,17.0,30
2024-06-24,SKU0154,169,25,17.0,30
2024-07-01,SKU0154,168,0,17.0,30
2024-07-08,SKU0154,167,0,17.0,30
2024-07-15,SKU0154,164,34,17.0,30
2024-07-22,SKU0154,152,0,17.0,30
2024-07-29,SKU0154,143,0,17.0,30
2024-08-05,SKU0154,134,0,17.0,30
2024-08-12,SKU0154,111,0,17.0,30
2024-08-19,SKU0154,109,0,17.0,30
2024-08-26,SKU0154,94,44,17.0,30
2024-09-02,SKU0154,78,0,17.0,30
2024-09-09,SKU0154,70,0,17.0,30
2024-09-16,SKU0154,60,0,17.0,30
2024-09-23,SKU0154,57,0,17.0,30
2024-09-30,SKU0154,46,0,17.0,30
2024-10-07,SKU0154,43,0,17.0,30
2024-10-14,SKU0154,82,0,17.0,30
2024-10-21,SKU0154,74,101,17.0,30
2024-10-28,SKU0154,62,0,17.0,30
2024-11-04,SKU0154,41,0,17.0,30
2024-11-11,SKU0154,109,0,17.0,30
2024-11-18,SKU0154,87,113,17.0,30
2024-11-25,SKU0154,65,27,17.0,30
2024-12-02,SKU0154,46,11,17.0,30
2024-12-09,SKU0154,141,111,17.0,30
2024-12-16,SKU0154,136,20,17.0,30
2024-12-23,SKU0154,114,0,17.0,30
2024-12-30,SKU0154,108,0,17.0,30
2025-01-06,SKU0154,94,95,17.0,30
2025-01-13,SKU0154,84,30,17.0,30
2025-01-20,SKU0154,84,4,17.0,30
2025-01-27,SKU0154,65,0,17.0,30
2025-02-03,SKU0154,54,66,17.0,30
2025-02-10,SKU0154,32,0,17.0,30
2025-02-17,SKU0154,20,25,17.0,30
2025-02-24,SKU0154,80,0,17.0,30
2025-03-03,SKU0154,70,0,17.0,30
2025-03-10,SKU0154,52,0,17.0,30
2025-03-17,SKU0154,38,0,17.0,30
2025-03-24,SKU0154,37,0,17.0,30
2025-03-31,SKU0154,30,0,17.0,30
2025-04-07,SKU0154,10,0,17.0,30
2025-04-14,SKU0154,0,25,17.0,30
2025-04-21,SKU0154,116,0,17.0,30
2025-04-28,SKU0154,94,92,17.0,30
2025-05-05,SKU0154,71,73,17.0,30
2025-05-12,SKU0154,69,119,17.0,30
2025-05-19,SKU0154,47,52,17.0,30
2025-05-26,SKU0154,94,0,17.0,30
2025-06-02,SKU0154,94,45,17.0,30
2025-06-09,SKU0154,82,0,17.0,30
2025-06-16,SKU0154,59,53,17.0,30
2025-06-23,SKU0154,53,0,17.0,30
2025-06-30,SKU0154,31,0,17.0,30
2025-07-07,SKU0154,10,0,17.0,30
2025-07-14,SKU0154,74,0,17.0,30
2025-07-21,SKU0154,63,0,17.0,30
2025-07-28,SKU0154,61,78,17.0,30
2025-08-04,SKU0154,37,0,17.0,30
2025-08-11,SKU0154,14,0,17.0,30
2025-08-18,SKU0154,131,0,17.0,30
2025-08-25,SKU0154,116,0,17.0,30
2025-09-01,SKU0154,98,0,17.0,30
2025-09-08,SKU0154,75,0,17.0,30
2025-09-15,SKU0154,56,58,17.0,30
2025-09-22,SKU0154,40,43,17.0,30
2025-09-29,SKU0154,33,0,17.0,30
2024-01-01,SKU0155,217,0,21.0,40
2024-01-08,SKU0155,217,0,21.0,40
2024-01-15,SKU0155,200,99,21.0,40
2024-01-22,SKU0155,200,0,21.0,40
2024-01-29,SKU0155,182,0,21.0,40
2024-02-05,SKU0155,166,0,21.0,40
2024-02-12,SKU0155,146,0,21.0,40
2024-02-19,SKU0155,130,0,21.0,40
2024-02-26,SKU0155,118,0,21.0,40
2024-03-04,SKU0155,95,95,21.0,40
2024-03-11,SKU0155,93,0,21.0,40
2024-03-18,SKU0155,92,0,21.0,40
2024-03-25,SKU0155,77,43,21.0,40
2024-04-01,SKU0155,71,85,21.0,40
2024-04-08,SKU0155,64,116,21.0,40
2024-04-15,SKU0155,63,47,21.0,40
2024-04-22,SKU0155,43,0,21.0,40
2024-04-29,SKU0155,113,50,21.0,40
2024-05-06,SKU0155,105,0,21.0,40
2024-05-13,SKU0155,81,0,21.0,40
2024-05-20,SKU0155,78,0,21.0,40
2024-05-27,SKU0155,76,0,21.0,40
2024-06-03,SKU0155,64,0,21.0,40
2024-06-10,SKU0155,58,33,21.0,40
2024-06-17,SKU0155,52,0,21.0,40
2024-06-24,SKU0155,177,0,21.0,40
2024-07-01,SKU0155,169,0,21.0,40
2024-07-08,SKU0155,148,0,21.0,40
2024-07-15,SKU0155,126,74,21.0,40
2024-07-22,SKU0155,122,0,21.0,40
2024-07-29,SKU0155,121,0,21.0,40
2024-08-05,SKU0155,111,0,21.0,40
2024-08-12,SKU0155,101,0,21.0,40
2024-08-19,SKU0155,85,0,21.0,40
2024-08-26,SKU0155,81,0,21.0,40
2024-09-02,SKU0155,69,0,21.0,40
2024-09-09,SKU0155,49,0,21.0,40
2024-09-16,SKU0155,48,0,21.0,40
2024-09-23,SKU0155,45,0,21.0,40
2024-09-30,SKU0155,41,0,21.0,40
2024-10-07,SKU0155,92,0,21.0,40
2024-10-14,SKU0155,85,0,21.0,40
2024-10-21,SKU0155,66,0,21.0,40
2024-10-28,SKU0155,63,0,21.0,40
2024-11-04,SKU0155,47,0,21.0,40
2024-11-11,SKU0155,218,0,21.0,40
2024-11-18,SKU0155,213,0,21.0,40
2024-11-25,SKU0155,205,0,21.0,40
2024-12-02,SKU0155,205,0,21.0,40
2024-12-09,SKU0155,191,0,21.0,40
2024-12-16,SKU0155,176,0,21.0,40
2024-12-23,SKU0155,159,24,21.0,40
2024-12-30,SKU0155,152,0,21.0,40
2025-01-06,SKU0155,144,0,21.0,40
2025-01-13,SKU0155,142,0,21.0,40
2025-01-20,SKU0155,132,0,21.0,40
2025-01-27,SKU0155,120,110,21.0,40
2025-02-03,SKU0155,120,0,21.0,40
2025-02-10,SKU0155,100,0,21.0,40
2025-02-17,SKU0155,92,21,21.0,40
2025-02-24,SKU0155,73,0,21.0,40
2025-03-03,SKU0155,60,118,21.0,40
2025-03-10,SKU0155,40,70,21.0,40
2025-03-17,SKU0155,117,30,21.0,40
2025-03-24,SKU0155,101,45,21.0,40
2025-03-31,SKU0155,100,0,21.0,40
2025-04-07,SKU0155,77,0,21.0,40
2025-04-14,SKU0155,70,0,21.0,40
2025-04-21,SKU0155,48,28,21.0,40
2025-04-28,SKU0155,34,42,21.0,40
2025-05-05,SKU0155,19,0,21.0,40
2025-05-12,SKU0155,195,0,21.0,40
2025-05-19,SKU0155,176,0,21.0,40
2025-05-26,SKU0155,157,0,21.0,40
2025-06-02,SKU0155,136,42,21.0,40
2025-06-09,SKU0155,116,0,21.0,40
2025-06-16,SKU0155,102,109,21.0,40
2025-06-23,SKU0155,80,0,21.0,40
2025-06-30,SKU0155,75,0,21.0,40
2025-07-07,SKU0155,74,13,21.0,40
2025-07-14,SKU0155,64,0,21.0,40
2025-07-21,SKU0155,45,0,21.0,40
2025-07-28,SKU0155,28,0,21.0,40
2025-08-04,SKU0155,162,0,21.0,40
2025-08-11,SKU0155,162,0,21.0,40
2025-08-18,SKU0155,155,0,21.0,40
2025-08-25,SKU0155,151,83,21.0,40
2025-09-01,SKU0155,148,53,21.0,40
2025-09-08,SKU0155,134,54,21.0,40
2025-09-15,SKU0155,128,0,21.0,40
2025-09-22,SKU0155,115,90,21.0,40
2025-09-29,SKU0155,113,3,21.0,40
2024-01-01,SKU0156,281,69,36.0,72
2024-01-08,SKU0156,278,0,36.0,72
2024-01-15,SKU0156,269,78,36.0,72
2024-01-22,SKU0156,264,98,36.0,72
2024-01-29,SKU0156,258,0,36.0,72
2024-02-05,SKU0156,253,0,36.0,72
2024-02-12,SKU0156,239,69,36.0,72
2024-02-19,SKU0156,230,22,36.0,72
2024-02-26,SKU0156,219,0,36.0,72
2024-03-04,SKU0156,198,0,36.0,72
2024-03-11,SKU0156,183,84,36.0,72
2024-03-18,SKU0156,167,0,36.0,72
2024-03-25,SKU0156,159,0,36.0,72
2024-04-01,SKU0156,139,0,36.0,72
2024-04-08,SKU0156,127,46,36.0,72
2024-04-15,SKU0156,124,0,36.0,72
2024-04-22,SKU0156,109,0,36.0,72
2024-04-29,SKU0156,104,0,36.0,72
2024-05-06,SKU0156,83,0,36.0,72
2024-05-13,SKU0156,60,0,36.0,72
2024-05-20,SKU0156,39,0,36.0,72
2024-05-27,SKU0156,211,0,36.0,72
2024-06-03,SKU0156,191,0,36.0,72
2024-06-10,SKU0156,177,48,36.0,72
2024-06-17,SKU0156,173,0,36.0,72
2024-06-24,SKU0156,168,0,36.0,72
2024-07-01,SKU0156,157,0,36.0,72
2024-07-08,SKU0156,153,0,36.0,72
2024-07-15,SKU0156,144,101,36.0,72
2024-07-22,SKU0156,144,0,36.0,72
2024-07-29,SKU0156,144,62,36.0,72
2024-08-05,SKU0156,131,0,36.0,72
2024-08-12,SKU0156,110,19,36.0,72
2024-08-19,SKU0156,86,0,36.0,72
2024-08-26,SKU0156,81,0,36.0,72
2024-09-02,SKU0156,74,0,36.0,72
2024-09-09,SKU0156,227,0,36.0,72
2024-09-16,SKU0156,206,0,36.0,72
2024-09-23,SKU0156,186,0,36.0,72
2024-09-30,SKU0156,174,0,36.0,72
2024-10-07,SKU0156,168,0,36.0,72
2024-10-14,SKU0156,145,0,36.0,72
2024-10-21,SKU0156,132,0,36.0,72
2024-10-28,SKU0156,120,13,36.0,72
2024-11-04,SKU0156,105,0,36.0,72
2024-11-11,SKU0156,90,0,36.0,72
2024-11-18,SKU0156,80,31,36.0,72
2024-11-25,SKU0156,80,0,36.0,72
2024-12-02,SKU0156,134,0,36.0,72
2024-12-09,SKU0156,111,0,36.0,72
2024-12-16,SKU0156,107,0,36.0,72
2024-12-23,SKU0156,94,0,36.0,72
2024-12-30,SKU0156,81,0,36.0,72
2025-01-06,SKU0156,76,0,36.0,72
2025-01-13,SKU0156,241,0,36.0,72
2025-01-20,SKU0156,229,76,36.0,72
2025-01-27,SKU0156,226,0,36.0,72
2025-02-03,SKU0156,214,0,36.0,72
2025-02-10,SKU0156,199,0,36.0,72
2025-02-17,SKU0156,195,0,36.0,72
2025-02-24,SKU0156,177,15,36.0,72
2025-03-03,SKU0156,174,0,36.0,72
2025-03-10,SKU0156,168,0,36.0,72
2025-03-17,SKU0156,154,68,36.0,72
2025-03-24,SKU0156,144,0,36.0,72
2025-03-31,SKU0156,138,0,36.0,72
2025-04-07,SKU0156,127,0,36.0,72
2025-04-14,SKU0156,115,0,36.0,72
2025-04-21,SKU0156,96,0,36.0,72
2025-04-28,SKU0156,86,58,36.0,72
2025-05-05,SKU0156,80,0,36.0,72
2025-05-12,SKU0156,78,0,36.0,72
2025-05-19,SKU0156,64,0,36.0,72
2025-05-26,SKU0156,42,72,36.0,72
2025-06-02,SKU0156,23,0,36.0,72
2025-06-09,SKU0156,1,117,36.0,72
2025-06-16,SKU0156,111,0,36.0,72
2025-06-23,SKU0156,110,0,36.0,72
2025-06-30,SKU0156,95,0,36.0,72
2025-07-07,SKU0156,91,0,36.0,72
2025-07-14,SKU0156,90,0,36.0,72
2025-07-21,SKU0156,85,0,36.0,72
2025-07-28,SKU0156,81,0,36.0,72
2025-08-04,SKU0156,133,0,36.0,72
2025-08-11,SKU0156,132,30,36.0,72
2025-08-18,SKU0156,130,0,36.0,72
2025-08-25,SKU0156,128,64,36.0,72
2025-09-01,SKU0156,124,107,36.0,72
2025-09-08,SKU0156,124,0,36.0,72
2025-09-15,SKU0156,113,0,36.0,72
2025-09-22,SKU0156,104,0,36.0,72
2025-09-29,SKU0156,96,0,36.0,72
2024-01-01,SKU0157,246,0,25.0,12
2024-01-08,SKU0157,244,70,25.0,12
2024-01-15,SKU0157,239,0,25.0,12
2024-01-22,SKU0157,231,55,25.0,12
2024-01-29,SKU0157,227,13,25.0,12
2024-02-05,SKU0157,209,0,25.0,12
2024-02-12,SKU0157,193,26,25.0,12
2024-02-19,SKU0157,174,0,25.0,12
2024-02-26,SKU0157,153,0,25.0,12
2024-03-04,SKU0157,140,0,25.0,12
2024-03-11,SKU0157,140,0,25.0,12
2024-03-18,SKU0157,131,0,25.0,12
2024-03-25,SKU0157,113,0,25.0,12
2024-04-01,SKU0157,111,87,25.0,12
2024-04-08,SKU0157,108,62,25.0,12
2024-04-15,SKU0157,95,0,25.0,12
2024-04-22,SKU0157,82,0,25.0,12
2024-04-29,SKU0157,58,0,25.0,12
2024-05-06,SKU0157,36,0,25.0,12
2024-05-13,SKU0157,26,0,25.0,12
2024-05-20,SKU0157,16,111,25.0,12
2024-05-27,SKU0157,116,0,25.0,12
2024-06-03,SKU0157,108,0,25.0,12
2024-06-10,SKU0157,92,92,25.0,12
2024-06-17,SKU0157,79,16,25.0,12
2024-06-24,SKU0157,72,0,25.0,12
2024-07-01,SKU0157,54,0,25.0,12
2024-07-08,SKU0157,41,1,25.0,12
2024-07-15,SKU0157,30,0,25.0,12
2024-07-22,SKU0157,28,0,25.0,12
2024-07-29,SKU0157,140,0,25.0,12
2024-08-05,SKU0157,131,105,25.0,12
2024-08-12,SKU0157,130,25,25.0,12
2024-08-19,SKU0157,111,0,25.0,12
2024-08-26,SKU0157,111,85,25.0,12
2024-09-02,SKU0157,110,31,25.0,12
2024-09-09,SKU0157,110,29,25.0,12
2024-09-16,SKU0157,94,0,25.0,12
2024-09-23,SKU0157,86,0,25.0,12
2024-09-30,SKU0157,68,0,25.0,12
2024-10-07,SKU0157,52,0,25.0,12
2024-10-14,SKU0157,28,0,25.0,12
2024-10-21,SKU0157,10,0,25.0,12
2024-10-28,SKU0157,144,0,25.0,12
2024-11-04,SKU0157,128,0,25.0,12
2024-11-11,SKU0157,107,0,25.0,12
2024-11-18,SKU0157,96,0,25.0,12
2024-11-25,SKU0157,76,0,25.0,12
2024-12-02,SKU0157,64,0,25.0,12
2024-12-09,SKU0157,42,0,25.0,12
2024-12-16,SKU0157,26,0,25.0,12
2024-12-23,SKU0157,19,66,25.0,12
2024-12-30,SKU0157,180,3,25.0,12
2025-01-06,SKU0157,166,88,25.0,12
2025-01-13,SKU0157,147,0,25.0,12
2025-01-20,SKU0157,132,0,25.0,12
2025-01-27,SKU0157,126,0,25.0,12
2025-02-03,SKU0157,122,0,25.0,12
2025-02-10,SKU0157,108,0,25.0,12
2025-02-17,SKU0157,102,0,25.0,12
2025-02-24,SKU0157,90,0,25.0,12
2025-03-03,SKU0157,75,0,25.0,12
2025-03-10,SKU0157,63,0,25.0,12
2025-03-17,SKU0157,49,26,25.0,12
2025-03-24,SKU0157,30,0,25.0,12
2025-03-31,SKU0157,22,0,25.0,12
2025-04-07,SKU0157,166,0,25.0,12
2025-04-14,SKU0157,160,0,25.0,12
2025-04-21,SKU0157,157,74,25.0,12
2025-04-28,SKU0157,145,0,25.0,12
2025-05-05,SKU0157,142,0,25.0,12
2025-05-12,SKU0157,124,0,25.0,12
2025-05-19,SKU0157,121,0,25.0,12
2025-05-26,SKU0157,121,0,25.0,12
2025-06-02,SKU0157,118,78,25.0,12
2025-06-09,SKU0157,104,0,25.0,12
2025-06-16,SKU0157,102,0,25.0,12
2025-06-23,SKU0157,99,0,25.0,12
2025-06-30,SKU0157,78,0,25.0,12
2025-07-07,SKU0157,72,63,25.0,12
2025-07-14,SKU0157,49,0,25.0,12
2025-07-21,SKU0157,37,0,25.0,12
2025-07-28,SKU0157,32,0,25.0,12
2025-08-04,SKU0157,16,82,25.0,12
2025-08-11,SKU0157,16,0,25.0,12
2025-08-18,SKU0157,0,0,25.0,12
2025-08-25,SKU0157,114,0,25.0,12
2025-09-01,SKU0157,94,0,25.0,12
2025-09-08,SKU0157,74,0,25.0,12
2025-09-15,SKU0157,58,0,25.0,12
2025-09-22,SKU0157,36,0,25.0,12
2025-09-29,SKU0157,32,57,25.0,12
2024-01-01,SKU0158,103,0,39.0,41
2024-01-08,SKU0158,102,0,39.0,41
2024-01-15,SKU0158,99,0,39.0,41
2024-01-22,SKU0158,75,0,39.0,41
2024-01-29,SKU0158,62,0,39.0,41
2024-02-05,SKU0158,47,110,39.0,41
2024-02-12,SKU0158,42,5,39.0,41
2024-02-19,SKU0158,167,5,39.0,41
2024-02-26,SKU0158,164,0,39.0,41
2024-03-04,SKU0158,157,0,39.0,41
2024-03-11,SKU0158,156,0,39.0,41
2024-03-18,SKU0158,132,113,39.0,41
2024-03-25,SKU0158,111,20,39.0,41
2024-04-01,SKU0158,109,0,39.0,41
2024-04-08,SKU0158,98,0,39.0,41
2024-04-15,SKU0158,84,106,39.0,41
2024-04-22,SKU0158,67,90,39.0,41
2024-04-29,SKU0158,48,0,39.0,41
2024-05-06,SKU0158,44,0,39.0,41
2024-05-13,SKU0158,34,0,39.0,41
2024-05-20,SKU0158,181,0,39.0,41
2024-05-27,SKU0158,168,0,39.0,41
2024-06-03,SKU0158,153,0,39.0,41
2024-06-10,SKU0158,139,0,39.0,41
2024-06-17,SKU0158,127,0,39.0,41
2024-06-24,SKU0158,112,31,39.0,41
2024-07-01,SKU0158,89,0,39.0,41
2024-07-08,SKU0158,84,0,39.0,41
2024-07-15,SKU0158,64,100,39.0,41
2024-07-22,SKU0158,56,0,39.0,41
2024-07-29,SKU0158,45,74,39.0,41
2024-08-05,SKU0158,153,55,39.0,41
2024-08-12,SKU0158,150,0,39.0,41
2024-08-19,SKU0158,149,0,39.0,41
2024-08-26,SKU0158,134,6,39.0,41
2024-09-02,SKU0158,112,0,39.0,41
2024-09-09,SKU0158,100,82,39.0,41
2024-09-16,SKU0158,88,0,39.0,41
2024-09-23,SKU0158,69,0,39.0,41
2024-09-30,SKU0158,46,20,39.0,41
2024-10-07,SKU0158,37,91,39.0,41
2024-10-14,SKU0158,122,0,39.0,41
2024-10-21,SKU0158,116,10,39.0,41
2024-10-28,SKU0158,115,0,39.0,41
2024-11-04,SKU0158,99,0,39.0,41
2024-11-11,SKU0158,92,89,39.0,41
2024-11-18,SKU0158,72,0,39.0,41
2024-11-25,SKU0158,59,0,39.0,41
2024-12-02,SKU0158,46,68,39.0,41
2024-12-09,SKU0158,37,0,39.0,41
2024-12-16,SKU0158,18,0,39.0,41
2024-12-23,SKU0158,198,52,39.0,41
2024-12-30,SKU0158,195,0,39.0,41
2025-01-06,SKU0158,194,0,39.0,41
2025-01-13,SKU0158,185,0,39.0,41
2025-01-20,SKU0158,163,113,39.0,41
2025-01-27,SKU0158,154,0,39.0,41
2025-02-03,SKU0158,152,97,39.0,41
2025-02-10,SKU0158,148,0,39.0,41
2025-02-17,SKU0158,144,0,39.0,41
2025-02-24,SKU0158,144,0,39.0,41
2025-03-03,SKU0158,120,0,39.0,41
2025-03-10,SKU0158,96,0,39.0,41
2025-03-17,SKU0158,90,0,39.0,41
2025-03-24,SKU0158,74,0,39.0,41
2025-03-31,SKU0158,51,28,39.0,41
2025-04-07,SKU0158,45,0,39.0,41
2025-04-14,SKU0158,38,0,39.0,41
2025-04-21,SKU0158,22,0,39.0,41
2025-04-28,SKU0158,175,0,39.0,41
2025-05-05,SKU0158,152,0,39.0,41
2025-05-12,SKU0158,129,0,39.0,41
2025-05-19,SKU0158,123,60,39.0,41
2025-05-26,SKU0158,112,0,39.0,41
2025-06-02,SKU0158,103,0,39.0,41
2025-06-09,SKU0158,92,59,39.0,41
2025-06-16,SKU0158,68,15,39.0,41
2025-06-23,SKU0158,62,56,39.0,41
2025-06-30,SKU0158,52,6,39.0,41
2025-07-07,SKU0158,41,59,39.0,41
2025-07-14,SKU0158,215,107,39.0,41
2025-07-21,SKU0158,212,0,39.0,41
2025-07-28,SKU0158,209,0,39.0,41
2025-08-04,SKU0158,199,0,39.0,41
2025-08-11,SKU0158,175,0,39.0,41
2025-08-18,SKU0158,167,0,39.0,41
2025-08-25,SKU0158,166,0,39.0,41
2025-09-01,SKU0158,147,0,39.0,41
2025-09-08,SKU0158,139,0,39.0,41
2025-09-15,SKU0158,129,0,39.0,41
2025-09-22,SKU0158,125,0,39.0,41
2025-09-29,SKU0158,116,0,39.0,41
2024-01-01,SKU0159,96,0,22.0,24
2024-01-08,SKU0159,95,85,22.0,24
2024-01-15,SKU0159,82,0,22.0,24
2024-01-22,SKU0159,64,0,22.0,24
2024-01-29,SKU0159,57,73,22.0,24
2024-02-05,SKU0159,47,0,22.0,24
2024-02-12,SKU0159,31,0,22.0,24
2024-02-19,SKU0159,30,0,22.0,24
2024-02-26,SKU0159,19,0,22.0,24
2024-03-04,SKU0159,106,0,22.0,24
2024-03-11,SKU0159,106,0,22.0,24
2024-03-18,SKU0159,86,0,22.0,24
2024-03-25,SKU0159,77,0,22.0,24
2024-04-01,SKU0159,56,0,22.0,24
2024-04-08,SKU0159,32,92,22.0,24
2024-04-15,SKU0159,13,20,22.0,24
2024-04-22,SKU0159,131,0,22.0,24
2024-04-29,SKU0159,123,0,22.0,24
2024-05-06,SKU0159,122,0,22.0,24
2024-05-13,SKU0159,109,7,22.0,24
2024-05-20,SKU0159,105,78,22.0,24
2024-05-27,SKU0159,82,0,22.0,24
2024-06-03,SKU0159,69,0,22.0,24
2024-06-10,SKU0159,49,0,22.0,24
2024-06-17,SKU0159,32,5,22.0,24
2024-06-24,SKU0159,8,0,22.0,24
2024-07-01,SKU0159,144,0,22.0,24
2024-07-08,SKU0159,122,0,22.0,24
2024-07-15,SKU0159,103,92,22.0,24
2024-07-22,SKU0159,99,0,22.0,24
2024-07-29,SKU0159,86,0,22.0,24
2024-08-05,SKU0159,73,0,22.0,24
2024-08-12,SKU0159,62,0,22.0,24
2024-08-19,SKU0159,51,0,22.0,24
2024-08-26,SKU0159,34,41,22.0,24
2024-09-02,SKU0159,143,16,22.0,24
2024-09-09,SKU0159,140,0,22.0,24
2024-09-16,SKU0159,140,0,22.0,24
2024-09-23,SKU0159,126,0,22.0,24
2024-09-30,SKU0159,115,74,22.0,24
2024-10-07,SKU0159,106,0,22.0,24
2024-10-14,SKU0159,106,0,22.0,24
2024-10-21,SKU0159,104,0,22.0,24
2024-10-28,SKU0159,93,0,22.0,24
2024-11-04,SKU0159,77,78,22.0,24
2024-11-11,SKU0159,54,65,22.0,24
2024-11-18,SKU0159,37,0,22.0,24
2024-11-25,SKU0159,30,0,22.0,24
2024-12-02,SKU0159,77,0,22.0,24
2024-12-09,SKU0159,66,1,22.0,24
2024-12-16,SKU0159,54,0,22.0,24
2024-12-23,SKU0159,34,0,22.0,24
2024-12-30,SKU0159,29,85,22.0,24
2025-01-06,SKU0159,28,0,22.0,24
2025-01-13,SKU0159,16,106,22.0,24
2025-01-20,SKU0159,143,0,22.0,24
2025-01-27,SKU0159,121,0,22.0,24
2025-02-03,SKU0159,117,0,22.0,24
2025-02-10,SKU0159,107,0,22.0,24
2025-02-17,SKU0159,89,0,22.0,24
2025-02-24,SKU0159,67,0,22.0,24
2025-03-03,SKU0159,67,0,22.0,24
2025-03-10,SKU0159,60,76,22.0,24
2025-03-17,SKU0159,47,0,22.0,24
2025-03-24,SKU0159,25,0,22.0,24
2025-03-31,SKU0159,24,0,22.0,24
2025-04-07,SKU0159,208,0,22.0,24
2025-04-14,SKU0159,187,0,22.0,24
2025-04-21,SKU0159,185,0,22.0,24
2025-04-28,SKU0159,179,12,22.0,24
2025-05-05,SKU0159,166,43,22.0,24
2025-05-12,SKU0159,156,63,22.0,24
2025-05-19,SKU0159,135,49,22.0,24
2025-05-26,SKU0159,134,0,22.0,24
2025-06-02,SKU0159,113,83,22.0,24
2025-06-09,SKU0159,98,56,22.0,24
2025-06-16,SKU0159,97,85,22.0,24
2025-06-23,SKU0159,77,0,22.0,24
2025-06-30,SKU0159,70,0,22.0,24
2025-07-07,SKU0159,50,0,22.0,24
2025-07-14,SKU0159,42,0,22.0,24
2025-07-21,SKU0159,40,0,22.0,24
2025-07-28,SKU0159,40,0,22.0,24
2025-08-04,SKU0159,33,0,22.0,24
2025-08-11,SKU0159,13,0,22.0,24
2025-08-18,SKU0159,7,96,22.0,24
2025-08-25,SKU0159,77,110,22.0,24
2025-09-01,SKU0159,65,69,22.0,24
2025-09-08,SKU0159,44,0,22.0,24
2025-09-15,SKU0159,44,0,22.0,24
2025-09-22,SKU0159,22,0,22.0,24
2025-09-29,SKU0159,13,0,22.0,24
2024-01-01,SKU0160,44,86,27.0,38
2024-01-08,SKU0160,119,0,27.0,38
2024-01-15,SKU0160,99,0,27.0,38
2024-01-22,SKU0160,94,0,27.0,38
2024-01-29,SKU0160,93,0,27.0,38
2024-02-05,SKU0160,75,0,27.0,38
2024-02-12,SKU0160,61,0,27.0,38
2024-02-19,SKU0160,52,0,27.0,38
2024-02-26,SKU0160,36,86,27.0,38
2024-03-04,SKU0160,13,0,27.0,38
2024-03-11,SKU0160,78,0,27.0,38
2024-03-18,SKU0160,65,0,27.0,38
2024-03-25,SKU0160,60,0,27.0,38
2024-04-01,SKU0160,53,0,27.0,38
2024-04-08,SKU0160,49,0,27.0,38
2024-04-15,SKU0160,36,22,27.0,38
2024-04-22,SKU0160,158,0,27.0,38
2024-04-29,SKU0160,157,0,27.0,38
2024-05-06,SKU0160,137,0,27.0,38
2024-05-13,SKU0160,126,40,27.0,38
2024-05-20,SKU0160,112,0,27.0,38
2024-05-27,SKU0160,103,0,27.0,38
2024-06-03,SKU0160,99,0,27.0,38
2024-06-10,SKU0160,92,0,27.0,38
2024-06-17,SKU0160,74,0,27.0,38
2024-06-24,SKU0160,61,0,27.0,38
2024-07-01,SKU0160,39,59,27.0,38
2024-07-08,SKU0160,23,0,27.0,38
2024-07-15,SKU0160,115,22,27.0,38
2024-07-22,SKU0160,96,0,27.0,38
2024-07-29,SKU0160,85,0,27.0,38
2024-08-05,SKU0160,66,0,27.0,38
2024-08-12,SKU0160,43,1,27.0,38
2024-08-19,SKU0160,33,0,27.0,38
2024-08-26,SKU0160,21,99,27.0,38
2024-09-02,SKU0160,18,0,27.0,38
2024-09-09,SKU0160,6,0,27.0,38
2024-09-16,SKU0160,0,0,27.0,38
2024-09-23,SKU0160,113,0,27.0,38
2024-09-30,SKU0160,105,0,27.0,38
2024-10-07,SKU0160,101,0,27.0,38
2024-10-14,SKU0160,99,0,27.0,38
2024-10-21,SKU0160,95,119,27.0,38
2024-10-28,SKU0160,88,0,27.0,38
2024-11-04,SKU0160,68,93,27.0,38
2024-11-11,SKU0160,53,116,27.0,38
2024-11-18,SKU0160,39,0,27.0,38
2024-11-25,SKU0160,109,0,27.0,38
2024-12-02,SKU0160,100,0,27.0,38
2024-12-09,SKU0160,91,12,27.0,38
2024-12-16,SKU0160,74,0,27.0,38
2024-12-23,SKU0160,73,0,27.0,38
2024-12-30,SKU0160,53,0,27.0,38
2025-01-06,SKU0160,49,95,27.0,38
2025-01-13,SKU0160,41,113,27.0,38
2025-01-20,SKU0160,36,0,27.0,38
2025-01-27,SKU0160,30,0,27.0,38
2025-02-03,SKU0160,173,79,27.0,38
2025-02-10,SKU0160,166,100,27.0,38
2025-02-17,SKU0160,144,0,27.0,38
2025-02-24,SKU0160,130,0,27.0,38
2025-03-03,SKU0160,124,23,27.0,38
2025-03-10,SKU0160,107,0,27.0,38
2025-03-17,SKU0160,95,0,27.0,38
2025-03-24,SKU0160,73,48,27.0,38
2025-03-31,SKU0160,57,0,27.0,38
2025-04-07,SKU0160,45,110,27.0,38
2025-04-14,SKU0160,44,0,27.0,38
2025-04-21,SKU0160,137,0,27.0,38
2025-04-28,SKU0160,135,98,27.0,38
2025-05-05,SKU0160,111,0,27.0,38
2025-05-12,SKU0160,89,0,27.0,38
2025-05-19,SKU0160,77,39,27.0,38
2025-05-26,SKU0160,54,0,27.0,38
2025-06-02,SKU0160,131,0,27.0,38
2025-06-09,SKU0160,129,0,27.0,38
2025-06-16,SKU0160,129,34,27.0,38
2025-06-23,SKU0160,108,0,27.0,38
2025-06-30,SKU0160,84,1,27.0,38
2025-07-07,SKU0160,69,0,27.0,38
2025-07-14,SKU0160,63,72,27.0,38
2025-07-21,SKU0160,46,0,27.0,38
2025-07-28,SKU0160,150,69,27.0,38
2025-08-04,SKU0160,134,29,27.0,38
2025-08-11,SKU0160,130,0,27.0,38
2025-08-18,SKU0160,109,0,27.0,38
2025-08-25,SKU0160,109,0,27.0,38
2025-09-01,SKU0160,97,0,27.0,38
2025-09-08,SKU0160,82,0,27.0,38
2025-09-15,SKU0160,70,36,27.0,38
2025-09-22,SKU0160,50,0,27.0,38
2025-09-29,SKU0160,48,0,27.0,38
2024-01-01,SKU0161,164,0,19.0,66
2024-01-08,SKU0161,149,0,19.0,66
2024-01-15,SKU0161,127,58,19.0,66
2024-01-22,SKU0161,106,86,19.0,66
2024-01-29,SKU0161,106,0,19.0,66
2024-02-05,SKU0161,103,110,19.0,66
2024-02-12,SKU0161,97,0,19.0,66
2024-02-19,SKU0161,80,103,19.0,66
2024-02-26,SKU0161,79,20,19.0,66
2024-03-04,SKU0161,57,101,19.0,66
2024-03-11,SKU0161,51,0,19.0,66
2024-03-18,SKU0161,47,0,19.0,66
2024-03-25,SKU0161,118,0,19.0,66
2024-04-01,SKU0161,110,0,19.0,66
2024-04-08,SKU0161,98,0,19.0,66
2024-04-15,SKU0161,82,0,19.0,66
2024-04-22,SKU0161,68,0,19.0,66
2024-04-29,SKU0161,134,0,19.0,66
2024-05-06,SKU0161,129,36,19.0,66
2024-05-13,SKU0161,114,5,19.0,66
2024-05-20,SKU0161,110,0,19.0,66
2024-05-27,SKU0161,91,0,19.0,66
2024-06-03,SKU0161,76,0,19.0,66
2024-06-10,SKU0161,65,0,19.0,66
2024-06-17,SKU0161,197,2,19.0,66
2024-06-24,SKU0161,175,72,19.0,66
2024-07-01,SKU0161,173,0,19.0,66
2024-07-08,SKU0161,173,96,19.0,66
2024-07-15,SKU0161,167,0,19.0,66
2024-07-22,SKU0161,156,0,19.0,66
2024-07-29,SKU0161,137,67,19.0,66
2024-08-05,SKU0161,119,0,19.0,66
2024-08-12,SKU0161,118,0,19.0,66
2024-08-19,SKU0161,108,53,19.0,66
2024-08-26,SKU0161,103,0,19.0,66
2024-09-02,SKU0161,84,0,19.0,66
2024-09-09,SKU0161,78,100,19.0,66
2024-09-16,SKU0161,130,0,19.0,66
2024-09-23,SKU0161,109,21,19.0,66
2024-09-30,SKU0161,91,20,19.0,66
2024-10-07,SKU0161,90,0,19.0,66
2024-10-14,SKU0161,79,0,19.0,66
2024-10-21,SKU0161,62,8,19.0,66
2024-10-28,SKU0161,42,0,19.0,66
2024-11-04,SKU0161,114,0,19.0,66
2024-11-11,SKU0161,112,0,19.0,66
2024-11-18,SKU0161,94,0,19.0,66
2024-11-25,SKU0161,74,0,19.0,66
2024-12-02,SKU0161,197,18,19.0,66
2024-12-09,SKU0161,184,0,19.0,66
2024-12-16,SKU0161,177,0,19.0,66
2024-12-23,SKU0161,166,0,19.0,66
2024-12-30,SKU0161,152,0,19.0,66
2025-01-06,SKU0161,144,0,19.0,66
2025-01-13,SKU0161,133,66,19.0,66
2025-01-20,SKU0161,133,0,19.0,66
2025-01-27,SKU0161,116,5,19.0,66
2025-02-03,SKU0161,93,62,19.0,66
2025-02-10,SKU0161,92,0,19.0,66
2025-02-17,SKU0161,76,0,19.0,66
2025-02-24,SKU0161,189,0,19.0,66
2025-03-03,SKU0161,171,12,19.0,66
2025-03-10,SKU0161,152,81,19.0,66
2025-03-17,SKU0161,144,0,19.0,66
2025-03-24,SKU0161,129,3,19.0,66
2025-03-31,SKU0161,116,0,19.0,66
2025-04-07,SKU0161,95,68,19.0,66
2025-04-14,SKU0161,86,0,19.0,66
2025-04-21,SKU0161,85,0,19.0,66
2025-04-28,SKU0161,67,0,19.0,66
2025-05-05,SKU0161,245,0,19.0,66
2025-05-12,SKU0161,245,0,19.0,66
2025-05-19,SKU0161,242,0,19.0,66
2025-05-26,SKU0161,225,0,19.0,66
2025-06-02,SKU0161,207,0,19.0,66
2025-06-09,SKU0161,184,0,19.0,66
2025-06-16,SKU0161,161,119,19.0,66
2025-06-23,SKU0161,143,0,19.0,66
2025-06-30,SKU0161,125,60,19.0,66
2025-07-07,SKU0161,115,0,19.0,66
2025-07-14,SKU0161,93,73,19.0,66
2025-07-21,SKU0161,76,0,19.0,66
2025-07-28,SKU0161,222,0,19.0,66
2025-08-04,SKU0161,210,58,19.0,66
2025-08-11,SKU0161,205,69,19.0,66
2025-08-18,SKU0161,200,0,19.0,66
2025-08-25,SKU0161,191,74,19.0,66
2025-09-01,SKU0161,179,4,19.0,66
2025-09-08,SKU0161,175,0,19.0,66
2025-09-15,SKU0161,167,0,19.0,66
2025-09-22,SKU0161,163,0,19.0,66
2025-09-29,SKU0161,139,0,19.0,66
2024-01-01,SKU0162,103,0,16.0,69
2024-01-08,SKU0162,91,40,16.0,69
2024-01-15,SKU0162,81,19,16.0,69
2024-01-22,SKU0162,63,0,16.0,69
2024-01-29,SKU0162,164,73,16.0,69
2024-02-05,SKU0162,155,0,16.0,69
2024-02-12,SKU0162,151,0,16.0,69
2024-02-19,SKU0162,145,0,16.0,69
2024-02-26,SKU0162,143,0,16.0,69
2024-03-04,SKU0162,123,30,16.0,69
2024-03-11,SKU0162,110,0,16.0,69
2024-03-18,SKU0162,110,0,16.0,69
2024-03-25,SKU0162,102,0,16.0,69
2024-04-01,SKU0162,93,0,16.0,69
2024-04-08,SKU0162,70,0,16.0,69
2024-04-15,SKU0162,52,5,16.0,69
2024-04-22,SKU0162,109,93,16.0,69
2024-04-29,SKU0162,103,22,16.0,69
2024-05-06,SKU0162,92,12,16.0,69
2024-05-13,SKU0162,68,118,16.0,69
2024-05-20,SKU0162,52,35,16.0,69
2024-05-27,SKU0162,49,17,16.0,69
2024-06-03,SKU0162,38,8,16.0,69
2024-06-10,SKU0162,30,0,16.0,69
2024-06-17,SKU0162,210,0,16.0,69
2024-06-24,SKU0162,202,0,16.0,69
2024-07-01,SKU0162,183,97,16.0,69
2024-07-08,SKU0162,170,0,16.0,69
2024-07-15,SKU0162,167,0,16.0,69
2024-07-22,SKU0162,150,72,16.0,69
2024-07-29,SKU0162,146,1,16.0,69
2024-08-05,SKU0162,136,75,16.0,69
2024-08-12,SKU0162,121,84,16.0,69
2024-08-19,SKU0162,114,0,16.0,69
2024-08-26,SKU0162,94,71,16.0,69
2024-09-02,SKU0162,94,0,16.0,69
2024-09-09,SKU0162,88,98,16.0,69
2024-09-16,SKU0162,72,0,16.0,69
2024-09-23,SKU0162,203,0,16.0,69
2024-09-30,SKU0162,183,0,16.0,69
2024-10-07,SKU0162,171,0,16.0,69
2024-10-14,SKU0162,149,0,16.0,69
2024-10-21,SKU0162,146,0,16.0,69
2024-10-28,SKU0162,128,106,16.0,69
2024-11-04,SKU0162,111,0,16.0,69
2024-11-11,SKU0162,93,0,16.0,69
2024-11-18,SKU0162,93,94,16.0,69
2024-11-25,SKU0162,71,23,16.0,69
2024-12-02,SKU0162,229,0,16.0,69
2024-12-09,SKU0162,210,0,16.0,69
2024-12-16,SKU0162,201,79,16.0,69
2024-12-23,SKU0162,192,0,16.0,69
2024-12-30,SKU0162,182,0,16.0,69
2025-01-06,SKU0162,172,35,16.0,69
2025-01-13,SKU0162,168,0,16.0,69
2025-01-20,SKU0162,150,0,16.0,69
2025-01-27,SKU0162,139,0,16.0,69
2025-02-03,SKU0162,120,0,16.0,69
2025-02-10,SKU0162,117,86,16.0,69
2025-02-17,SKU0162,101,0,16.0,69
2025-02-24,SKU0162,81,0,16.0,69
2025-03-03,SKU0162,81,0,16.0,69
2025-03-10,SKU0162,62,0,16.0,69
2025-03-17,SKU0162,118,0,16.0,69
2025-03-24,SKU0162,116,0,16.0,69
2025-03-31,SKU0162,108,95,16.0,69
2025-04-07,SKU0162,101,103,16.0,69
2025-04-14,SKU0162,82,0,16.0,69
2025-04-21,SKU0162,78,115,16.0,69
2025-04-28,SKU0162,234,5,16.0,69
2025-05-05,SKU0162,234,102,16.0,69
2025-05-12,SKU0162,215,0,16.0,69
2025-05-19,SKU0162,214,0,16.0,69
2025-05-26,SKU0162,195,0,16.0,69
2025-06-02,SKU0162,191,0,16.0,69
2025-06-09,SKU0162,187,0,16.0,69
2025-06-16,SKU0162,170,0,16.0,69
2025-06-23,SKU0162,163,0,16.0,69
2025-06-30,SKU0162,157,96,16.0,69
2025-07-07,SKU0162,141,0,16.0,69
2025-07-14,SKU0162,117,47,16.0,69
2025-07-21,SKU0162,110,0,16.0,69
2025-07-28,SKU0162,106,0,16.0,69
2025-08-04,SKU0162,84,0,16.0,69
2025-08-11,SKU0162,78,0,16.0,69
2025-08-18,SKU0162,77,0,16.0,69
2025-08-25,SKU0162,185,106,16.0,69
2025-09-01,SKU0162,167,0,16.0,69
2025-09-08,SKU0162,165,0,16.0,69
2025-09-15,SKU0162,145,0,16.0,69
2025-09-22,SKU0162,133,0,16.0,69
2025-09-29,SKU0162,122,3,16.0,69
2024-01-01,SKU0163,136,0,12.0,27
2024-01-08,SKU0163,128,0,12.0,27
2024-01-15,SKU0163,118,0,12.0,27
2024-01-22,SKU0163,111,0,12.0,27
2024-01-29,SKU0163,111,0,12.0,27
2024-02-05,SKU0163,105,67,12.0,27
2024-02-12,SKU0163,105,38,12.0,27
2024-02-19,SKU0163,82,0,12.0,27
2024-02-26,SKU0163,76,26,12.0,27
2024-03-04,SKU0163,64,51,12.0,27
2024-03-11,SKU0163,56,0,12.0,27
2024-03-18,SKU0163,50,0,12.0,27
2024-03-25,SKU0163,32,0,12.0,27
2024-04-01,SKU0163,93,0,12.0,27
2024-04-08,SKU0163,83,0,12.0,27
2024-04-15,SKU0163,72,0,12.0,27
2024-04-22,SKU0163,52,85,12.0,27
2024-04-29,SKU0163,42,0,12.0,27
2024-05-06,SKU0163,38,0,12.0,27
2024-05-13,SKU0163,215,0,12.0,27
2024-05-20,SKU0163,194,0,12.0,27
2024-05-27,SKU0163,178,0,12.0,27
2024-06-03,SKU0163,166,0,12.0,27
2024-06-10,SKU0163,159,0,12.0,27
2024-06-17,SKU0163,151,0,12.0,27
2024-06-24,SKU0163,143,0,12.0,27
2024-07-01,SKU0163,133,0,12.0,27
2024-07-08,SKU0163,133,0,12.0,27
2024-07-15,SKU0163,126,0,12.0,27
2024-07-22,SKU0163,120,0,12.0,27
2024-07-29,SKU0163,106,91,12.0,27
2024-08-05,SKU0163,88,0,12.0,27
2024-08-12,SKU0163,82,0,12.0,27
2024-08-19,SKU0163,58,71,12.0,27
2024-08-26,SKU0163,38,0,12.0,27
2024-09-02,SKU0163,19,0,12.0,27
2024-09-09,SKU0163,80,0,12.0,27
2024-09-16,SKU0163,78,0,12.0,27
2024-09-23,SKU0163,67,0,12.0,27
2024-09-30,SKU0163,49,0,12.0,27
2024-10-07,SKU0163,39,0,12.0,27
2024-10-14,SKU0163,29,0,12.0,27
2024-10-21,SKU0163,26,19,12.0,27
2024-10-28,SKU0163,21,0,12.0,27
2024-11-04,SKU0163,131,0,12.0,27
2024-11-11,SKU0163,109,0,12.0,27
2024-11-18,SKU0163,102,80,12.0,27
2024-11-25,SKU0163,92,0,12.0,27
2024-12-02,SKU0163,75,0,12.0,27
2024-12-09,SKU0163,63,67,12.0,27
2024-12-16,SKU0163,59,0,12.0,27
2024-12-23,SKU0163,46,14,12.0,27
2024-12-30,SKU0163,29,0,12.0,27
2025-01-06,SKU0163,18,0,12.0,27
2025-01-13,SKU0163,146,0,12.0,27
2025-01-20,SKU0163,123,0,12.0,27
2025-01-27,SKU0163,120,0,12.0,27
2025-02-03,SKU0163,107,0,12.0,27
2025-02-10,SKU0163,85,0,12.0,27
2025-02-17,SKU0163,61,88,12.0,27
2025-02-24,SKU0163,59,0,12.0,27
2025-03-03,SKU0163,47,0,12.0,27
2025-03-10,SKU0163,34,111,12.0,27
2025-03-17,SKU0163,31,98,12.0,27
2025-03-24,SKU0163,68,41,12.0,27
2025-03-31,SKU0163,52,0,12.0,27
2025-04-07,SKU0163,36,66,12.0,27
2025-04-14,SKU0163,32,0,12.0,27
2025-04-21,SKU0163,29,113,12.0,27
2025-04-28,SKU0163,153,84,12.0,27
2025-05-05,SKU0163,139,21,12.0,27
2025-05-12,SKU0163,119,23,12.0,27
2025-05-19,SKU0163,109,0,12.0,27
2025-05-26,SKU0163,91,0,12.0,27
2025-06-02,SKU0163,67,80,12.0,27
2025-06-09,SKU0163,50,0,12.0,27
2025-06-16,SKU0163,50,0,12.0,27
2025-06-23,SKU0163,49,0,12.0,27
2025-06-30,SKU0163,43,0,12.0,27
2025-07-07,SKU0163,24,49,12.0,27
2025-07-14,SKU0163,16,109,12.0,27
2025-07-21,SKU0163,5,38,12.0,27
2025-07-28,SKU0163,0,47,12.0,27
2025-08-04,SKU0163,0,0,12.0,27
2025-08-11,SKU0163,99,0,12.0,27
2025-08-18,SKU0163,82,0,12.0,27
2025-08-25,SKU0163,71,0,12.0,27
2025-09-01,SKU0163,51,81,12.0,27
2025-09-08,SKU0163,33,0,12.0,27
2025-09-15,SKU0163,134,0,12.0,27
2025-09-22,SKU0163,122,112,12.0,27
2025-09-29,SKU0163,114,0,12.0,27
2024-01-01,SKU0164,171,0,26.0,10
2024-01-08,SKU0164,151,0,26.0,10
2024-01-15,SKU0164,142,0,26.0,10
2024-01-22,SKU0164,133,0,26.0,10
2024-01-29,SKU0164,115,37,26.0,10
2024-02-05,SKU0164,102,62,26.0,10
2024-02-12,SKU0164,87,110,26.0,10
2024-02-19,SKU0164,65,0,26.0,10
2024-02-26,SKU0164,52,26,26.0,10
2024-03-04,SKU0164,37,22,26.0,10
2024-03-11,SKU0164,16,0,26.0,10
2024-03-18,SKU0164,13,0,26.0,10
2024-03-25,SKU0164,8,0,26.0,10
2024-04-01,SKU0164,184,0,26.0,10
2024-04-08,SKU0164,180,0,26.0,10
2024-04-15,SKU0164,163,0,26.0,10
2024-04-22,SKU0164,152,0,26.0,10
2024-04-29,SKU0164,140,66,26.0,10
2024-05-06,SKU0164,119,0,26.0,10
2024-05-13,SKU0164,100,103,26.0,10
2024-05-20,SKU0164,79,1,26.0,10
2024-05-27,SKU0164,72,0,26.0,10
2024-06-03,SKU0164,66,0,26.0,10
2024-06-10,SKU0164,66,81,26.0,10
2024-06-17,SKU0164,44,0,26.0,10
2024-06-24,SKU0164,21,0,26.0,10
2024-07-01,SKU0164,2,104,26.0,10
2024-07-08,SKU0164,147,94,26.0,10
2024-07-15,SKU0164,141,0,26.0,10
2024-07-22,SKU0164,132,0,26.0,10
2024-07-29,SKU0164,128,0,26.0,10
2024-08-05,SKU0164,106,0,26.0,10
2024-08-12,SKU0164,95,0,26.0,10
2024-08-19,SKU0164,72,0,26.0,10
2024-08-26,SKU0164,50,58,26.0,10
2024-09-02,SKU0164,46,0,26.0,10
2024-09-09,SKU0164,26,0,26.0,10
2024-09-16,SKU0164,23,0,26.0,10
2024-09-23,SKU0164,2,0,26.0,10
2024-09-30,SKU0164,0,0,26.0,10
2024-10-07,SKU0164,0,0,26.0,10
2024-10-14,SKU0164,69,0,26.0,10
2024-10-21,SKU0164,63,73,26.0,10
2024-10-28,SKU0164,47,21,26.0,10
2024-11-04,SKU0164,38,0,26.0,10
2024-11-11,SKU0164,30,40,26.0,10
2024-11-18,SKU0164,11,0,26.0,10
2024-11-25,SKU0164,143,0,26.0,10
2024-12-02,SKU0164,133,0,26.0,10
2024-12-09,SKU0164,121,0,26.0,10
2024-12-16,SKU0164,112,0,26.0,10
2024-12-23,SKU0164,90,0,26.0,10
2024-12-30,SKU0164,76,0,26.0,10
2025-01-06,SKU0164,71,0,26.0,10
2025-01-13,SKU0164,65,10,26.0,10
2025-01-20,SKU0164,42,0,26.0,10
2025-01-27,SKU0164,37,22,26.0,10
2025-02-03,SKU0164,24,0,26.0,10
2025-02-10,SKU0164,11,47,26.0,10
2025-02-17,SKU0164,9,0,26.0,10
2025-02-24,SKU0164,116,8,26.0,10
2025-03-03,SKU0164,108,0,26.0,10
2025-03-10,SKU0164,90,103,26.0,10
2025-03-17,SKU0164,84,16,26.0,10
2025-03-24,SKU0164,62,0,26.0,10
2025-03-31,SKU0164,38,35,26.0,10
2025-04-07,SKU0164,25,0,26.0,10
2025-04-14,SKU0164,126,0,26.0,10
2025-04-21,SKU0164,105,0,26.0,10
2025-04-28,SKU0164,93,0,26.0,10
2025-05-05,SKU0164,78,0,26.0,10
2025-05-12,SKU0164,66,0,26.0,10
2025-05-19,SKU0164,49,0,26.0,10
2025-05-26,SKU0164,37,0,26.0,10
2025-06-02,SKU0164,23,109,26.0,10
2025-06-09,SKU0164,17,0,26.0,10
2025-06-16,SKU0164,114,5,26.0,10
2025-06-23,SKU0164,98,0,26.0,10
2025-06-30,SKU0164,79,0,26.0,10
2025-07-07,SKU0164,69,50,26.0,10
2025-07-14,SKU0164,48,0,26.0,10
2025-07-21,SKU0164,44,65,26.0,10
2025-07-28,SKU0164,39,24,26.0,10
2025-08-04,SKU0164,19,106,26.0,10
2025-08-11,SKU0164,19,0,26.0,10
2025-08-18,SKU0164,11,0,26.0,10
2025-08-25,SKU0164,0,0,26.0,10
2025-09-01,SKU0164,183,0,26.0,10
2025-09-08,SKU0164,180,0,26.0,10
2025-09-15,SKU0164,159,0,26.0,10
2025-09-22,SKU0164,135,70,26.0,10
2025-09-29,SKU0164,131,0,26.0,10
2024-01-01,SKU0165,202,0,27.0,20
2024-01-08,SKU0165,178,0,27.0,20
2024-01-15,SKU0165,167,102,27.0,20
2024-01-22,SKU0165,153,0,27.0,20
2024-01-29,SKU0165,139,0,27.0,20
2024-02-05,SKU0165,135,0,27.0,20
2024-02-12,SKU0165,129,41,27.0,20
2024-02-19,SKU0165,117,55,27.0,20
2024-02-26,SKU0165,115,0,27.0,20
2024-03-04,SKU0165,111,0,27.0,20
2024-03-11,SKU0165,108,0,27.0,20
2024-03-18,SKU0165,96,0,27.0,20
2024-03-25,SKU0165,94,0,27.0,20
2024-04-01,SKU0165,71,0,27.0,20
2024-04-08,SKU0165,62,29,27.0,20
2024-04-15,SKU0165,62,0,27.0,20
2024-04-22,SKU0165,47,0,27.0,20
2024-04-29,SKU0165,47,0,27.0,20
2024-05-06,SKU0165,30,62,27.0,20
2024-05-13,SKU0165,28,0,27.0,20
2024-05-20,SKU0165,14,0,27.0,20
2024-05-27,SKU0165,9,0,27.0,20
2024-06-03,SKU0165,1,0,27.0,20
2024-06-10,SKU0165,148,14,27.0,20
2024-06-17,SKU0165,130,64,27.0,20
2024-06-24,SKU0165,125,0,27.0,20
2024-07-01,SKU0165,115,23,27.0,20
2024-07-08,SKU0165,95,0,27.0,20
2024-07-15,SKU0165,78,0,27.0,20
2024-07-22,SKU0165,75,0,27.0,20
2024-07-29,SKU0165,52,0,27.0,20
2024-08-05,SKU0165,46,21,27.0,20
2024-08-12,SKU0165,37,0,27.0,20
2024-08-19,SKU0165,17,0,27.0,20
2024-08-26,SKU0165,3,0,27.0,20
2024-09-02,SKU0165,201,0,27.0,20
2024-09-09,SKU0165,177,0,27.0,20
2024-09-16,SKU0165,161,0,27.0,20
2024-09-23,SKU0165,142,0,27.0,20
2024-09-30,SKU0165,138,35,27.0,20
2024-10-07,SKU0165,129,0,27.0,20
2024-10-14,SKU0165,111,51,27.0,20
2024-10-21,SKU0165,99,0,27.0,20
2024-10-28,SKU0165,77,0,27.0,20
2024-11-04,SKU0165,75,80,27.0,20
2024-11-11,SKU0165,66,49,27.0,20
2024-11-18,SKU0165,51,60,27.0,20
2024-11-25,SKU0165,35,0,27.0,20
2024-12-02,SKU0165,32,0,27.0,20
2024-12-09,SKU0165,25,0,27.0,20
2024-12-16,SKU0165,5,0,27.0,20
2024-12-23,SKU0165,78,0,27.0,20
2024-12-30,SKU0165,77,0,27.0,20
2025-01-06,SKU0165,70,70,27.0,20
2025-01-13,SKU0165,48,0,27.0,20
2025-01-20,SKU0165,43,0,27.0,20
2025-01-27,SKU0165,40,0,27.0,20
2025-02-03,SKU0165,20,89,27.0,20
2025-02-10,SKU0165,13,0,27.0,20
2025-02-17,SKU0165,108,0,27.0,20
2025-02-24,SKU0165,92,0,27.0,20
2025-03-03,SKU0165,87,0,27.0,20
2025-03-10,SKU0165,69,0,27.0,20
2025-03-17,SKU0165,55,10,27.0,20
2025-03-24,SKU0165,40,0,27.0,20
2025-03-31,SKU0165,26,0,27.0,20
2025-04-07,SKU0165,14,0,27.0,20
2025-04-14,SKU0165,0,26,27.0,20
2025-04-21,SKU0165,180,0,27.0,20
2025-04-28,SKU0165,156,0,27.0,20
2025-05-05,SKU0165,156,0,27.0,20
2025-05-12,SKU0165,137,0,27.0,20
2025-05-19,SKU0165,121,0,27.0,20
2025-05-26,SKU0165,101,32,27.0,20
2025-06-02,SKU0165,80,0,27.0,20
2025-06-09,SKU0165,80,0,27.0,20
2025-06-16,SKU0165,78,90,27.0,20
2025-06-23,SKU0165,76,0,27.0,20
2025-06-30,SKU0165,73,0,27.0,20
2025-07-07,SKU0165,61,101,27.0,20
2025-07-14,SKU0165,55,0,27.0,20
2025-07-21,SKU0165,38,0,27.0,20
2025-07-28,SKU0165,31,0,27.0,20
2025-08-04,SKU0165,8,0,27.0,20
2025-08-11,SKU0165,0,0,27.0,20
2025-08-18,SKU0165,0,0,27.0,20
2025-08-25,SKU0165,194,0,27.0,20
2025-09-01,SKU0165,187,102,27.0,20
2025-09-08,SKU0165,163,0,27.0,20
2025-09-15,SKU0165,160,0,27.0,20
2025-09-22,SKU0165,139,0,27.0,20
2025-09-29,SKU0165,139,118,27.0,20
2024-01-01,SKU0166,63,13,24.0,48
2024-01-08,SKU0166,62,0,24.0,48
2024-01-15,SKU0166,57,6,24.0,48
2024-01-22,SKU0166,55,0,24.0,48
2024-01-29,SKU0166,204,0,24.0,48
2024-02-05,SKU0166,197,0,24.0,48
2024-02-12,SKU0166,177,0,24.0,48
2024-02-19,SKU0166,167,0,24.0,48
2024-02-26,SKU0166,147,0,24.0,48
2024-03-04,SKU0166,142,0,24.0,48
2024-03-11,SKU0166,128,0,24.0,48
2024-03-18,SKU0166,120,0,24.0,48
2024-03-25,SKU0166,119,6,24.0,48
2024-04-01,SKU0166,107,0,24.0,48
2024-04-08,SKU0166,100,0,24.0,48
2024-04-15,SKU0166,98,0,24.0,48
2024-04-22,SKU0166,92,0,24.0,48
2024-04-29,SKU0166,68,0,24.0,48
2024-05-06,SKU0166,63,0,24.0,48
2024-05-13,SKU0166,44,0,24.0,48
2024-05-20,SKU0166,35,0,24.0,48
2024-05-27,SKU0166,149,0,24.0,48
2024-06-03,SKU0166,129,0,24.0,48
2024-06-10,SKU0166,126,3,24.0,48
2024-06-17,SKU0166,126,0,24.0,48
2024-06-24,SKU0166,119,3,24.0,48
2024-07-01,SKU0166,102,0,24.0,48
2024-07-08,SKU0166,95,34,24.0,48
2024-07-15,SKU0166,85,61,24.0,48
2024-07-22,SKU0166,62,0,24.0,48
2024-07-29,SKU0166,62,0,24.0,48
2024-08-05,SKU0166,55,0,24.0,48
2024-08-12,SKU0166,104,0,24.0,48
2024-08-19,SKU0166,100,0,24.0,48
2024-08-26,SKU0166,91,0,24.0,48
2024-09-02,SKU0166,70,91,24.0,48
2024-09-09,SKU0166,68,0,24.0,48
2024-09-16,SKU0166,44,99,24.0,48
2024-09-23,SKU0166,100,0,24.0,48
2024-09-30,SKU0166,81,0,24.0,48
2024-10-07,SKU0166,71,46,24.0,48
2024-10-14,SKU0166,65,0,24.0,48
2024-10-21,SKU0166,58,0,24.0,48
2024-10-28,SKU0166,34,0,24.0,48
2024-11-04,SKU0166,22,0,24.0,48
2024-11-11,SKU0166,6,0,24.0,48
2024-11-18,SKU0166,162,0,24.0,48
2024-11-25,SKU0166,150,25,24.0,48
2024-12-02,SKU0166,147,0,24.0,48
2024-12-09,SKU0166,133,0,24.0,48
2024-12-16,SKU0166,131,0,24.0,48
2024-12-23,SKU0166,108,24,24.0,48
2024-12-30,SKU0166,85,36,24.0,48
2025-01-06,SKU0166,72,0,24.0,48
2025-01-13,SKU0166,65,47,24.0,48
2025-01-20,SKU0166,55,61,24.0,48
2025-01-27,SKU0166,128,49,24.0,48
2025-02-03,SKU0166,106,57,24.0,48
2025-02-10,SKU0166,105,0,24.0,48
2025-02-17,SKU0166,94,0,24.0,48
2025-02-24,SKU0166,88,42,24.0,48
2025-03-03,SKU0166,86,0,24.0,48
2025-03-10,SKU0166,84,0,24.0,48
2025-03-17,SKU0166,60,0,24.0,48
2025-03-24,SKU0166,50,0,24.0,48
2025-03-31,SKU0166,227,0,24.0,48
2025-04-07,SKU0166,219,0,24.0,48
2025-04-14,SKU0166,213,0,24.0,48
2025-04-21,SKU0166,210,0,24.0,48
2025-04-28,SKU0166,186,0,24.0,48
2025-05-05,SKU0166,169,0,24.0,48
2025-05-12,SKU0166,145,0,24.0,48
2025-05-19,SKU0166,139,0,24.0,48
2025-05-26,SKU0166,135,0,24.0,48
2025-06-02,SKU0166,126,0,24.0,48
2025-06-09,SKU0166,121,105,24.0,48
2025-06-16,SKU0166,108,0,24.0,48
2025-06-23,SKU0166,88,0,24.0,48
2025-06-30,SKU0166,64,44,24.0,48
2025-07-07,SKU0166,62,0,24.0,48
2025-07-14,SKU0166,56,110,24.0,48
2025-07-21,SKU0166,50,0,24.0,48
2025-07-28,SKU0166,215,0,24.0,48
2025-08-04,SKU0166,193,17,24.0,48
2025-08-11,SKU0166,173,0,24.0,48
2025-08-18,SKU0166,165,58,24.0,48
2025-08-25,SKU0166,153,0,24.0,48
2025-09-01,SKU0166,138,86,24.0,48
2025-09-08,SKU0166,132,0,24.0,48
2025-09-15,SKU0166,114,105,24.0,48
2025-09-22,SKU0166,112,47,24.0,48
2025-09-29,SKU0166,90,0,24.0,48
2024-01-01,SKU0167,157,15,38.0,70
2024-01-08,SKU0167,147,0,38.0,70
2024-01-15,SKU0167,134,50,38.0,70
2024-01-22,SKU0167,117,0,38.0,70
2024-01-29,SKU0167,117,0,38.0,70
2024-02-05,SKU0167,102,0,38.0,70
2024-02-12,SKU0167,86,0,38.0,70
2024-02-19,SKU0167,74,0,38.0,70
2024-02-26,SKU0167,127,32,38.0,70
2024-03-04,SKU0167,117,0,38.0,70
2024-03-11,SKU0167,116,0,38.0,70
2024-03-18,SKU0167,109,59,38.0,70
2024-03-25,SKU0167,96,0,38.0,70
2024-04-01,SKU0167,96,8,38.0,70
2024-04-08,SKU0167,93,0,38.0,70
2024-04-15,SKU0167,82,109,38.0,70
2024-04-22,SKU0167,225,0,38.0,70
2024-04-29,SKU0167,211,0,38.0,70
2024-05-06,SKU0167,195,64,38.0,70
2024-05-13,SKU0167,177,18,38.0,70
2024-05-20,SKU0167,155,0,38.0,70
2024-05-27,SKU0167,142,0,38.0,70
2024-06-03,SKU0167,128,0,38.0,70
2024-06-10,SKU0167,113,0,38.0,70
2024-06-17,SKU0167,99,0,38.0,70
2024-06-24,SKU0167,83,79,38.0,70
2024-07-01,SKU0167,161,119,38.0,70
2024-07-08,SKU0167,158,0,38.0,70
2024-07-15,SKU0167,139,0,38.0,70
2024-07-22,SKU0167,121,0,38.0,70
2024-07-29,SKU0167,115,0,38.0,70
2024-08-05,SKU0167,104,0,38.0,70
2024-08-12,SKU0167,80,0,38.0,70
2024-08-19,SKU0167,70,53,38.0,70
2024-08-26,SKU0167,141,110,38.0,70
2024-09-02,SKU0167,129,40,38.0,70
2024-09-09,SKU0167,127,0,38.0,70
2024-09-16,SKU0167,113,0,38.0,70
2024-09-23,SKU0167,101,0,38.0,70
2024-09-30,SKU0167,97,0,38.0,70
2024-10-07,SKU0167,94,0,38.0,70
2024-10-14,SKU0167,74,0,38.0,70
2024-10-21,SKU0167,132,0,38.0,70
2024-10-28,SKU0167,117,45,38.0,70
2024-11-04,SKU0167,107,103,38.0,70
2024-11-11,SKU0167,105,0,38.0,70
2024-11-18,SKU0167,90,0,38.0,70
2024-11-25,SKU0167,90,0,38.0,70
2024-12-02,SKU0167,88,59,38.0,70
2024-12-09,SKU0167,73,0,38.0,70
2024-12-16,SKU0167,66,0,38.0,70
2024-12-23,SKU0167,63,0,38.0,70
2024-12-30,SKU0167,43,63,38.0,70
2025-01-06,SKU0167,25,27,38.0,70
2025-01-13,SKU0167,25,0,38.0,70
2025-01-20,SKU0167,18,0,38.0,70
2025-01-27,SKU0167,162,0,38.0,70
2025-02-03,SKU0167,161,62,38.0,70
2025-02-10,SKU0167,146,0,38.0,70
2025-02-17,SKU0167,134,52,38.0,70
2025-02-24,SKU0167,112,0,38.0,70
2025-03-03,SKU0167,92,0,38.0,70
2025-03-10,SKU0167,87,0,38.0,70
2025-03-17,SKU0167,72,0,38.0,70
2025-03-24,SKU0167,165,0,38.0,70
2025-03-31,SKU0167,156,75,38.0,70
2025-04-07,SKU0167,141,8,38.0,70
2025-04-14,SKU0167,138,11,38.0,70
2025-04-21,SKU0167,117,0,38.0,70
2025-04-28,SKU0167,100,114,38.0,70
2025-05-05,SKU0167,85,29,38.0,70
2025-05-12,SKU0167,223,0,38.0,70
2025-05-19,SKU0167,203,108,38.0,70
2025-05-26,SKU0167,198,0,38.0,70
2025-06-02,SKU0167,175,0,38.0,70
2025-06-09,SKU0167,168,38,38.0,70
2025-06-16,SKU0167,147,2,38.0,70
2025-06-23,SKU0167,136,0,38.0,70
2025-06-30,SKU0167,113,90,38.0,70
2025-07-07,SKU0167,89,77,38.0,70
2025-07-14,SKU0167,85,111,38.0,70
2025-07-21,SKU0167,71,66,38.0,70
2025-07-28,SKU0167,59,0,38.0,70
2025-08-04,SKU0167,36,0,38.0,70
2025-08-11,SKU0167,204,0,38.0,70
2025-08-18,SKU0167,185,0,38.0,70
2025-08-25,SKU0167,181,0,38.0,70
2025-09-01,SKU0167,166,0,38.0,70
2025-09-08,SKU0167,143,0,38.0,70
2025-09-15,SKU0167,127,9,38.0,70
2025-09-22,SKU0167,120,0,38.0,70
2025-09-29,SKU0167,101,0,,70
2024-01-01,SKU0168,196,80,16.0,54
2024-01-08,SKU0168,187,114,16.0,54
2024-01-15,SKU0168,173,0,16.0,54
2024-01-22,SKU0168,161,0,16.0,54
2024-01-29,SKU0168,139,0,16.0,54
2024-02-05,SKU0168,115,0,16.0,54
2024-02-12,SKU0168,111,0,16.0,54
2024-02-19,SKU0168,107,11,16.0,54
2024-02-26,SKU0168,93,0,16.0,54
2024-03-04,SKU0168,88,0,16.0,54
2024-03-11,SKU0168,77,0,16.0,54
2024-03-18,SKU0168,68,0,16.0,54
2024-03-25,SKU0168,59,0,16.0,54
2024-04-01,SKU0168,58,0,16.0,54
2024-04-08,SKU0168,39,39,16.0,54
2024-04-15,SKU0168,27,65,16.0,54
2024-04-22,SKU0168,200,92,16.0,54
2024-04-29,SKU0168,186,0,16.0,54
2024-05-06,SKU0168,176,106,16.0,54
2024-05-13,SKU0168,170,0,16.0,54
2024-05-20,SKU0168,146,0,16.0,54
2024-05-27,SKU0168,145,0,16.0,54
2024-06-03,SKU0168,130,11,16.0,54
2024-06-10,SKU0168,108,0,16.0,54
2024-06-17,SKU0168,101,0,16.0,54
2024-06-24,SKU0168,86,6,16.0,54
2024-07-01,SKU0168,64,88,16.0,54
2024-07-08,SKU0168,61,110,16.0,54
2024-07-15,SKU0168,235,13,16.0,54
2024-07-22,SKU0168,226,0,16.0,54
2024-07-29,SKU0168,206,0,16.0,54
2024-08-05,SKU0168,197,0,16.0,54
2024-08-12,SKU0168,174,0,16.0,54
2024-08-19,SKU0168,155,0,16.0,54
2024-08-26,SKU0168,147,0,16.0,54
2024-09-02,SKU0168,129,5,16.0,54
2024-09-09,SKU0168,111,0,16.0,54
2024-09-16,SKU0168,87,105,16.0,54
2024-09-23,SKU0168,66,0,16.0,54
2024-09-30,SKU0168,51,0,16.0,54
2024-10-07,SKU0168,141,68,16.0,54
2024-10-14,SKU0168,122,0,16.0,54
2024-10-21,SKU0168,98,14,16.0,54
2024-10-28,SKU0168,84,0,16.0,54
2024-11-04,SKU0168,67,45,16.0,54
2024-11-11,SKU0168,58,0,16.0,54
2024-11-18,SKU0168,55,0,16.0,54
2024-11-25,SKU0168,173,0,16.0,54
2024-12-02,SKU0168,171,41,16.0,54
2024-12-09,SKU0168,168,49,16.0,54
2024-12-16,SKU0168,156,0,16.0,54
2024-12-23,SKU0168,137,0,16.0,54
2024-12-30,SKU0168,113,0,16.0,54
2025-01-06,SKU0168,111,0,16.0,54
2025-01-13,SKU0168,101,0,16.0,54
2025-01-20,SKU0168,85,0,16.0,54
2025-01-27,SKU0168,71,0,16.0,54
2025-02-03,SKU0168,65,100,16.0,54
2025-02-10,SKU0168,187,0,16.0,54
2025-02-17,SKU0168,175,0,16.0,54
2025-02-24,SKU0168,156,0,16.0,54
2025-03-03,SKU0168,137,0,16.0,54
2025-03-10,SKU0168,124,0,16.0,54
2025-03-17,SKU0168,101,17,16.0,54
2025-03-24,SKU0168,93,111,16.0,54
2025-03-31,SKU0168,71,0,16.0,54
2025-04-07,SKU0168,223,0,16.0,54
2025-04-14,SKU0168,217,0,16.0,54
2025-04-21,SKU0168,203,42,16.0,54
2025-04-28,SKU0168,195,0,16.0,54
2025-05-05,SKU0168,175,0,16.0,54
2025-05-12,SKU0168,153,94,16.0,54
2025-05-19,SKU0168,147,0,16.0,54
2025-05-26,SKU0168,145,0,16.0,54
2025-06-02,SKU0168,132,0,16.0,54
2025-06-09,SKU0168,111,0,16.0,54
2025-06-16,SKU0168,104,0,16.0,54
2025-06-23,SKU0168,87,0,16.0,54
2025-06-30,SKU0168,85,76,16.0,54
2025-07-07,SKU0168,82,118,16.0,54
2025-07-14,SKU0168,68,95,16.0,54
2025-07-21,SKU0168,62,0,16.0,54
2025-07-28,SKU0168,51,0,16.0,54
2025-08-04,SKU0168,37,0,16.0,54
2025-08-11,SKU0168,18,0,16.0,54
2025-08-18,SKU0168,14,0,16.0,54
2025-08-25,SKU0168,0,0,16.0,54
2025-09-01,SKU0168,0,0,16.0,54
2025-09-08,SKU0168,0,0,16.0,54
2025-09-15,SKU0168,0,93,16.0,54
2025-09-22,SKU0168,0,37,16.0,54
2025-09-29,SKU0168,0,115,16.0,54
2024-01-01,SKU0169,97,70,15.0,33
2024-01-08,SKU0169,94,25,15.0,33
2024-01-15,SKU0169,71,0,15.0,33
2024-01-22,SKU0169,54,0,15.0,33
2024-01-29,SKU0169,47,60,15.0,33
2024-02-05,SKU0169,36,0,15.0,33
2024-02-12,SKU0169,12,80,15.0,33
2024-02-19,SKU0169,140,0,15.0,33
2024-02-26,SKU0169,119,0,15.0,33
2024-03-04,SKU0169,119,0,15.0,33
2024-03-11,SKU0169,111,0,15.0,33
2024-03-18,SKU0169,110,62,15.0,33
2024-03-25,SKU0169,103,0,15.0,33
2024-04-01,SKU0169,84,0,15.0,33
2024-04-08,SKU0169,76,25,15.0,33
2024-04-15,SKU0169,67,0,15.0,33
2024-04-22,SKU0169,43,0,15.0,33
2024-04-29,SKU0169,40,15,15.0,33
2024-05-06,SKU0169,96,0,15.0,33
2024-05-13,SKU0169,80,106,15.0,33
2024-05-20,SKU0169,64,0,15.0,33
2024-05-27,SKU0169,48,0,15.0,33
2024-06-03,SKU0169,41,0,15.0,33
2024-06-10,SKU0169,41,6,15.0,33
2024-06-17,SKU0169,39,0,15.0,33
2024-06-24,SKU0169,15,37,15.0,33
2024-07-01,SKU0169,0,0,15.0,33
2024-07-08,SKU0169,96,0,15.0,33
2024-07-15,SKU0169,80,67,15.0,33
2024-07-22,SKU0169,64,10,15.0,33
2024-07-29,SKU0169,54,0,15.0,33
2024-08-05,SKU0169,39,0,15.0,33
2024-08-12,SKU0169,24,0,15.0,33
2024-08-19,SKU0169,154,0,15.0,33
2024-08-26,SKU0169,154,117,15.0,33
2024-09-02,SKU0169,130,0,15.0,33
2024-09-09,SKU0169,130,70,15.0,33
2024-09-16,SKU0169,128,0,15.0,33
2024-09-23,SKU0169,108,0,15.0,33
2024-09-30,SKU0169,89,0,15.0,33
2024-10-07,SKU0169,74,0,15.0,33
2024-10-14,SKU0169,67,26,15.0,33
2024-10-21,SKU0169,56,20,15.0,33
2024-10-28,SKU0169,34,0,15.0,33
2024-11-04,SKU0169,23,0,15.0,33
2024-11-11,SKU0169,122,0,15.0,33
2024-11-18,SKU0169,100,0,15.0,33
2024-11-25,SKU0169,93,96,15.0,33
2024-12-02,SKU0169,76,0,15.0,33
2024-12-09,SKU0169,70,0,15.0,33
2024-12-16,SKU0169,60,88,15.0,33
2024-12-23,SKU0169,49,40,15.0,33
2024-12-30,SKU0169,33,0,15.0,33
2025-01-06,SKU0169,9,27,15.0,33
2025-01-13,SKU0169,5,0,15.0,33
2025-01-20,SKU0169,172,0,15.0,33
2025-01-27,SKU0169,158,0,15.0,33
2025-02-03,SKU0169,156,0,15.0,33
2025-02-10,SKU0169,144,0,15.0,33
2025-02-17,SKU0169,138,0,15.0,33
2025-02-24,SKU0169,130,0,15.0,33
2025-03-03,SKU0169,116,0,15.0,33
2025-03-10,SKU0169,102,0,15.0,33
2025-03-17,SKU0169,87,0,15.0,33
2025-03-24,SKU0169,75,0,15.0,33
2025-03-31,SKU0169,51,0,15.0,33
2025-04-07,SKU0169,142,0,15.0,33
2025-04-14,SKU0169,129,0,15.0,33
2025-04-21,SKU0169,105,0,15.0,33
2025-04-28,SKU0169,90,0,15.0,33
2025-05-05,SKU0169,72,0,15.0,33
2025-05-12,SKU0169,58,0,15.0,33
2025-05-19,SKU0169,34,0,15.0,33
2025-05-26,SKU0169,33,0,15.0,33
2025-06-02,SKU0169,207,0,15.0,33
2025-06-09,SKU0169,202,56,15.0,33
2025-06-16,SKU0169,183,114,15.0,33
2025-06-23,SKU0169,161,0,15.0,33
2025-06-30,SKU0169,158,0,15.0,33
2025-07-07,SKU0169,158,0,15.0,33
2025-07-14,SKU0169,151,0,15.0,33
2025-07-21,SKU0169,142,0,15.0,33
2025-07-28,SKU0169,141,48,15.0,33
2025-08-04,SKU0169,134,0,15.0,33
2025-08-11,SKU0169,122,72,15.0,33
2025-08-18,SKU0169,104,0,15.0,33
2025-08-25,SKU0169,84,15,15.0,33
2025-09-01,SKU0169,84,0,15.0,33
2025-09-08,SKU0169,64,0,15.0,33
2025-09-15,SKU0169,49,0,15.0,33
2025-09-22,SKU0169,40,0,15.0,33
2025-09-29,SKU0169,25,0,15.0,33
2024-01-01,SKU0170,84,0,40.0,48
2024-01-08,SKU0170,82,0,40.0,48
2024-01-15,SKU0170,63,0,40.0,48
2024-01-22,SKU0170,160,0,40.0,48
2024-01-29,SKU0170,155,0,40.0,48
2024-02-05,SKU0170,146,78,40.0,48
2024-02-12,SKU0170,131,0,40.0,48
2024-02-19,SKU0170,107,0,40.0,48
2024-02-26,SKU0170,103,0,40.0,48
2024-03-04,SKU0170,90,0,40.0,48
2024-03-11,SKU0170,90,0,40.0,48
2024-03-18,SKU0170,73,0,40.0,48
2024-03-25,SKU0170,55,13,40.0,48
2024-04-01,SKU0170,127,35,40.0,48
2024-04-08,SKU0170,124,0,40.0,48
2024-04-15,SKU0170,118,29,40.0,48
2024-04-22,SKU0170,114,0,40.0,48
2024-04-29,SKU0170,107,0,40.0,48
2024-05-06,SKU0170,100,0,40.0,48
2024-05-13,SKU0170,97,0,40.0,48
2024-05-20,SKU0170,96,0,,48
2024-05-27,SKU0170,76,0,40.0,48
2024-06-03,SKU0170,66,0,40.0,48
2024-06-10,SKU0170,59,0,40.0,48
2024-06-17,SKU0170,50,0,40.0,48
2024-06-24,SKU0170,26,23,40.0,48
2024-07-01,SKU0170,199,36,40.0,48
2024-07-08,SKU0170,199,0,40.0,48
2024-07-15,SKU0170,184,0,40.0,48
2024-07-22,SKU0170,177,62,40.0,48
2024-07-29,SKU0170,170,0,40.0,48
2024-08-05,SKU0170,153,0,40.0,48
2024-08-12,SKU0170,143,37,40.0,48
2024-08-19,SKU0170,136,74,40.0,48
2024-08-26,SKU0170,130,0,40.0,48
2024-09-02,SKU0170,122,0,40.0,48
2024-09-09,SKU0170,100,91,40.0,48
2024-09-16,SKU0170,86,0,40.0,48
2024-09-23,SKU0170,70,0,40.0,48
2024-09-30,SKU0170,67,52,40.0,48
2024-10-07,SKU0170,63,0,40.0,48
2024-10-14,SKU0170,60,0,40.0,48
2024-10-21,SKU0170,55,0,40.0,48
2024-10-28,SKU0170,157,0,40.0,48
2024-11-04,SKU0170,145,0,40.0,48
2024-11-11,SKU0170,124,0,40.0,48
2024-11-18,SKU0170,114,0,40.0,48
2024-11-25,SKU0170,112,0,40.0,48
2024-12-02,SKU0170,109,0,40.0,48
2024-12-09,SKU0170,92,0,40.0,48
2024-12-16,SKU0170,82,86,40.0,48
2024-12-23,SKU0170,74,0,40.0,48
2024-12-30,SKU0170,63,35,40.0,48
2025-01-06,SKU0170,210,0,40.0,48
2025-01-13,SKU0170,202,0,40.0,48
2025-01-20,SKU0170,197,0,40.0,48
2025-01-27,SKU0170,187,25,,48
2025-02-03,SKU0170,187,0,40.0,48
2025-02-10,SKU0170,183,0,40.0,48
2025-02-17,SKU0170,171,9,40.0,48
2025-02-24,SKU0170,167,0,40.0,48
2025-03-03,SKU0170,159,0,40.0,48
2025-03-10,SKU0170,153,117,40.0,48
2025-03-17,SKU0170,134,44,40.0,48
2025-03-24,SKU0170,124,0,40.0,48
2025-03-31,SKU0170,115,35,40.0,48
2025-04-07,SKU0170,94,109,40.0,48
2025-04-14,SKU0170,73,0,40.0,48
2025-04-21,SKU0170,51,0,40.0,48
2025-04-28,SKU0170,41,47,40.0,48
2025-05-05,SKU0170,35,0,40.0,48
2025-05-12,SKU0170,31,0,40.0,48
2025-05-19,SKU0170,120,60,40.0,48
2025-05-26,SKU0170,119,0,40.0,48
2025-06-02,SKU0170,95,0,40.0,48
2025-06-09,SKU0170,89,3,40.0,48
2025-06-16,SKU0170,69,75,40.0,48
2025-06-23,SKU0170,69,15,40.0,48
2025-06-30,SKU0170,48,0,40.0,48
2025-07-07,SKU0170,148,0,40.0,48
2025-07-14,SKU0170,138,0,40.0,48
2025-07-21,SKU0170,114,115,40.0,48
2025-07-28,SKU0170,114,0,40.0,48
2025-08-04,SKU0170,110,0,40.0,48
2025-08-11,SKU0170,86,86,40.0,48
2025-08-18,SKU0170,73,0,40.0,48
2025-08-25,SKU0170,67,119,40.0,48
2025-09-01,SKU0170,58,0,40.0,48
2025-09-08,SKU0170,166,0,40.0,48
2025-09-15,SKU0170,159,8,40.0,48
2025-09-22,SKU0170,156,0,40.0,48
2025-09-29,SKU0170,155,0,40.0,48
2024-01-01,SKU0171,131,0,33.0,19
2024-01-08,SKU0171,130,0,33.0,19
2024-01-15,SKU0171,119,0,33.0,19
2024-01-22,SKU0171,100,0,33.0,19
2024-01-29,SKU0171,92,0,33.0,19
2024-02-05,SKU0171,91,0,33.0,19
2024-02-12,SKU0171,70,0,33.0,19
2024-02-19,SKU0171,60,0,33.0,19
2024-02-26,SKU0171,52,97,33.0,19
2024-03-04,SKU0171,30,116,33.0,19
2024-03-11,SKU0171,28,0,33.0,19
2024-03-18,SKU0171,5,63,33.0,19
2024-03-25,SKU0171,152,0,33.0,19
2024-04-01,SKU0171,144,0,33.0,19
2024-04-08,SKU0171,141,0,33.0,19
2024-04-15,SKU0171,138,3,33.0,19
2024-04-22,SKU0171,115,0,33.0,19
2024-04-29,SKU0171,104,0,33.0,19
2024-05-06,SKU0171,100,56,33.0,19
2024-05-13,SKU0171,93,0,33.0,19
2024-05-20,SKU0171,83,95,33.0,19
2024-05-27,SKU0171,75,0,33.0,19
2024-06-03,SKU0171,61,0,33.0,19
2024-06-10,SKU0171,53,33,33.0,19
2024-06-17,SKU0171,32,0,33.0,19
2024-06-24,SKU0171,27,0,33.0,19
2024-07-01,SKU0171,139,0,33.0,19
2024-07-08,SKU0171,133,0,33.0,19
2024-07-15,SKU0171,125,82,33.0,19
2024-07-22,SKU0171,120,35,33.0,19
2024-07-29,SKU0171,110,0,33.0,19
2024-08-05,SKU0171,91,0,33.0,19
2024-08-12,SKU0171,72,0,33.0,19
2024-08-19,SKU0171,62,0,33.0,19
2024-08-26,SKU0171,53,42,33.0,19
2024-09-02,SKU0171,36,0,33.0,19
2024-09-09,SKU0171,22,44,33.0,19
2024-09-16,SKU0171,146,0,33.0,19
2024-09-23,SKU0171,144,72,33.0,19
2024-09-30,SKU0171,128,0,33.0,19
2024-10-07,SKU0171,126,0,33.0,19
2024-10-14,SKU0171,119,0,33.0,19
2024-10-21,SKU0171,99,0,33.0,19
2024-10-28,SKU0171,85,0,33.0,19
2024-11-04,SKU0171,79,0,33.0,19
2024-11-11,SKU0171,78,0,33.0,19
2024-11-18,SKU0171,74,0,33.0,19
2024-11-25,SKU0171,55,0,33.0,19
2024-12-02,SKU0171,35,0,33.0,19
2024-12-09,SKU0171,29,34,33.0,19
2024-12-16,SKU0171,24,91,33.0,19
2024-12-23,SKU0171,96,82,33.0,19
2024-12-30,SKU0171,95,0,33.0,19
2025-01-06,SKU0171,83,0,33.0,19
2025-01-13,SKU0171,82,0,33.0,19
2025-01-20,SKU0171,79,23,33.0,19
2025-01-27,SKU0171,78,103,33.0,19
2025-02-03,SKU0171,78,53,33.0,19
2025-02-10,SKU0171,75,0,33.0,19
2025-02-17,SKU0171,57,94,33.0,19
2025-02-24,SKU0171,51,0,33.0,19
2025-03-03,SKU0171,32,90,33.0,19
2025-03-10,SKU0171,27,0,33.0,19
2025-03-17,SKU0171,15,0,33.0,19
2025-03-24,SKU0171,0,0,33.0,19
2025-03-31,SKU0171,102,0,33.0,19
2025-04-07,SKU0171,92,0,33.0,19
2025-04-14,SKU0171,82,0,33.0,19
2025-04-21,SKU0171,59,0,33.0,19
2025-04-28,SKU0171,41,0,33.0,19
2025-05-05,SKU0171,34,0,33.0,19
2025-05-12,SKU0171,27,0,33.0,19
2025-05-19,SKU0171,18,78,33.0,19
2025-05-26,SKU0171,80,99,33.0,19
2025-06-02,SKU0171,74,0,33.0,19
2025-06-09,SKU0171,54,0,33.0,19
2025-06-16,SKU0171,30,0,33.0,19
2025-06-23,SKU0171,128,0,33.0,19
2025-06-30,SKU0171,121,0,33.0,19
2025-07-07,SKU0171,110,0,33.0,19
2025-07-14,SKU0171,94,76,33.0,19
2025-07-21,SKU0171,87,13,33.0,19
2025-07-28,SKU0171,83,0,33.0,19
2025-08-04,SKU0171,60,7,33.0,19
2025-08-11,SKU0171,47,45,33.0,19
2025-08-18,SKU0171,27,102,33.0,19
2025-08-25,SKU0171,151,0,33.0,19
2025-09-01,SKU0171,146,0,33.0,19
2025-09-08,SKU0171,130,0,33.0,19
2025-09-15,SKU0171,106,3,33.0,19
2025-09-22,SKU0171,86,110,33.0,19
2025-09-29,SKU0171,75,0,33.0,19
2024-01-01,SKU0172,242,0,13.0,48
2024-01-08,SKU0172,235,113,13.0,48
2024-01-15,SKU0172,213,0,13.0,48
2024-01-22,SKU0172,210,0,13.0,48
2024-01-29,SKU0172,192,0,13.0,48
2024-02-05,SKU0172,187,65,13.0,48
2024-02-12,SKU0172,169,41,13.0,48
2024-02-19,SKU0172,165,0,13.0,48
2024-02-26,SKU0172,141,25,13.0,48
2024-03-04,SKU0172,120,0,13.0,48
2024-03-11,SKU0172,102,0,13.0,48
2024-03-18,SKU0172,96,0,13.0,48
2024-03-25,SKU0172,94,0,13.0,48
2024-04-01,SKU0172,91,0,13.0,48
2024-04-08,SKU0172,84,0,13.0,48
2024-04-15,SKU0172,76,0,13.0,48
2024-04-22,SKU0172,63,0,13.0,48
2024-04-29,SKU0172,61,29,13.0,48
2024-05-06,SKU0172,56,0,13.0,48
2024-05-13,SKU0172,219,0,13.0,48
2024-05-20,SKU0172,203,0,13.0,48
2024-05-27,SKU0172,199,0,13.0,48
2024-06-03,SKU0172,196,61,13.0,48
2024-06-10,SKU0172,185,0,13.0,48
2024-06-17,SKU0172,185,0,13.0,48
2024-06-24,SKU0172,163,0,13.0,48
2024-07-01,SKU0172,148,0,13.0,48
2024-07-08,SKU0172,129,57,13.0,48
2024-07-15,SKU0172,119,0,13.0,48
2024-07-22,SKU0172,118,0,13.0,48
2024-07-29,SKU0172,110,0,13.0,48
2024-08-05,SKU0172,100,0,13.0,48
2024-08-12,SKU0172,91,0,13.0,48
2024-08-19,SKU0172,79,0,13.0,48
2024-08-26,SKU0172,56,28,13.0,48
2024-09-02,SKU0172,180,55,13.0,48
2024-09-09,SKU0172,171,0,13.0,48
2024-09-16,SKU0172,147,0,13.0,48
2024-09-23,SKU0172,135,0,13.0,48
2024-09-30,SKU0172,111,0,13.0,48
2024-10-07,SKU0172,104,9,13.0,48
2024-10-14,SKU0172,93,115,13.0,48
2024-10-21,SKU0172,92,0,13.0,48
2024-10-28,SKU0172,83,0,13.0,48
2024-11-04,SKU0172,74,0,13.0,48
2024-11-11,SKU0172,57,0,13.0,48
2024-11-18,SKU0172,51,7,13.0,48
2024-11-25,SKU0172,33,0,13.0,48
2024-12-02,SKU0172,26,0,13.0,48
2024-12-09,SKU0172,139,0,13.0,48
2024-12-16,SKU0172,128,0,13.0,48
2024-12-23,SKU0172,120,0,13.0,48
2024-12-30,SKU0172,119,0,13.0,48
2025-01-06,SKU0172,119,51,13.0,48
2025-01-13,SKU0172,108,19,13.0,48
2025-01-20,SKU0172,107,42,13.0,48
2025-01-27,SKU0172,90,0,13.0,48
2025-02-03,SKU0172,80,0,13.0,48
2025-02-10,SKU0172,67,0,13.0,48
2025-02-17,SKU0172,65,12,13.0,48
2025-02-24,SKU0172,63,0,13.0,48
2025-03-03,SKU0172,50,0,13.0,48
2025-03-10,SKU0172,42,0,13.0,48
2025-03-17,SKU0172,36,0,13.0,48
2025-03-24,SKU0172,14,101,13.0,48
2025-03-31,SKU0172,76,39,13.0,48
2025-04-07,SKU0172,53,52,13.0,48
2025-04-14,SKU0172,165,3,13.0,48
2025-04-21,SKU0172,155,0,13.0,48
2025-04-28,SKU0172,145,0,13.0,48
2025-05-05,SKU0172,127,14,13.0,48
2025-05-12,SKU0172,107,0,13.0,48
2025-05-19,SKU0172,87,26,13.0,48
2025-05-26,SKU0172,64,0,13.0,48
2025-06-02,SKU0172,59,0,13.0,48
2025-06-09,SKU0172,59,78,13.0,48
2025-06-16,SKU0172,53,57,13.0,48
2025-06-23,SKU0172,43,115,13.0,48
2025-06-30,SKU0172,23,0,13.0,48
2025-07-07,SKU0172,161,0,13.0,48
2025-07-14,SKU0172,139,3,13.0,48
2025-07-21,SKU0172,125,0,13.0,48
2025-07-28,SKU0172,104,104,13.0,48
2025-08-04,SKU0172,84,0,13.0,48
2025-08-11,SKU0172,65,0,13.0,48
2025-08-18,SKU0172,62,0,13.0,48
2025-08-25,SKU0172,59,0,13.0,48
2025-09-01,SKU0172,52,0,13.0,48
2025-09-08,SKU0172,32,0,13.0,48
2025-09-15,SKU0172,121,0,13.0,48
2025-09-22,SKU0172,101,0,13.0,48
2025-09-29,SKU0172,94,0,13.0,48
2024-01-01,SKU0173,72,0,18.0,28
2024-01-08,SKU0173,61,0,18.0,28
2024-01-15,SKU0173,54,0,18.0,28
2024-01-22,SKU0173,31,0,18.0,28
2024-01-29,SKU0173,200,0,18.0,28
2024-02-05,SKU0173,190,0,18.0,28
2024-02-12,SKU0173,184,0,18.0,28
2024-02-19,SKU0173,177,0,18.0,28
2024-02-26,SKU0173,163,28,18.0,28
2024-03-04,SKU0173,145,0,18.0,28
2024-03-11,SKU0173,143,0,18.0,28
2024-03-18,SKU0173,122,0,18.0,28
2024-03-25,SKU0173,122,0,18.0,28
2024-04-01,SKU0173,111,0,18.0,28
2024-04-08,SKU0173,92,0,18.0,28
2024-04-15,SKU0173,78,0,18.0,28
2024-04-22,SKU0173,61,85,18.0,28
2024-04-29,SKU0173,51,0,18.0,28
2024-05-06,SKU0173,36,82,18.0,28
2024-05-13,SKU0173,14,0,18.0,28
2024-05-20,SKU0173,95,0,18.0,28
2024-05-27,SKU0173,88,0,18.0,28
2024-06-03,SKU0173,72,0,18.0,28
2024-06-10,SKU0173,56,0,18.0,28
2024-06-17,SKU0173,55,0,18.0,28
2024-06-24,SKU0173,53,0,18.0,28
2024-07-01,SKU0173,34,0,18.0,28
2024-07-08,SKU0173,124,0,18.0,28
2024-07-15,SKU0173,109,0,18.0,28
2024-07-22,SKU0173,94,0,18.0,28
2024-07-29,SKU0173,75,0,18.0,28
2024-08-05,SKU0173,73,0,18.0,28
2024-08-12,SKU0173,65,0,18.0,28
2024-08-19,SKU0173,61,0,18.0,28
2024-08-26,SKU0173,50,0,18.0,28
2024-09-02,SKU0173,39,65,18.0,28
2024-09-09,SKU0173,219,0,18.0,28
2024-09-16,SKU0173,214,0,18.0,28
2024-09-23,SKU0173,198,0,18.0,28
2024-09-30,SKU0173,186,58,18.0,28
2024-10-07,SKU0173,166,0,18.0,28
2024-10-14,SKU0173,164,49,18.0,28
2024-10-21,SKU0173,141,0,18.0,28
2024-10-28,SKU0173,128,0,18.0,28
2024-11-04,SKU0173,123,0,18.0,28
2024-11-11,SKU0173,123,0,18.0,28
2024-11-18,SKU0173,122,0,18.0,28
2024-11-25,SKU0173,105,0,18.0,28
2024-12-02,SKU0173,96,0,18.0,28
2024-12-09,SKU0173,76,0,18.0,28
2024-12-16,SKU0173,71,0,18.0,28
2024-12-23,SKU0173,66,97,18.0,28
2024-12-30,SKU0173,64,0,18.0,28
2025-01-06,SKU0173,47,0,18.0,28
2025-01-13,SKU0173,222,0,18.0,28
2025-01-20,SKU0173,206,27,18.0,28
2025-01-27,SKU0173,204,0,18.0,28
2025-02-03,SKU0173,196,7,18.0,28
2025-02-10,SKU0173,177,0,18.0,28
2025-02-17,SKU0173,165,0,18.0,28
2025-02-24,SKU0173,151,0,18.0,28
2025-03-03,SKU0173,142,117,18.0,28
2025-03-10,SKU0173,134,0,18.0,28
2025-03-17,SKU0173,120,0,18.0,28
2025-03-24,SKU0173,97,0,18.0,28
2025-03-31,SKU0173,97,0,18.0,28
2025-04-07,SKU0173,77,0,18.0,28
2025-04-14,SKU0173,56,0,18.0,28
2025-04-21,SKU0173,55,24,18.0,28
2025-04-28,SKU0173,32,0,18.0,28
2025-05-05,SKU0173,26,0,18.0,28
2025-05-12,SKU0173,15,0,18.0,28
2025-05-19,SKU0173,12,0,18.0,28
2025-05-26,SKU0173,107,0,18.0,28
2025-06-02,SKU0173,107,0,18.0,28
2025-06-09,SKU0173,100,0,18.0,28
2025-06-16,SKU0173,85,0,18.0,28
2025-06-23,SKU0173,75,0,18.0,28
2025-06-30,SKU0173,56,0,18.0,28
2025-07-07,SKU0173,50,95,18.0,28
2025-07-14,SKU0173,45,0,18.0,28
2025-07-21,SKU0173,33,0,18.0,28
2025-07-28,SKU0173,32,0,18.0,28
2025-08-04,SKU0173,143,0,18.0,28
2025-08-11,SKU0173,131,0,18.0,28
2025-08-18,SKU0173,115,0,18.0,28
2025-08-25,SKU0173,110,68,18.0,28
2025-09-01,SKU0173,100,0,18.0,28
2025-09-08,SKU0173,83,0,18.0,28
2025-09-15,SKU0173,70,0,18.0,28
2025-09-22,SKU0173,46,0,18.0,28
2025-09-29,SKU0173,30,25,18.0,28
2024-01-01,SKU0174,160,0,43.0,41
2024-01-08,SKU0174,153,0,43.0,41
2024-01-15,SKU0174,147,0,43.0,41
2024-01-22,SKU0174,141,0,43.0,41
2024-01-29,SKU0174,128,0,43.0,41
2024-02-05,SKU0174,123,0,43.0,41
2024-02-12,SKU0174,108,92,43.0,41
2024-02-19,SKU0174,92,21,43.0,41
2024-02-26,SKU0174,73,0,43.0,41
2024-03-04,SKU0174,50,43,43.0,41
2024-03-11,SKU0174,38,0,43.0,41
2024-03-18,SKU0174,216,0,43.0,41
2024-03-25,SKU0174,194,0,43.0,41
2024-04-01,SKU0174,184,0,43.0,41
2024-04-08,SKU0174,184,0,43.0,41
2024-04-15,SKU0174,165,0,43.0,41
2024-04-22,SKU0174,157,0,43.0,41
2024-04-29,SKU0174,152,112,43.0,41
2024-05-06,SKU0174,133,0,43.0,41
2024-05-13,SKU0174,132,15,43.0,41
2024-05-20,SKU0174,112,50,43.0,41
2024-05-27,SKU0174,90,0,43.0,41
2024-06-03,SKU0174,75,0,43.0,41
2024-06-10,SKU0174,61,42,43.0,41
2024-06-17,SKU0174,41,0,43.0,41
2024-06-24,SKU0174,170,0,43.0,41
2024-07-01,SKU0174,163,0,43.0,41
2024-07-08,SKU0174,157,0,43.0,41
2024-07-15,SKU0174,157,79,43.0,41
2024-07-22,SKU0174,154,0,43.0,41
2024-07-29,SKU0174,145,67,43.0,41
2024-08-05,SKU0174,122,0,43.0,41
2024-08-12,SKU0174,113,0,43.0,41
2024-08-19,SKU0174,90,0,43.0,41
2024-08-26,SKU0174,77,0,43.0,41
2024-09-02,SKU0174,53,0,43.0,41
2024-09-09,SKU0174,53,119,43.0,41
2024-09-16,SKU0174,42,27,43.0,41
2024-09-23,SKU0174,201,0,43.0,41
2024-09-30,SKU0174,182,0,43.0,41
2024-10-07,SKU0174,159,0,43.0,41
2024-10-14,SKU0174,141,7,43.0,41
2024-10-21,SKU0174,121,71,43.0,41
2024-10-28,SKU0174,111,0,43.0,41
2024-11-04,SKU0174,102,0,43.0,41
2024-11-11,SKU0174,82,0,43.0,41
2024-11-18,SKU0174,77,0,43.0,41
2024-11-25,SKU0174,54,13,43.0,41
2024-12-02,SKU0174,46,0,43.0,41
2024-12-09,SKU0174,28,0,43.0,41
2024-12-16,SKU0174,7,0,43.0,41
2024-12-23,SKU0174,0,0,43.0,41
2024-12-30,SKU0174,117,0,43.0,41
2025-01-06,SKU0174,104,0,43.0,41
2025-01-13,SKU0174,95,0,43.0,41
2025-01-20,SKU0174,73,0,43.0,41
2025-01-27,SKU0174,69,0,43.0,41
2025-02-03,SKU0174,67,0,43.0,41
2025-02-10,SKU0174,66,0,43.0,41
2025-02-17,SKU0174,55,0,43.0,41
2025-02-24,SKU0174,31,0,43.0,41
2025-03-03,SKU0174,29,9,43.0,41
2025-03-10,SKU0174,94,0,43.0,41
2025-03-17,SKU0174,75,0,43.0,41
2025-03-24,SKU0174,53,0,43.0,41
2025-03-31,SKU0174,148,0,43.0,41
2025-04-07,SKU0174,134,0,43.0,41
2025-04-14,SKU0174,110,0,43.0,41
2025-04-21,SKU0174,98,0,43.0,41
2025-04-28,SKU0174,83,0,43.0,41
2025-05-05,SKU0174,64,0,43.0,41
2025-05-12,SKU0174,61,0,43.0,41
2025-05-19,SKU0174,49,26,43.0,41
2025-05-26,SKU0174,133,0,43.0,41
2025-06-02,SKU0174,115,0,43.0,41
2025-06-09,SKU0174,94,0,43.0,41
2025-06-16,SKU0174,90,93,43.0,41
2025-06-23,SKU0174,76,19,43.0,41
2025-06-30,SKU0174,61,67,43.0,41
2025-07-07,SKU0174,58,115,43.0,41
2025-07-14,SKU0174,41,92,43.0,41
2025-07-21,SKU0174,212,0,43.0,41
2025-07-28,SKU0174,211,0,43.0,41
2025-08-04,SKU0174,211,0,43.0,41
2025-08-11,SKU0174,193,0,43.0,41
2025-08-18,SKU0174,181,0,43.0,41
2025-08-25,SKU0174,170,99,43.0,41
2025-09-01,SKU0174,170,0,43.0,41
2025-09-08,SKU0174,151,0,43.0,41
2025-09-15,SKU0174,130,83,43.0,41
2025-09-22,SKU0174,114,21,43.0,41
2025-09-29,SKU0174,98,0,43.0,41
2024-01-01,SKU0175,128,0,14.0,38
2024-01-08,SKU0175,112,29,14.0,38
2024-01-15,SKU0175,94,0,14.0,38
2024-01-22,SKU0175,89,0,14.0,38
2024-01-29,SKU0175,79,0,14.0,38
2024-02-05,SKU0175,63,0,14.0,38
2024-02-12,SKU0175,48,0,14.0,38
2024-02-19,SKU0175,205,117,14.0,38
2024-02-26,SKU0175,181,108,14.0,38
2024-03-04,SKU0175,157,60,14.0,38
2024-03-11,SKU0175,153,0,14.0,38
2024-03-18,SKU0175,135,0,14.0,38
2024-03-25,SKU0175,135,99,14.0,38
2024-04-01,SKU0175,121,0,14.0,38
2024-04-08,SKU0175,112,0,14.0,38
2024-04-15,SKU0175,100,111,14.0,38
2024-04-22,SKU0175,81,0,14.0,38
2024-04-29,SKU0175,67,0,14.0,38
2024-05-06,SKU0175,58,0,14.0,38
2024-05-13,SKU0175,42,0,14.0,38
2024-05-20,SKU0175,22,19,14.0,38
2024-05-27,SKU0175,136,0,14.0,38
2024-06-03,SKU0175,134,0,14.0,38
2024-06-10,SKU0175,119,106,14.0,38
2024-06-17,SKU0175,96,0,14.0,38
2024-06-24,SKU0175,72,0,14.0,38
2024-07-01,SKU0175,68,0,14.0,38
2024-07-08,SKU0175,66,0,14.0,38
2024-07-15,SKU0175,59,0,14.0,38
2024-07-22,SKU0175,40,54,14.0,38
2024-07-29,SKU0175,155,94,14.0,38
2024-08-05,SKU0175,152,0,14.0,38
2024-08-12,SKU0175,136,0,14.0,38
2024-08-19,SKU0175,125,0,14.0,38
2024-08-26,SKU0175,113,114,14.0,38
2024-09-02,SKU0175,100,0,14.0,38
2024-09-09,SKU0175,77,0,14.0,38
2024-09-16,SKU0175,72,0,14.0,38
2024-09-23,SKU0175,56,44,14.0,38
2024-09-30,SKU0175,49,0,14.0,38
2024-10-07,SKU0175,48,0,14.0,38
2024-10-14,SKU0175,46,0,14.0,38
2024-10-21,SKU0175,142,0,14.0,38
2024-10-28,SKU0175,130,16,14.0,38
2024-11-04,SKU0175,130,75,14.0,38
2024-11-11,SKU0175,116,15,14.0,38
2024-11-18,SKU0175,108,0,14.0,38
2024-11-25,SKU0175,93,102,14.0,38
2024-12-02,SKU0175,69,0,14.0,38
2024-12-09,SKU0175,59,0,14.0,38
2024-12-16,SKU0175,48,0,14.0,38
2024-12-23,SKU0175,110,13,14.0,38
2024-12-30,SKU0175,94,79,14.0,38
2025-01-06,SKU0175,83,0,14.0,38
2025-01-13,SKU0175,82,8,14.0,38
2025-01-20,SKU0175,66,51,14.0,38
2025-01-27,SKU0175,50,0,14.0,38
2025-02-03,SKU0175,50,0,14.0,38
2025-02-10,SKU0175,47,0,14.0,38
2025-02-17,SKU0175,23,42,14.0,38
2025-02-24,SKU0175,177,0,14.0,38
2025-03-03,SKU0175,161,0,14.0,38
2025-03-10,SKU0175,143,35,14.0,38
2025-03-17,SKU0175,134,93,14.0,38
2025-03-24,SKU0175,110,0,14.0,38
2025-03-31,SKU0175,107,28,14.0,38
2025-04-07,SKU0175,90,0,14.0,38
2025-04-14,SKU0175,76,0,14.0,38
2025-04-21,SKU0175,67,0,14.0,38
2025-04-28,SKU0175,54,2,14.0,38
2025-05-05,SKU0175,49,2,14.0,38
2025-05-12,SKU0175,26,0,14.0,38
2025-05-19,SKU0175,26,0,14.0,38
2025-05-26,SKU0175,118,0,14.0,38
2025-06-02,SKU0175,118,0,14.0,38
2025-06-09,SKU0175,111,32,14.0,38
2025-06-16,SKU0175,88,12,14.0,38
2025-06-23,SKU0175,68,0,14.0,38
2025-06-30,SKU0175,47,0,14.0,38
2025-07-07,SKU0175,31,0,14.0,38
2025-07-14,SKU0175,104,0,14.0,38
2025-07-21,SKU0175,89,0,14.0,38
2025-07-28,SKU0175,65,0,14.0,38
2025-08-04,SKU0175,60,0,14.0,38
2025-08-11,SKU0175,37,0,14.0,38
2025-08-18,SKU0175,139,0,14.0,38
2025-08-25,SKU0175,121,65,14.0,38
2025-09-01,SKU0175,101,0,14.0,38
2025-09-08,SKU0175,96,0,14.0,38
2025-09-15,SKU0175,93,28,14.0,38
2025-09-22,SKU0175,86,0,14.0,38
2025-09-29,SKU0175,76,0,14.0,38
2024-01-01,SKU0176,145,0,23.0,13
2024-01-08,SKU0176,127,0,23.0,13
2024-01-15,SKU0176,109,19,23.0,13
2024-01-22,SKU0176,99,0,23.0,13
2024-01-29,SKU0176,84,0,23.0,13
2024-02-05,SKU0176,72,65,23.0,13
2024-02-12,SKU0176,56,0,23.0,13
2024-02-19,SKU0176,49,0,23.0,13
2024-02-26,SKU0176,26,0,23.0,13
2024-03-04,SKU0176,21,105,23.0,13
2024-03-11,SKU0176,18,0,23.0,13
2024-03-18,SKU0176,10,75,23.0,13
2024-03-25,SKU0176,10,0,23.0,13
2024-04-01,SKU0176,115,112,23.0,13
2024-04-08,SKU0176,114,0,23.0,13
2024-04-15,SKU0176,97,64,23.0,13
2024-04-22,SKU0176,73,0,23.0,13
2024-04-29,SKU0176,52,7,23.0,13
2024-05-06,SKU0176,42,104,23.0,13
2024-05-13,SKU0176,28,75,23.0,13
2024-05-20,SKU0176,25,83,23.0,13
2024-05-27,SKU0176,24,79,23.0,13
2024-06-03,SKU0176,23,0,23.0,13
2024-06-10,SKU0176,150,0,23.0,13
2024-06-17,SKU0176,148,0,23.0,13
2024-06-24,SKU0176,136,0,23.0,13
2024-07-01,SKU0176,130,0,23.0,13
2024-07-08,SKU0176,108,0,23.0,13
2024-07-15,SKU0176,98,29,23.0,13
2024-07-22,SKU0176,80,96,23.0,13
2024-07-29,SKU0176,73,0,23.0,13
2024-08-05,SKU0176,63,0,23.0,13
2024-08-12,SKU0176,44,0,23.0,13
2024-08-19,SKU0176,29,0,23.0,13
2024-08-26,SKU0176,29,0,23.0,13
2024-09-02,SKU0176,17,0,23.0,13
2024-09-09,SKU0176,5,0,23.0,13
2024-09-16,SKU0176,0,0,23.0,13
2024-09-23,SKU0176,86,0,23.0,13
2024-09-30,SKU0176,63,114,23.0,13
2024-10-07,SKU0176,39,38,23.0,13
2024-10-14,SKU0176,18,0,23.0,13
2024-10-21,SKU0176,130,12,23.0,13
2024-10-28,SKU0176,129,0,23.0,13
2024-11-04,SKU0176,122,119,23.0,13
2024-11-11,SKU0176,100,0,23.0,13
2024-11-18,SKU0176,89,0,23.0,13
2024-11-25,SKU0176,82,76,23.0,13
2024-12-02,SKU0176,82,0,23.0,13
2024-12-09,SKU0176,78,0,23.0,13
2024-12-16,SKU0176,64,0,23.0,13
2024-12-23,SKU0176,63,5,23.0,13
2024-12-30,SKU0176,43,57,23.0,13
2025-01-06,SKU0176,29,52,23.0,13
2025-01-13,SKU0176,11,55,23.0,13
2025-01-20,SKU0176,0,0,23.0,13
2025-01-27,SKU0176,0,0,23.0,13
2025-02-03,SKU0176,0,71,23.0,13
2025-02-10,SKU0176,178,0,23.0,13
2025-02-17,SKU0176,156,0,23.0,13
2025-02-24,SKU0176,145,0,23.0,13
2025-03-03,SKU0176,145,0,23.0,13
2025-03-10,SKU0176,122,0,23.0,13
2025-03-17,SKU0176,111,0,23.0,13
2025-03-24,SKU0176,90,0,23.0,13
2025-03-31,SKU0176,84,58,23.0,13
2025-04-07,SKU0176,83,0,23.0,13
2025-04-14,SKU0176,62,0,23.0,13
2025-04-21,SKU0176,41,29,23.0,13
2025-04-28,SKU0176,30,18,23.0,13
2025-05-05,SKU0176,17,0,23.0,13
2025-05-12,SKU0176,187,0,23.0,13
2025-05-19,SKU0176,175,0,23.0,13
2025-05-26,SKU0176,171,0,23.0,13
2025-06-02,SKU0176,170,0,23.0,13
2025-06-09,SKU0176,157,0,23.0,13
2025-06-16,SKU0176,148,0,23.0,13
2025-06-23,SKU0176,131,0,23.0,13
2025-06-30,SKU0176,126,102,23.0,13
2025-07-07,SKU0176,108,50,23.0,13
2025-07-14,SKU0176,92,0,23.0,13
2025-07-21,SKU0176,68,0,23.0,13
2025-07-28,SKU0176,59,0,23.0,13
2025-08-04,SKU0176,51,0,23.0,13
2025-08-11,SKU0176,31,50,23.0,13
2025-08-18,SKU0176,16,0,23.0,13
2025-08-25,SKU0176,12,0,23.0,13
2025-09-01,SKU0176,112,0,23.0,13
2025-09-08,SKU0176,103,71,23.0,13
2025-09-15,SKU0176,94,105,23.0,13
2025-09-22,SKU0176,82,37,23.0,13
2025-09-29,SKU0176,72,0,23.0,13
2024-01-01,SKU0177,265,0,10.0,39
2024-01-08,SKU0177,254,0,10.0,39
2024-01-15,SKU0177,243,0,10.0,39
2024-01-22,SKU0177,237,21,10.0,39
2024-01-29,SKU0177,231,0,10.0,39
2024-02-05,SKU0177,220,0,10.0,39
2024-02-12,SKU0177,203,0,10.0,39
2024-02-19,SKU0177,186,74,10.0,39
2024-02-26,SKU0177,162,0,10.0,39
2024-03-04,SKU0177,153,17,10.0,39
2024-03-11,SKU0177,150,0,10.0,39
2024-03-18,SKU0177,149,0,10.0,39
2024-03-25,SKU0177,148,13,10.0,39
2024-04-01,SKU0177,125,0,10.0,39
2024-04-08,SKU0177,106,0,10.0,39
2024-04-15,SKU0177,106,115,10.0,39
2024-04-22,SKU0177,96,0,10.0,39
2024-04-29,SKU0177,84,0,10.0,39
2024-05-06,SKU0177,66,46,10.0,39
2024-05-13,SKU0177,61,0,10.0,39
2024-05-20,SKU0177,60,50,10.0,39
2024-05-27,SKU0177,60,8,10.0,39
2024-06-03,SKU0177,58,66,10.0,39
2024-06-10,SKU0177,55,56,10.0,39
2024-06-17,SKU0177,36,0,10.0,39
2024-06-24,SKU0177,25,0,10.0,39
2024-07-01,SKU0177,64,0,10.0,39
2024-07-08,SKU0177,60,0,10.0,39
2024-07-15,SKU0177,53,0,10.0,39
2024-07-22,SKU0177,42,0,10.0,39
2024-07-29,SKU0177,29,0,10.0,39
2024-08-05,SKU0177,198,0,10.0,39
2024-08-12,SKU0177,184,0,10.0,39
2024-08-19,SKU0177,165,0,10.0,39
2024-08-26,SKU0177,155,19,10.0,39
2024-09-02,SKU0177,149,0,10.0,39
2024-09-09,SKU0177,143,0,10.0,39
2024-09-16,SKU0177,121,0,10.0,39
2024-09-23,SKU0177,110,105,10.0,39
2024-09-30,SKU0177,103,77,10.0,39
2024-10-07,SKU0177,99,0,10.0,39
2024-10-14,SKU0177,86,0,10.0,39
2024-10-21,SKU0177,65,0,10.0,39
2024-10-28,SKU0177,61,0,10.0,39
2024-11-04,SKU0177,46,0,10.0,39
2024-11-11,SKU0177,34,0,10.0,39
2024-11-18,SKU0177,103,0,10.0,39
2024-11-25,SKU0177,88,0,10.0,39
2024-12-02,SKU0177,69,0,10.0,39
2024-12-09,SKU0177,69,0,10.0,39
2024-12-16,SKU0177,46,0,10.0,39
2024-12-23,SKU0177,115,3,10.0,39
2024-12-30,SKU0177,111,0,10.0,39
2025-01-06,SKU0177,88,0,10.0,39
2025-01-13,SKU0177,72,36,10.0,39
2025-01-20,SKU0177,70,0,10.0,39
2025-01-27,SKU0177,46,0,10.0,39
2025-02-03,SKU0177,22,0,10.0,39
2025-02-10,SKU0177,142,54,10.0,39
2025-02-17,SKU0177,125,64,10.0,39
2025-02-24,SKU0177,119,110,10.0,39
2025-03-03,SKU0177,99,0,10.0,39
2025-03-10,SKU0177,96,0,10.0,39
2025-03-17,SKU0177,87,0,10.0,39
2025-03-24,SKU0177,72,0,10.0,39
2025-03-31,SKU0177,53,0,10.0,39
2025-04-07,SKU0177,169,0,10.0,39
2025-04-14,SKU0177,157,0,10.0,39
2025-04-21,SKU0177,152,0,10.0,39
2025-04-28,SKU0177,134,0,10.0,39
2025-05-05,SKU0177,123,0,10.0,39
2025-05-12,SKU0177,109,61,10.0,39
2025-05-19,SKU0177,105,97,10.0,39
2025-05-26,SKU0177,95,0,10.0,39
2025-06-02,SKU0177,84,0,10.0,39
2025-06-09,SKU0177,75,119,10.0,39
2025-06-16,SKU0177,73,0,10.0,39
2025-06-23,SKU0177,62,0,10.0,39
2025-06-30,SKU0177,62,0,10.0,39
2025-07-07,SKU0177,40,0,10.0,39
2025-07-14,SKU0177,108,0,10.0,39
2025-07-21,SKU0177,93,119,10.0,39
2025-07-28,SKU0177,85,72,10.0,39
2025-08-04,SKU0177,62,0,10.0,39
2025-08-11,SKU0177,40,39,10.0,39
2025-08-18,SKU0177,38,0,10.0,39
2025-08-25,SKU0177,20,45,10.0,39
2025-09-01,SKU0177,139,99,10.0,39
2025-09-08,SKU0177,129,0,10.0,39
2025-09-15,SKU0177,113,0,10.0,39
2025-09-22,SKU0177,99,12,10.0,39
2025-09-29,SKU0177,79,0,10.0,39
2024-01-01,SKU0178,228,0,7.0,24
2024-01-08,SKU0178,214,0,7.0,24
2024-01-15,SKU0178,199,0,7.0,24
2024-01-22,SKU0178,198,73,7.0,24
2024-01-29,SKU0178,189,0,7.0,24
2024-02-05,SKU0178,171,0,7.0,24
2024-02-12,SKU0178,159,0,7.0,24
2024-02-19,SKU0178,136,0,7.0,24
2024-02-26,SKU0178,133,0,7.0,24
2024-03-04,SKU0178,111,77,7.0,24
2024-03-11,SKU0178,87,0,7.0,24
2024-03-18,SKU0178,69,0,7.0,24
2024-03-25,SKU0178,47,69,7.0,24
2024-04-01,SKU0178,27,0,7.0,24
2024-04-08,SKU0178,20,85,7.0,24
2024-04-15,SKU0178,0,0,7.0,24
2024-04-22,SKU0178,86,0,7.0,24
2024-04-29,SKU0178,71,15,7.0,24
2024-05-06,SKU0178,68,0,7.0,24
2024-05-13,SKU0178,50,0,7.0,24
2024-05-20,SKU0178,42,0,7.0,24
2024-05-27,SKU0178,26,0,7.0,24
2024-06-03,SKU0178,12,0,7.0,24
2024-06-10,SKU0178,136,0,7.0,24
2024-06-17,SKU0178,116,0,7.0,24
2024-06-24,SKU0178,107,0,7.0,24
2024-07-01,SKU0178,101,0,7.0,24
2024-07-08,SKU0178,79,0,7.0,24
2024-07-15,SKU0178,77,0,7.0,24
2024-07-22,SKU0178,55,52,7.0,24
2024-07-29,SKU0178,35,54,7.0,24
2024-08-05,SKU0178,14,0,7.0,24
2024-08-12,SKU0178,68,32,7.0,24
2024-08-19,SKU0178,50,0,7.0,24
2024-08-26,SKU0178,45,18,7.0,24
2024-09-02,SKU0178,44,0,7.0,24
2024-09-09,SKU0178,33,42,7.0,24
2024-09-16,SKU0178,23,0,7.0,24
2024-09-23,SKU0178,13,0,7.0,24
2024-09-30,SKU0178,0,0,7.0,24
2024-10-07,SKU0178,0,103,7.0,24
2024-10-14,SKU0178,86,0,7.0,24
2024-10-21,SKU0178,78,0,7.0,24
2024-10-28,SKU0178,69,0,7.0,24
2024-11-04,SKU0178,55,0,7.0,24
2024-11-11,SKU0178,42,0,7.0,24
2024-11-18,SKU0178,41,0,7.0,24
2024-11-25,SKU0178,31,46,7.0,24
2024-12-02,SKU0178,29,43,7.0,24
2024-12-09,SKU0178,20,108,7.0,24
2024-12-16,SKU0178,143,0,7.0,24
2024-12-23,SKU0178,128,0,7.0,24
2024-12-30,SKU0178,116,36,7.0,24
2025-01-06,SKU0178,107,0,7.0,24
2025-01-13,SKU0178,98,0,7.0,24
2025-01-20,SKU0178,88,0,7.0,24
2025-01-27,SKU0178,66,74,7.0,24
2025-02-03,SKU0178,47,6,7.0,24
2025-02-10,SKU0178,44,103,7.0,24
2025-02-17,SKU0178,36,0,7.0,24
2025-02-24,SKU0178,34,29,7.0,24
2025-03-03,SKU0178,170,67,7.0,24
2025-03-10,SKU0178,161,0,7.0,24
2025-03-17,SKU0178,155,49,7.0,24
2025-03-24,SKU0178,144,0,7.0,24
2025-03-31,SKU0178,127,0,7.0,24
2025-04-07,SKU0178,105,0,7.0,24
2025-04-14,SKU0178,101,0,7.0,24
2025-04-21,SKU0178,99,0,7.0,24
2025-04-28,SKU0178,93,43,7.0,24
2025-05-05,SKU0178,82,75,7.0,24
2025-05-12,SKU0178,75,0,7.0,24
2025-05-19,SKU0178,69,106,7.0,24
2025-05-26,SKU0178,65,0,7.0,24
2025-06-02,SKU0178,50,86,7.0,24
2025-06-09,SKU0178,43,0,7.0,24
2025-06-16,SKU0178,28,0,7.0,24
2025-06-23,SKU0178,17,90,7.0,24
2025-06-30,SKU0178,6,109,7.0,24
2025-07-07,SKU0178,0,75,7.0,24
2025-07-14,SKU0178,0,21,7.0,24
2025-07-21,SKU0178,181,91,7.0,24
2025-07-28,SKU0178,168,0,7.0,24
2025-08-04,SKU0178,144,0,7.0,24
2025-08-11,SKU0178,124,3,7.0,24
2025-08-18,SKU0178,119,0,7.0,24
2025-08-25,SKU0178,111,0,7.0,24
2025-09-01,SKU0178,98,105,7.0,24
2025-09-08,SKU0178,93,0,7.0,24
2025-09-15,SKU0178,73,67,7.0,24
2025-09-22,SKU0178,61,0,7.0,24
2025-09-29,SKU0178,48,52,7.0,24
2024-01-01,SKU0179,167,94,19.0,61
2024-01-08,SKU0179,149,81,19.0,61
2024-01-15,SKU0179,147,95,19.0,61
2024-01-22,SKU0179,134,0,19.0,61
2024-01-29,SKU0179,113,0,19.0,61
2024-02-05,SKU0179,102,51,19.0,61
2024-02-12,SKU0179,89,0,19.0,61
2024-02-19,SKU0179,73,0,19.0,61
2024-02-26,SKU0179,59,13,19.0,61
2024-03-04,SKU0179,233,0,19.0,61
2024-03-11,SKU0179,229,0,19.0,61
2024-03-18,SKU0179,214,0,19.0,61
2024-03-25,SKU0179,208,0,19.0,61
2024-04-01,SKU0179,186,0,19.0,61
2024-04-08,SKU0179,171,34,19.0,61
2024-04-15,SKU0179,168,114,19.0,61
2024-04-22,SKU0179,148,0,19.0,61
2024-04-29,SKU0179,125,0,19.0,61
2024-05-06,SKU0179,115,0,19.0,61
2024-05-13,SKU0179,108,0,19.0,61
2024-05-20,SKU0179,85,0,19.0,61
2024-05-27,SKU0179,63,71,19.0,61
2024-06-03,SKU0179,182,44,19.0,61
2024-06-10,SKU0179,160,0,19.0,61
2024-06-17,SKU0179,154,0,19.0,61
2024-06-24,SKU0179,137,97,19.0,61
2024-07-01,SKU0179,122,0,19.0,61
2024-07-08,SKU0179,99,94,19.0,61
2024-07-15,SKU0179,79,0,19.0,61
2024-07-22,SKU0179,68,0,19.0,61
2024-07-29,SKU0179,67,0,19.0,61
2024-08-05,SKU0179,49,119,19.0,61
2024-08-12,SKU0179,49,0,19.0,61
2024-08-19,SKU0179,47,0,19.0,61
2024-08-26,SKU0179,33,34,19.0,61
2024-09-02,SKU0179,113,0,19.0,61
2024-09-09,SKU0179,105,0,19.0,61
2024-09-16,SKU0179,98,105,19.0,61
2024-09-23,SKU0179,75,0,19.0,61
2024-09-30,SKU0179,194,0,19.0,61
2024-10-07,SKU0179,170,0,19.0,61
2024-10-14,SKU0179,159,66,19.0,61
2024-10-21,SKU0179,135,0,19.0,61
2024-10-28,SKU0179,134,0,19.0,61
2024-11-04,SKU0179,119,0,19.0,61
2024-11-11,SKU0179,113,0,19.0,61
2024-11-18,SKU0179,101,0,19.0,61
2024-11-25,SKU0179,86,0,19.0,61
2024-12-02,SKU0179,78,0,19.0,61
2024-12-09,SKU0179,66,0,19.0,61
2024-12-16,SKU0179,137,57,19.0,61
2024-12-23,SKU0179,133,0,19.0,61
2024-12-30,SKU0179,118,0,19.0,61
2025-01-06,SKU0179,115,0,19.0,61
2025-01-13,SKU0179,95,107,19.0,61
2025-01-20,SKU0179,85,0,19.0,61
2025-01-27,SKU0179,62,0,19.0,61
2025-02-03,SKU0179,198,6,19.0,61
2025-02-10,SKU0179,197,0,19.0,61
2025-02-17,SKU0179,191,54,19.0,61
2025-02-24,SKU0179,181,0,19.0,61
2025-03-03,SKU0179,175,19,19.0,61
2025-03-10,SKU0179,157,0,19.0,61
2025-03-17,SKU0179,141,0,19.0,61
2025-03-24,SKU0179,138,0,19.0,61
2025-03-31,SKU0179,132,0,19.0,61
2025-04-07,SKU0179,109,27,19.0,61
2025-04-14,SKU0179,98,0,19.0,61
2025-04-21,SKU0179,81,74,19.0,61
2025-04-28,SKU0179,70,24,19.0,61
2025-05-05,SKU0179,66,65,19.0,61
2025-05-12,SKU0179,130,0,19.0,61
2025-05-19,SKU0179,122,0,19.0,61
2025-05-26,SKU0179,98,0,19.0,61
2025-06-02,SKU0179,93,0,19.0,61
2025-06-09,SKU0179,81,0,19.0,61
2025-06-16,SKU0179,59,0,19.0,61
2025-06-23,SKU0179,205,0,19.0,61
2025-06-30,SKU0179,196,0,19.0,61
2025-07-07,SKU0179,186,0,19.0,61
2025-07-14,SKU0179,180,0,19.0,61
2025-07-21,SKU0179,174,0,19.0,61
2025-07-28,SKU0179,174,0,19.0,61
2025-08-04,SKU0179,160,33,19.0,61
2025-08-11,SKU0179,139,0,19.0,61
2025-08-18,SKU0179,123,69,19.0,61
2025-08-25,SKU0179,109,78,19.0,61
2025-09-01,SKU0179,95,69,19.0,61
2025-09-08,SKU0179,92,0,19.0,61
2025-09-15,SKU0179,76,67,19.0,61
2025-09-22,SKU0179,73,0,19.0,61
2025-09-29,SKU0179,49,0,19.0,61
2024-01-01,SKU0180,107,0,43.0,52
2024-01-08,SKU0180,92,0,43.0,52
2024-01-15,SKU0180,77,0,43.0,52
2024-01-22,SKU0180,64,92,43.0,52
2024-01-29,SKU0180,45,55,43.0,52
2024-02-05,SKU0180,28,0,43.0,52
2024-02-12,SKU0180,174,0,43.0,52
2024-02-19,SKU0180,164,54,43.0,52
2024-02-26,SKU0180,141,0,43.0,52
2024-03-04,SKU0180,138,0,43.0,52
2024-03-11,SKU0180,138,0,43.0,52
2024-03-18,SKU0180,115,0,43.0,52
2024-03-25,SKU0180,108,63,43.0,52
2024-04-01,SKU0180,90,107,43.0,52
2024-04-08,SKU0180,77,0,43.0,52
2024-04-15,SKU0180,58,0,43.0,52
2024-04-22,SKU0180,58,0,43.0,52
2024-04-29,SKU0180,179,0,43.0,52
2024-05-06,SKU0180,164,53,43.0,52
2024-05-13,SKU0180,163,1,43.0,52
2024-05-20,SKU0180,159,0,43.0,52
2024-05-27,SKU0180,155,0,43.0,52
2024-06-03,SKU0180,154,0,43.0,52
2024-06-10,SKU0180,137,0,43.0,52
2024-06-17,SKU0180,128,43,43.0,52
2024-06-24,SKU0180,109,0,43.0,52
2024-07-01,SKU0180,94,77,43.0,52
2024-07-08,SKU0180,91,0,43.0,52
2024-07-15,SKU0180,78,0,43.0,52
2024-07-22,SKU0180,69,0,43.0,52
2024-07-29,SKU0180,68,0,43.0,52
2024-08-05,SKU0180,61,84,43.0,52
2024-08-12,SKU0180,48,29,43.0,52
2024-08-19,SKU0180,34,0,43.0,52
2024-08-26,SKU0180,23,50,43.0,52
2024-09-02,SKU0180,160,0,43.0,52
2024-09-09,SKU0180,138,0,43.0,52
2024-09-16,SKU0180,124,0,43.0,52
2024-09-23,SKU0180,122,0,43.0,52
2024-09-30,SKU0180,120,93,43.0,52
2024-10-07,SKU0180,116,0,43.0,52
2024-10-14,SKU0180,105,0,43.0,52
2024-10-21,SKU0180,88,0,43.0,52
2024-10-28,SKU0180,67,0,43.0,52
2024-11-04,SKU0180,54,102,43.0,52
2024-11-11,SKU0180,44,0,43.0,52
2024-11-18,SKU0180,26,0,43.0,52
2024-11-25,SKU0180,101,0,43.0,52
2024-12-02,SKU0180,97,0,43.0,52
2024-12-09,SKU0180,86,0,43.0,52
2024-12-16,SKU0180,78,53,43.0,52
2024-12-23,SKU0180,61,0,43.0,52
2024-12-30,SKU0180,167,0,43.0,52
2025-01-06,SKU0180,165,0,43.0,52
2025-01-13,SKU0180,148,23,43.0,52
2025-01-20,SKU0180,141,0,43.0,52
2025-01-27,SKU0180,132,0,43.0,52
2025-02-03,SKU0180,108,0,43.0,52
2025-02-10,SKU0180,106,30,43.0,52
2025-02-17,SKU0180,92,46,43.0,52
2025-02-24,SKU0180,86,0,43.0,52
2025-03-03,SKU0180,78,0,43.0,52
2025-03-10,SKU0180,64,61,43.0,52
2025-03-17,SKU0180,64,1,43.0,52
2025-03-24,SKU0180,54,7,43.0,52
2025-03-31,SKU0180,38,0,43.0,52
2025-04-07,SKU0180,19,0,43.0,52
2025-04-14,SKU0180,4,0,43.0,52
2025-04-21,SKU0180,114,28,43.0,52
2025-04-28,SKU0180,113,0,43.0,52
2025-05-05,SKU0180,105,94,43.0,52
2025-05-12,SKU0180,89,0,43.0,52
2025-05-19,SKU0180,83,0,43.0,52
2025-05-26,SKU0180,75,47,43.0,52
2025-06-02,SKU0180,68,0,43.0,52
2025-06-09,SKU0180,165,6,43.0,52
2025-06-16,SKU0180,141,0,43.0,52
2025-06-23,SKU0180,126,0,43.0,52
2025-06-30,SKU0180,124,0,43.0,52
2025-07-07,SKU0180,121,0,43.0,52
2025-07-14,SKU0180,111,85,43.0,52
2025-07-21,SKU0180,87,0,43.0,52
2025-07-28,SKU0180,86,77,43.0,52
2025-08-04,SKU0180,83,0,43.0,52
2025-08-11,SKU0180,74,0,43.0,52
2025-08-18,SKU0180,66,0,43.0,52
2025-08-25,SKU0180,58,0,43.0,52
2025-09-01,SKU0180,56,0,43.0,52
2025-09-08,SKU0180,50,0,43.0,52
2025-09-15,SKU0180,29,108,43.0,52
2025-09-22,SKU0180,218,0,43.0,52
2025-09-29,SKU0180,218,93,43.0,52
2024-06-24,SKU0181,213,0,18.0,51
2024-07-01,SKU0181,207,87,18.0,51
2024-07-08,SKU0181,205,0,18.0,51
2024-07-15,SKU0181,204,0,18.0,51
2024-07-22,SKU0181,180,92,18.0,51
2024-07-29,SKU0181,165,0,18.0,51
2024-08-05,SKU0181,156,0,18.0,51
2024-08-12,SKU0181,145,0,18.0,51
2024-08-19,SKU0181,135,0,18.0,51
2024-08-26,SKU0181,116,0,18.0,51
2024-09-02,SKU0181,106,76,18.0,51
2024-09-09,SKU0181,97,11,18.0,51
2024-09-16,SKU0181,95,61,18.0,51
2024-09-23,SKU0181,71,0,18.0,51
2024-09-30,SKU0181,64,0,18.0,51
2024-10-07,SKU0181,50,0,18.0,51
2024-10-14,SKU0181,27,0,18.0,51
2024-10-21,SKU0181,6,86,18.0,51
2024-10-28,SKU0181,0,0,18.0,51
2024-11-04,SKU0181,76,91,18.0,51
2024-11-11,SKU0181,63,0,18.0,51
2024-11-18,SKU0181,63,0,18.0,51
2024-11-25,SKU0181,201,112,18.0,51
2024-12-02,SKU0181,180,0,18.0,51
2024-12-09,SKU0181,179,72,18.0,51
2024-12-16,SKU0181,160,32,18.0,51
2024-12-23,SKU0181,138,41,18.0,51
2024-12-30,SKU0181,120,0,18.0,51
2025-01-06,SKU0181,105,0,18.0,51
2025-01-13,SKU0181,98,0,18.0,51
2025-01-20,SKU0181,93,0,18.0,51
2025-01-27,SKU0181,91,0,18.0,51
2025-02-03,SKU0181,72,0,18.0,51
2025-02-10,SKU0181,69,0,18.0,51
2025-02-17,SKU0181,52,0,18.0,51
2025-02-24,SKU0181,199,0,18.0,51
2025-03-03,SKU0181,198,0,18.0,51
2025-03-10,SKU0181,179,0,18.0,51
2025-03-17,SKU0181,166,0,18.0,51
2025-03-24,SKU0181,165,0,18.0,51
2025-03-31,SKU0181,164,69,18.0,51
2025-04-07,SKU0181,141,0,18.0,51
2025-04-14,SKU0181,138,0,18.0,51
2025-04-21,SKU0181,118,118,18.0,51
2025-04-28,SKU0181,100,67,18.0,51
2025-05-05,SKU0181,100,24,18.0,51
2025-05-12,SKU0181,96,39,18.0,51
2025-05-19,SKU0181,73,0,18.0,51
2025-05-26,SKU0181,53,26,18.0,51
2025-06-02,SKU0181,46,0,18.0,51
2025-06-09,SKU0181,31,0,18.0,51
2025-06-16,SKU0181,10,0,18.0,51
2025-06-23,SKU0181,0,0,18.0,51
2025-06-30,SKU0181,100,102,18.0,51
2025-07-07,SKU0181,87,58,18.0,51
2025-07-14,SKU0181,81,0,18.0,51
2025-07-21,SKU0181,74,54,18.0,51
2025-07-28,SKU0181,58,0,18.0,51
2025-08-04,SKU0181,189,0,18.0,51
2025-08-11,SKU0181,171,0,18.0,51
2025-08-18,SKU0181,162,65,18.0,51
2025-08-25,SKU0181,140,48,18.0,51
2025-09-01,SKU0181,138,0,18.0,51
2025-09-08,SKU0181,125,0,18.0,51
2025-09-15,SKU0181,103,0,18.0,51
2025-09-22,SKU0181,98,0,18.0,51
2025-09-29,SKU0181,85,0,18.0,51
2024-11-04,SKU0182,55,14,36.0,64
2024-11-11,SKU0182,55,36,36.0,64
2024-11-18,SKU0182,216,0,36.0,64
2024-11-25,SKU0182,202,0,36.0,64
2024-12-02,SKU0182,197,0,36.0,64
2024-12-09,SKU0182,192,42,36.0,64
2024-12-16,SKU0182,179,0,36.0,64
2024-12-23,SKU0182,175,0,36.0,64
2024-12-30,SKU0182,160,0,36.0,64
2025-01-06,SKU0182,160,80,36.0,64
2025-01-13,SKU0182,156,0,36.0,64
2025-01-20,SKU0182,139,66,36.0,64
2025-01-27,SKU0182,135,0,36.0,64
2025-02-03,SKU0182,113,0,36.0,64
2025-02-10,SKU0182,93,0,36.0,64
2025-02-17,SKU0182,83,115,36.0,64
2025-02-24,SKU0182,70,52,36.0,64
2025-03-03,SKU0182,53,0,36.0,64
2025-03-10,SKU0182,32,0,36.0,64
2025-03-17,SKU0182,22,104,36.0,64
2025-03-24,SKU0182,13,0,36.0,64
2025-03-31,SKU0182,10,86,36.0,64
2025-04-07,SKU0182,0,0,36.0,64
2025-04-14,SKU0182,105,0,36.0,64
2025-04-21,SKU0182,94,68,36.0,64
2025-04-28,SKU0182,78,0,36.0,64
2025-05-05,SKU0182,62,0,36.0,64
2025-05-12,SKU0182,49,30,36.0,64
2025-05-19,SKU0182,45,0,36.0,64
2025-05-26,SKU0182,221,0,36.0,64
2025-06-02,SKU0182,217,0,36.0,64
2025-06-09,SKU0182,202,0,36.0,64
2025-06-16,SKU0182,181,0,36.0,64
2025-06-23,SKU0182,158,49,36.0,64
2025-06-30,SKU0182,139,25,36.0,64
2025-07-07,SKU0182,115,23,36.0,64
2025-07-14,SKU0182,100,0,36.0,64
2025-07-21,SKU0182,90,0,36.0,64
2025-07-28,SKU0182,83,68,36.0,64
2025-08-04,SKU0182,240,0,36.0,64
2025-08-11,SKU0182,218,0,36.0,64
2025-08-18,SKU0182,201,0,36.0,64
2025-08-25,SKU0182,196,0,36.0,64
2025-09-01,SKU0182,190,82,36.0,64
2025-09-08,SKU0182,189,0,36.0,64
2025-09-15,SKU0182,176,0,36.0,64
2025-09-22,SKU0182,173,0,36.0,64
2025-09-29,SKU0182,158,0,36.0,64
2024-01-01,SKU0183,188,0,23.0,63
2024-01-08,SKU0183,178,110,23.0,63
2024-01-15,SKU0183,159,56,23.0,63
2024-01-22,SKU0183,144,0,23.0,63
2024-01-29,SKU0183,121,0,23.0,63
2024-02-05,SKU0183,115,19,23.0,63
2024-02-12,SKU0183,113,0,23.0,63
2024-02-19,SKU0183,97,72,23.0,63
2024-02-26,SKU0183,74,92,23.0,63
2024-03-04,SKU0183,139,0,23.0,63
2024-03-11,SKU0183,131,0,23.0,63
2024-03-18,SKU0183,123,0,23.0,63
2024-03-25,SKU0183,101,0,23.0,63
2024-04-01,SKU0183,95,0,23.0,63
2024-04-08,SKU0183,76,0,23.0,63
2024-04-15,SKU0183,129,0,23.0,63
2024-04-22,SKU0183,123,0,23.0,63
2024-04-29,SKU0183,105,0,23.0,63
2024-05-06,SKU0183,81,0,23.0,63
2024-05-13,SKU0183,79,0,23.0,63
2024-05-20,SKU0183,240,0,23.0,63
2024-05-27,SKU0183,225,0,23.0,63
2024-06-03,SKU0183,223,0,23.0,63
2024-06-10,SKU0183,217,0,23.0,63
2024-06-17,SKU0183,196,0,23.0,63
2024-06-24,SKU0183,191,0,23.0,63
2024-07-01,SKU0183,179,23,23.0,63
2024-07-08,SKU0183,162,0,23.0,63
2024-07-15,SKU0183,142,0,23.0,63
2024-07-22,SKU0183,139,0,23.0,63
2024-07-29,SKU0183,121,0,23.0,63
2024-08-05,SKU0183,110,0,23.0,63
2024-08-12,SKU0183,87,0,23.0,63
2024-08-19,SKU0183,69,0,23.0,63
2024-08-26,SKU0183,53,0,23.0,63
2024-09-02,SKU0183,184,0,23.0,63
2024-09-09,SKU0183,180,0,23.0,63
2024-09-16,SKU0183,162,0,23.0,63
2024-09-23,SKU0183,144,0,23.0,63
2024-09-30,SKU0183,120,0,23.0,63
2024-10-07,SKU0183,99,41,23.0,63
2024-10-14,SKU0183,92,94,23.0,63
2024-10-21,SKU0183,80,95,23.0,63
2024-10-28,SKU0183,68,0,23.0,63
2024-11-04,SKU0183,50,0,23.0,63
2024-11-11,SKU0183,230,0,23.0,63
2024-11-18,SKU0183,215,81,23.0,63
2024-11-25,SKU0183,214,33,23.0,63
2024-12-02,SKU0183,196,0,23.0,63
2024-12-09,SKU0183,189,0,23.0,63
2024-12-16,SKU0183,174,117,23.0,63
2024-12-23,SKU0183,171,0,23.0,63
2024-12-30,SKU0183,154,0,23.0,63
2025-01-06,SKU0183,137,0,23.0,63
2025-01-13,SKU0183,119,92,23.0,63
2025-01-20,SKU0183,95,0,23.0,63
2025-01-27,SKU0183,85,0,23.0,63
2025-02-03,SKU0183,77,0,23.0,63
2025-02-10,SKU0183,66,96,23.0,63
2025-02-17,SKU0183,55,0,23.0,63
2025-02-24,SKU0183,45,0,23.0,63
2025-03-03,SKU0183,161,0,23.0,63
2025-03-10,SKU0183,146,0,23.0,63
2025-03-17,SKU0183,133,0,23.0,63
2025-03-24,SKU0183,119,82,23.0,63
2025-03-31,SKU0183,102,0,23.0,63
2025-04-07,SKU0183,92,0,23.0,63
2025-04-14,SKU0183,85,72,23.0,63
2025-04-21,SKU0183,75,0,23.0,63
2025-04-28,SKU0183,67,0,23.0,63
2025-05-05,SKU0183,50,0,23.0,63
2025-05-12,SKU0183,188,103,23.0,63
2025-05-19,SKU0183,181,0,23.0,63
2025-05-26,SKU0183,179,0,23.0,63
2025-06-02,SKU0183,157,52,23.0,63
2025-06-09,SKU0183,154,0,23.0,63
2025-06-16,SKU0183,149,118,23.0,63
2025-06-23,SKU0183,143,0,23.0,63
2025-06-30,SKU0183,123,10,23.0,63
2025-07-07,SKU0183,111,0,23.0,63
2025-07-14,SKU0183,96,5,23.0,63
2025-07-21,SKU0183,93,18,23.0,63
2025-07-28,SKU0183,84,0,23.0,63
2025-08-04,SKU0183,74,0,23.0,63
2025-08-11,SKU0183,229,42,23.0,63
2025-08-18,SKU0183,212,0,23.0,63
2025-08-25,SKU0183,204,72,23.0,63
2025-09-01,SKU0183,194,12,23.0,63
2025-09-08,SKU0183,190,0,23.0,63
2025-09-15,SKU0183,188,0,23.0,63
2025-09-22,SKU0183,174,8,23.0,63
2025-09-29,SKU0183,153,44,23.0,63
2024-01-01,SKU0184,89,0,15.0,48
2024-01-08,SKU0184,81,43,15.0,48
2024-01-15,SKU0184,59,0,15.0,48
2024-01-22,SKU0184,159,0,15.0,48
2024-01-29,SKU0184,152,0,15.0,48
2024-02-05,SKU0184,145,0,15.0,48
2024-02-12,SKU0184,142,0,15.0,48
2024-02-19,SKU0184,135,0,15.0,48
2024-02-26,SKU0184,116,0,15.0,48
2024-03-04,SKU0184,100,0,15.0,48
2024-03-11,SKU0184,97,0,15.0,48
2024-03-18,SKU0184,79,0,15.0,48
2024-03-25,SKU0184,72,0,15.0,48
2024-04-01,SKU0184,56,44,15.0,48
2024-04-08,SKU0184,34,0,15.0,48
2024-04-15,SKU0184,16,0,15.0,48
2024-04-22,SKU0184,92,0,15.0,48
2024-04-29,SKU0184,69,0,15.0,48
2024-05-06,SKU0184,53,44,15.0,48
2024-05-13,SKU0184,206,0,15.0,48
2024-05-20,SKU0184,197,0,15.0,48
2024-05-27,SKU0184,182,0,15.0,48
2024-06-03,SKU0184,182,0,15.0,48
2024-06-10,SKU0184,179,0,15.0,48
2024-06-17,SKU0184,169,0,15.0,48
2024-06-24,SKU0184,151,0,15.0,48
2024-07-01,SKU0184,131,0,15.0,48
2024-07-08,SKU0184,123,90,15.0,48
2024-07-15,SKU0184,114,0,15.0,48
2024-07-22,SKU0184,107,0,15.0,48
2024-07-29,SKU0184,84,0,,48
2024-08-05,SKU0184,72,0,15.0,48
2024-08-12,SKU0184,50,1,15.0,48
2024-08-19,SKU0184,49,68,15.0,48
2024-08-26,SKU0184,47,0,15.0,48
2024-09-02,SKU0184,34,49,15.0,48
2024-09-09,SKU0184,119,0,15.0,48
2024-09-16,SKU0184,111,0,15.0,48
2024-09-23,SKU0184,95,0,15.0,48
2024-09-30,SKU0184,89,0,15.0,48
2024-10-07,SKU0184,82,0,15.0,48
2024-10-14,SKU0184,73,0,15.0,48
2024-10-21,SKU0184,67,0,15.0,48
2024-10-28,SKU0184,66,0,15.0,48
2024-11-04,SKU0184,200,72,15.0,48
2024-11-11,SKU0184,182,53,15.0,48
2024-11-18,SKU0184,165,0,15.0,48
2024-11-25,SKU0184,153,32,15.0,48
2024-12-02,SKU0184,147,117,15.0,48
2024-12-09,SKU0184,124,0,15.0,48
2024-12-16,SKU0184,113,80,15.0,48
2024-12-23,SKU0184,103,0,15.0,48
2024-12-30,SKU0184,79,0,15.0,48
2025-01-06,SKU0184,77,17,15.0,48
2025-01-13,SKU0184,62,0,15.0,48
2025-01-20,SKU0184,180,0,15.0,48
2025-01-27,SKU0184,170,0,15.0,48
2025-02-03,SKU0184,168,0,15.0,48
2025-02-10,SKU0184,149,0,15.0,48
2025-02-17,SKU0184,146,0,15.0,48
2025-02-24,SKU0184,128,61,15.0,48
2025-03-03,SKU0184,106,0,15.0,48
2025-03-10,SKU0184,105,0,15.0,48
2025-03-17,SKU0184,90,9,15.0,48
2025-03-24,SKU0184,83,0,15.0,48
2025-03-31,SKU0184,78,0,15.0,48
2025-04-07,SKU0184,68,102,15.0,48
2025-04-14,SKU0184,62,0,15.0,48
2025-04-21,SKU0184,52,6,15.0,48
2025-04-28,SKU0184,30,51,15.0,48
2025-05-05,SKU0184,182,0,15.0,48
2025-05-12,SKU0184,167,5,15.0,48
2025-05-19,SKU0184,157,0,15.0,48
2025-05-26,SKU0184,151,0,15.0,48
2025-06-02,SKU0184,131,0,15.0,48
2025-06-09,SKU0184,126,0,15.0,48
2025-06-16,SKU0184,103,48,15.0,48
2025-06-23,SKU0184,99,42,15.0,48
2025-06-30,SKU0184,76,69,15.0,48
2025-07-07,SKU0184,53,0,15.0,48
2025-07-14,SKU0184,41,0,15.0,48
2025-07-21,SKU0184,106,89,15.0,48
2025-07-28,SKU0184,99,0,15.0,48
2025-08-04,SKU0184,91,0,15.0,48
2025-08-11,SKU0184,82,0,15.0,48
2025-08-18,SKU0184,64,0,15.0,48
2025-08-25,SKU0184,42,2,15.0,48
2025-09-01,SKU0184,23,0,15.0,48
2025-09-08,SKU0184,11,0,15.0,48
2025-09-15,SKU0184,138,0,15.0,48
2025-09-22,SKU0184,131,0,15.0,48
2025-09-29,SKU0184,125,0,15.0,48
2024-01-01,SKU0185,66,80,34.0,51
2024-01-08,SKU0185,66,0,34.0,51
2024-01-15,SKU0185,215,0,34.0,51
2024-01-22,SKU0185,209,0,34.0,51
2024-01-29,SKU0185,185,0,34.0,51
2024-02-05,SKU0185,173,0,34.0,51
2024-02-12,SKU0185,155,0,34.0,51
2024-02-19,SKU0185,143,0,34.0,51
2024-02-26,SKU0185,142,0,34.0,51
2024-03-04,SKU0185,138,0,34.0,51
2024-03-11,SKU0185,130,0,34.0,51
2024-03-18,SKU0185,116,0,34.0,51
2024-03-25,SKU0185,101,0,34.0,51
2024-04-01,SKU0185,94,0,34.0,51
2024-04-08,SKU0185,87,0,34.0,51
2024-04-15,SKU0185,73,22,34.0,51
2024-04-22,SKU0185,64,0,34.0,51
2024-04-29,SKU0185,62,0,34.0,51
2024-05-06,SKU0185,49,0,34.0,51
2024-05-13,SKU0185,41,80,34.0,51
2024-05-20,SKU0185,225,54,34.0,51
2024-05-27,SKU0185,210,0,34.0,51
2024-06-03,SKU0185,186,95,34.0,51
2024-06-10,SKU0185,162,0,34.0,51
2024-06-17,SKU0185,146,0,34.0,51
2024-06-24,SKU0185,131,0,34.0,51
2024-07-01,SKU0185,107,0,34.0,51
2024-07-08,SKU0185,101,25,34.0,51
2024-07-15,SKU0185,93,0,34.0,51
2024-07-22,SKU0185,73,78,34.0,51
2024-07-29,SKU0185,58,0,34.0,51
2024-08-05,SKU0185,58,0,34.0,51
2024-08-12,SKU0185,56,0,34.0,51
2024-08-19,SKU0185,44,0,34.0,51
2024-08-26,SKU0185,39,63,34.0,51
2024-09-02,SKU0185,22,82,34.0,51
2024-09-09,SKU0185,74,0,34.0,51
2024-09-16,SKU0185,58,0,34.0,51
2024-09-23,SKU0185,36,0,34.0,51
2024-09-30,SKU0185,118,62,34.0,51
2024-10-07,SKU0185,102,16,34.0,51
2024-10-14,SKU0185,95,0,34.0,51
2024-10-21,SKU0185,79,0,34.0,51
2024-10-28,SKU0185,73,101,34.0,51
2024-11-04,SKU0185,58,0,34.0,51
2024-11-11,SKU0185,36,0,34.0,51
2024-11-18,SKU0185,19,0,34.0,51
2024-11-25,SKU0185,9,114,34.0,51
2024-12-02,SKU0185,64,1,34.0,51
2024-12-09,SKU0185,227,0,34.0,51
2024-12-16,SKU0185,214,78,34.0,51
2024-12-23,SKU0185,202,0,34.0,51
2024-12-30,SKU0185,182,0,34.0,51
2025-01-06,SKU0185,158,0,34.0,51
2025-01-13,SKU0185,137,0,34.0,51
2025-01-20,SKU0185,135,0,34.0,51
2025-01-27,SKU0185,123,0,34.0,51
2025-02-03,SKU0185,118,0,34.0,51
2025-02-10,SKU0185,111,95,34.0,51
2025-02-17,SKU0185,99,0,34.0,51
2025-02-24,SKU0185,82,0,34.0,51
2025-03-03,SKU0185,60,0,34.0,51
2025-03-10,SKU0185,53,98,34.0,51
2025-03-17,SKU0185,48,0,34.0,51
2025-03-24,SKU0185,48,105,34.0,51
2025-03-31,SKU0185,221,0,34.0,51
2025-04-07,SKU0185,206,0,34.0,51
2025-04-14,SKU0185,203,0,34.0,51
2025-04-21,SKU0185,201,0,34.0,51
2025-04-28,SKU0185,198,96,34.0,51
2025-05-05,SKU0185,181,0,34.0,51
2025-05-12,SKU0185,166,77,34.0,51
2025-05-19,SKU0185,143,7,34.0,51
2025-05-26,SKU0185,129,0,34.0,51
2025-06-02,SKU0185,120,0,34.0,51
2025-06-09,SKU0185,100,69,34.0,51
2025-06-16,SKU0185,90,0,34.0,51
2025-06-23,SKU0185,76,98,34.0,51
2025-06-30,SKU0185,57,0,34.0,51
2025-07-07,SKU0185,34,109,34.0,51
2025-07-14,SKU0185,143,92,34.0,51
2025-07-21,SKU0185,121,0,34.0,51
2025-07-28,SKU0185,108,0,34.0,51
2025-08-04,SKU0185,104,0,34.0,51
2025-08-11,SKU0185,83,0,34.0,51
2025-08-18,SKU0185,62,113,34.0,51
2025-08-25,SKU0185,51,71,34.0,51
2025-09-01,SKU0185,49,116,34.0,51
2025-09-08,SKU0185,43,0,34.0,51
2025-09-15,SKU0185,41,0,34.0,51
2025-09-22,SKU0185,39,0,34.0,51
2025-09-29,SKU0185,22,107,34.0,51
2024-01-01,SKU0186,43,0,43.0,33
2024-01-08,SKU0186,141,109,43.0,33
2024-01-15,SKU0186,135,0,43.0,33
2024-01-22,SKU0186,112,0,43.0,33
2024-01-29,SKU0186,93,0,43.0,33
2024-02-05,SKU0186,88,10,43.0,33
2024-02-12,SKU0186,73,0,43.0,33
2024-02-19,SKU0186,52,0,43.0,33
2024-02-26,SKU0186,43,0,43.0,33
2024-03-04,SKU0186,38,76,43.0,33
2024-03-11,SKU0186,37,0,43.0,33
2024-03-18,SKU0186,36,100,43.0,33
2024-03-25,SKU0186,35,0,43.0,33
2024-04-01,SKU0186,29,0,43.0,33
2024-04-08,SKU0186,17,0,43.0,33
2024-04-15,SKU0186,83,0,43.0,33
2024-04-22,SKU0186,59,70,43.0,33
2024-04-29,SKU0186,48,57,43.0,33
2024-05-06,SKU0186,34,0,43.0,33
2024-05-13,SKU0186,22,0,43.0,33
2024-05-20,SKU0186,188,103,43.0,33
2024-05-27,SKU0186,170,0,43.0,33
2024-06-03,SKU0186,150,37,43.0,33
2024-06-10,SKU0186,130,0,43.0,33
2024-06-17,SKU0186,117,0,43.0,33
2024-06-24,SKU0186,97,0,43.0,33
2024-07-01,SKU0186,73,69,43.0,33
2024-07-08,SKU0186,72,0,43.0,33
2024-07-15,SKU0186,61,0,43.0,33
2024-07-22,SKU0186,42,0,43.0,33
2024-07-29,SKU0186,218,0,43.0,33
2024-08-05,SKU0186,207,12,43.0,33
2024-08-12,SKU0186,207,0,43.0,33
2024-08-19,SKU0186,201,0,43.0,33
2024-08-26,SKU0186,190,0,43.0,33
2024-09-02,SKU0186,171,0,43.0,33
2024-09-09,SKU0186,150,0,43.0,33
2024-09-16,SKU0186,148,0,43.0,33
2024-09-23,SKU0186,146,74,43.0,33
2024-09-30,SKU0186,125,0,43.0,33
2024-10-07,SKU0186,115,36,43.0,33
2024-10-14,SKU0186,110,81,43.0,33
2024-10-21,SKU0186,104,22,43.0,33
2024-10-28,SKU0186,99,0,43.0,33
2024-11-04,SKU0186,83,0,43.0,33
2024-11-11,SKU0186,72,0,43.0,33
2024-11-18,SKU0186,52,116,43.0,33
2024-11-25,SKU0186,33,0,43.0,33
2024-12-02,SKU0186,12,0,43.0,33
2024-12-09,SKU0186,132,0,43.0,33
2024-12-16,SKU0186,120,43,43.0,33
2024-12-23,SKU0186,115,0,43.0,33
2024-12-30,SKU0186,107,99,43.0,33
2025-01-06,SKU0186,86,119,43.0,33
2025-01-13,SKU0186,85,0,43.0,33
2025-01-20,SKU0186,68,0,43.0,33
2025-01-27,SKU0186,63,0,43.0,33
2025-02-03,SKU0186,55,118,43.0,33
2025-02-10,SKU0186,42,31,43.0,33
2025-02-17,SKU0186,36,1,43.0,33
2025-02-24,SKU0186,204,0,43.0,33
2025-03-03,SKU0186,186,7,43.0,33
2025-03-10,SKU0186,179,0,43.0,33
2025-03-17,SKU0186,173,0,43.0,33
2025-03-24,SKU0186,153,84,43.0,33
2025-03-31,SKU0186,145,0,43.0,33
2025-04-07,SKU0186,126,0,43.0,33
2025-04-14,SKU0186,126,0,43.0,33
2025-04-21,SKU0186,111,0,43.0,33
2025-04-28,SKU0186,111,0,43.0,33
2025-05-05,SKU0186,94,102,43.0,33
2025-05-12,SKU0186,83,0,43.0,33
2025-05-19,SKU0186,76,75,43.0,33
2025-05-26,SKU0186,64,0,43.0,33
2025-06-02,SKU0186,52,0,43.0,33
2025-06-09,SKU0186,47,0,43.0,33
2025-06-16,SKU0186,36,0,43.0,33
2025-06-23,SKU0186,34,0,43.0,33
2025-06-30,SKU0186,188,0,43.0,33
2025-07-07,SKU0186,167,0,43.0,33
2025-07-14,SKU0186,156,0,43.0,33
2025-07-21,SKU0186,151,0,43.0,33
2025-07-28,SKU0186,139,0,43.0,33
2025-08-04,SKU0186,138,18,43.0,33
2025-08-11,SKU0186,129,0,43.0,33
2025-08-18,SKU0186,125,71,43.0,33
2025-08-25,SKU0186,106,0,43.0,33
2025-09-01,SKU0186,101,0,43.0,33
2025-09-08,SKU0186,83,0,43.0,33
2025-09-15,SKU0186,75,62,43.0,33
2025-09-22,SKU0186,69,0,43.0,33
2025-09-29,SKU0186,57,0,43.0,33
2024-01-01,SKU0187,101,33,8.0,29
2024-01-08,SKU0187,98,98,8.0,29
2024-01-15,SKU0187,76,0,8.0,29
2024-01-22,SKU0187,67,0,8.0,29
2024-01-29,SKU0187,50,24,8.0,29
2024-02-05,SKU0187,33,100,8.0,29
2024-02-12,SKU0187,32,115,8.0,29
2024-02-19,SKU0187,112,0,8.0,29
2024-02-26,SKU0187,106,0,8.0,29
2024-03-04,SKU0187,85,0,8.0,29
2024-03-11,SKU0187,82,0,8.0,29
2024-03-18,SKU0187,59,0,8.0,29
2024-03-25,SKU0187,57,0,8.0,29
2024-04-01,SKU0187,56,110,8.0,29
2024-04-08,SKU0187,49,87,8.0,29
2024-04-15,SKU0187,48,0,8.0,29
2024-04-22,SKU0187,48,109,8.0,29
2024-04-29,SKU0187,41,0,8.0,29
2024-05-06,SKU0187,41,50,8.0,29
2024-05-13,SKU0187,113,0,8.0,29
2024-05-20,SKU0187,99,0,8.0,29
2024-05-27,SKU0187,85,0,8.0,29
2024-06-03,SKU0187,64,48,8.0,29
2024-06-10,SKU0187,40,40,8.0,29
2024-06-17,SKU0187,190,6,8.0,29
2024-06-24,SKU0187,181,0,8.0,29
2024-07-01,SKU0187,170,0,8.0,29
2024-07-08,SKU0187,167,12,8.0,29
2024-07-15,SKU0187,154,0,8.0,29
2024-07-22,SKU0187,150,0,8.0,29
2024-07-29,SKU0187,136,72,8.0,29
2024-08-05,SKU0187,123,108,8.0,29
2024-08-12,SKU0187,106,0,8.0,29
2024-08-19,SKU0187,102,0,8.0,29
2024-08-26,SKU0187,98,0,8.0,29
2024-09-02,SKU0187,84,0,8.0,29
2024-09-09,SKU0187,74,0,8.0,29
2024-09-16,SKU0187,67,0,8.0,29
2024-09-23,SKU0187,61,0,8.0,29
2024-09-30,SKU0187,59,0,8.0,29
2024-10-07,SKU0187,44,0,8.0,29
2024-10-14,SKU0187,41,0,8.0,29
2024-10-21,SKU0187,37,109,8.0,29
2024-10-28,SKU0187,30,12,8.0,29
2024-11-04,SKU0187,207,7,8.0,29
2024-11-11,SKU0187,207,0,8.0,29
2024-11-18,SKU0187,185,0,8.0,29
2024-11-25,SKU0187,177,0,8.0,29
2024-12-02,SKU0187,176,0,8.0,29
2024-12-09,SKU0187,164,71,,29
2024-12-16,SKU0187,162,0,8.0,29
2024-12-23,SKU0187,138,0,8.0,29
2024-12-30,SKU0187,130,0,8.0,29
2025-01-06,SKU0187,112,82,8.0,29
2025-01-13,SKU0187,109,0,8.0,29
2025-01-20,SKU0187,99,0,8.0,29
2025-01-27,SKU0187,77,95,8.0,29
2025-02-03,SKU0187,67,0,8.0,29
2025-02-10,SKU0187,46,0,8.0,29
2025-02-17,SKU0187,26,0,8.0,29
2025-02-24,SKU0187,146,0,8.0,29
2025-03-03,SKU0187,138,0,8.0,29
2025-03-10,SKU0187,122,0,8.0,29
2025-03-17,SKU0187,122,0,8.0,29
2025-03-24,SKU0187,112,0,8.0,29
2025-03-31,SKU0187,102,0,8.0,29
2025-04-07,SKU0187,89,0,8.0,29
2025-04-14,SKU0187,77,0,8.0,29
2025-04-21,SKU0187,60,0,8.0,29
2025-04-28,SKU0187,44,0,8.0,29
2025-05-05,SKU0187,26,0,8.0,29
2025-05-12,SKU0187,24,0,8.0,29
2025-05-19,SKU0187,4,0,8.0,29
2025-05-26,SKU0187,0,0,8.0,29
2025-06-02,SKU0187,0,0,8.0,29
2025-06-09,SKU0187,0,62,8.0,29
2025-06-16,SKU0187,0,0,8.0,29
2025-06-23,SKU0187,0,0,8.0,29
2025-06-30,SKU0187,130,0,8.0,29
2025-07-07,SKU0187,117,0,8.0,29
2025-07-14,SKU0187,96,0,8.0,29
2025-07-21,SKU0187,73,0,8.0,29
2025-07-28,SKU0187,56,0,8.0,29
2025-08-04,SKU0187,50,43,8.0,29
2025-08-11,SKU0187,48,0,8.0,29
2025-08-18,SKU0187,44,13,8.0,29
2025-08-25,SKU0187,43,0,8.0,29
2025-09-01,SKU0187,162,0,8.0,29
2025-09-08,SKU0187,160,111,8.0,29
2025-09-15,SKU0187,146,0,8.0,29
2025-09-22,SKU0187,128,0,8.0,29
2025-09-29,SKU0187,128,0,8.0,29
2024-01-01,SKU0188,81,0,33.0,65
2024-01-08,SKU0188,185,0,33.0,65
2024-01-15,SKU0188,165,0,33.0,65
2024-01-22,SKU0188,151,34,33.0,65
2024-01-29,SKU0188,142,0,33.0,65
2024-02-05,SKU0188,134,0,33.0,65
2024-02-12,SKU0188,133,97,33.0,65
2024-02-19,SKU0188,119,0,33.0,65
2024-02-26,SKU0188,113,0,33.0,65
2024-03-04,SKU0188,98,0,33.0,65
2024-03-11,SKU0188,84,21,33.0,65
2024-03-18,SKU0188,66,0,33.0,65
2024-03-25,SKU0188,149,114,33.0,65
2024-04-01,SKU0188,132,7,33.0,65
2024-04-08,SKU0188,119,0,33.0,65
2024-04-15,SKU0188,110,0,33.0,65
2024-04-22,SKU0188,97,98,33.0,65
2024-04-29,SKU0188,93,0,33.0,65
2024-05-06,SKU0188,83,0,33.0,65
2024-05-13,SKU0188,169,88,33.0,65
2024-05-20,SKU0188,149,67,33.0,65
2024-05-27,SKU0188,128,0,33.0,65
2024-06-03,SKU0188,104,0,33.0,65
2024-06-10,SKU0188,90,92,33.0,65
2024-06-17,SKU0188,87,0,33.0,65
2024-06-24,SKU0188,63,0,33.0,65
2024-07-01,SKU0188,44,29,33.0,65
2024-07-08,SKU0188,24,0,33.0,65
2024-07-15,SKU0188,16,0,33.0,65
2024-07-22,SKU0188,82,0,33.0,65
2024-07-29,SKU0188,75,0,33.0,65
2024-08-05,SKU0188,68,0,33.0,65
2024-08-12,SKU0188,127,0,33.0,65
2024-08-19,SKU0188,108,35,33.0,65
2024-08-26,SKU0188,107,0,33.0,65
2024-09-02,SKU0188,84,0,33.0,65
2024-09-09,SKU0188,76,0,33.0,65
2024-09-16,SKU0188,74,108,33.0,65
2024-09-23,SKU0188,198,45,33.0,65
2024-09-30,SKU0188,183,0,33.0,65
2024-10-07,SKU0188,182,82,33.0,65
2024-10-14,SKU0188,173,0,33.0,65
2024-10-21,SKU0188,160,0,33.0,65
2024-10-28,SKU0188,156,0,33.0,65
2024-11-04,SKU0188,149,0,33.0,65
2024-11-11,SKU0188,125,0,33.0,65
2024-11-18,SKU0188,107,94,33.0,65
2024-11-25,SKU0188,89,38,33.0,65
2024-12-02,SKU0188,88,1,33.0,65
2024-12-09,SKU0188,81,0,33.0,65
2024-12-16,SKU0188,63,0,33.0,65
2024-12-23,SKU0188,161,0,33.0,65
2024-12-30,SKU0188,156,0,33.0,65
2025-01-06,SKU0188,148,0,33.0,65
2025-01-13,SKU0188,140,0,33.0,65
2025-01-20,SKU0188,117,0,33.0,65
2025-01-27,SKU0188,108,0,33.0,65
2025-02-03,SKU0188,92,88,33.0,65
2025-02-10,SKU0188,69,0,33.0,65
2025-02-17,SKU0188,65,0,33.0,65
2025-02-24,SKU0188,236,0,33.0,65
2025-03-03,SKU0188,227,30,33.0,65
2025-03-10,SKU0188,205,0,33.0,65
2025-03-17,SKU0188,193,0,33.0,65
2025-03-24,SKU0188,185,0,33.0,65
2025-03-31,SKU0188,171,0,33.0,65
2025-04-07,SKU0188,171,0,33.0,65
2025-04-14,SKU0188,150,0,33.0,65
2025-04-21,SKU0188,132,0,33.0,65
2025-04-28,SKU0188,116,0,33.0,65
2025-05-05,SKU0188,111,0,33.0,65
2025-05-12,SKU0188,92,0,33.0,65
2025-05-19,SKU0188,72,0,33.0,65
2025-05-26,SKU0188,70,0,33.0,65
2025-06-02,SKU0188,55,117,33.0,65
2025-06-09,SKU0188,172,99,33.0,65
2025-06-16,SKU0188,151,87,33.0,65
2025-06-23,SKU0188,140,0,33.0,65
2025-06-30,SKU0188,125,0,33.0,65
2025-07-07,SKU0188,120,0,33.0,65
2025-07-14,SKU0188,99,87,33.0,65
2025-07-21,SKU0188,90,0,33.0,65
2025-07-28,SKU0188,67,13,33.0,65
2025-08-04,SKU0188,175,0,33.0,65
2025-08-11,SKU0188,152,0,33.0,65
2025-08-18,SKU0188,144,0,33.0,65
2025-08-25,SKU0188,137,0,33.0,65
2025-09-01,SKU0188,113,111,33.0,65
2025-09-08,SKU0188,90,0,33.0,65
2025-09-15,SKU0188,68,103,33.0,65
2025-09-22,SKU0188,46,0,33.0,65
2025-09-29,SKU0188,144,0,33.0,65
2024-01-01,SKU0189,100,58,38.0,68
2024-01-08,SKU0189,91,0,38.0,68
2024-01-15,SKU0189,74,21,38.0,68
2024-01-22,SKU0189,52,0,38.0,68
2024-01-29,SKU0189,137,0,38.0,68
2024-02-05,SKU0189,119,0,38.0,68
2024-02-12,SKU0189,100,0,38.0,68
2024-02-19,SKU0189,89,0,38.0,68
2024-02-26,SKU0189,83,14,38.0,68
2024-03-04,SKU0189,154,119,38.0,68
2024-03-11,SKU0189,131,97,38.0,68
2024-03-18,SKU0189,108,90,38.0,68
2024-03-25,SKU0189,103,0,38.0,68
2024-04-01,SKU0189,98,61,38.0,68
2024-04-08,SKU0189,94,0,38.0,68
2024-04-15,SKU0189,73,0,38.0,68
2024-04-22,SKU0189,230,96,38.0,68
2024-04-29,SKU0189,216,104,38.0,68
2024-05-06,SKU0189,194,43,38.0,68
2024-05-13,SKU0189,171,0,38.0,68
2024-05-20,SKU0189,153,0,38.0,68
2024-05-27,SKU0189,138,0,38.0,68
2024-06-03,SKU0189,137,0,38.0,68
2024-06-10,SKU0189,123,0,38.0,68
2024-06-17,SKU0189,123,0,38.0,68
2024-06-24,SKU0189,118,0,38.0,68
2024-07-01,SKU0189,106,0,38.0,68
2024-07-08,SKU0189,94,0,38.0,68
2024-07-15,SKU0189,70,0,38.0,68
2024-07-22,SKU0189,66,0,38.0,68
2024-07-29,SKU0189,59,0,38.0,68
2024-08-05,SKU0189,56,0,38.0,68
2024-08-12,SKU0189,45,0,38.0,68
2024-08-19,SKU0189,33,0,38.0,68
2024-08-26,SKU0189,30,6,38.0,68
2024-09-02,SKU0189,11,0,38.0,68
2024-09-09,SKU0189,3,0,38.0,68
2024-09-16,SKU0189,3,0,38.0,68
2024-09-23,SKU0189,0,0,38.0,68
2024-09-30,SKU0189,79,0,38.0,68
2024-10-07,SKU0189,75,0,38.0,68
2024-10-14,SKU0189,68,0,38.0,68
2024-10-21,SKU0189,56,0,38.0,68
2024-10-28,SKU0189,45,0,38.0,68
2024-11-04,SKU0189,27,0,38.0,68
2024-11-11,SKU0189,18,0,38.0,68
2024-11-18,SKU0189,0,0,38.0,68
2024-11-25,SKU0189,0,0,38.0,68
2024-12-02,SKU0189,0,0,38.0,68
2024-12-09,SKU0189,150,0,38.0,68
2024-12-16,SKU0189,136,38,38.0,68
2024-12-23,SKU0189,114,0,38.0,68
2024-12-30,SKU0189,93,0,38.0,68
2025-01-06,SKU0189,75,0,38.0,68
2025-01-13,SKU0189,67,44,38.0,68
2025-01-20,SKU0189,52,0,38.0,68
2025-01-27,SKU0189,201,87,38.0,68
2025-02-03,SKU0189,197,0,38.0,68
2025-02-10,SKU0189,182,0,38.0,68
2025-02-17,SKU0189,158,0,38.0,68
2025-02-24,SKU0189,158,0,38.0,68
2025-03-03,SKU0189,157,0,38.0,68
2025-03-10,SKU0189,134,0,38.0,68
2025-03-17,SKU0189,113,58,38.0,68
2025-03-24,SKU0189,100,0,38.0,68
2025-03-31,SKU0189,100,0,38.0,68
2025-04-07,SKU0189,100,0,38.0,68
2025-04-14,SKU0189,87,0,38.0,68
2025-04-21,SKU0189,69,105,38.0,68
2025-04-28,SKU0189,146,66,38.0,68
2025-05-05,SKU0189,125,16,38.0,68
2025-05-12,SKU0189,103,50,38.0,68
2025-05-19,SKU0189,93,77,38.0,68
2025-05-26,SKU0189,89,0,38.0,68
2025-06-02,SKU0189,84,0,38.0,68
2025-06-09,SKU0189,76,0,38.0,68
2025-06-16,SKU0189,74,0,38.0,68
2025-06-23,SKU0189,60,0,38.0,68
2025-06-30,SKU0189,56,0,38.0,68
2025-07-07,SKU0189,35,0,38.0,68
2025-07-14,SKU0189,152,0,38.0,68
2025-07-21,SKU0189,145,0,38.0,68
2025-07-28,SKU0189,127,0,38.0,68
2025-08-04,SKU0189,110,70,38.0,68
2025-08-11,SKU0189,100,77,38.0,68
2025-08-18,SKU0189,77,0,38.0,68
2025-08-25,SKU0189,63,0,38.0,68
2025-09-01,SKU0189,60,0,38.0,68
2025-09-08,SKU0189,51,0,38.0,68
2025-09-15,SKU0189,50,20,,68
2025-09-22,SKU0189,197,0,38.0,68
2025-09-29,SKU0189,197,105,38.0,68
2024-01-01,SKU0190,253,0,30.0,54
2024-01-08,SKU0190,243,0,30.0,54
2024-01-15,SKU0190,235,65,30.0,54
2024-01-22,SKU0190,230,0,30.0,54
2024-01-29,SKU0190,216,16,30.0,54
2024-02-05,SKU0190,203,0,30.0,54
2024-02-12,SKU0190,188,0,30.0,54
2024-02-19,SKU0190,187,25,30.0,54
2024-02-26,SKU0190,181,0,30.0,54
2024-03-04,SKU0190,162,78,30.0,54
2024-03-11,SKU0190,154,0,30.0,54
2024-03-18,SKU0190,144,0,30.0,54
2024-03-25,SKU0190,143,0,30.0,54
2024-04-01,SKU0190,122,50,30.0,54
2024-04-08,SKU0190,114,44,30.0,54
2024-04-15,SKU0190,109,69,30.0,54
2024-04-22,SKU0190,100,16,30.0,54
2024-04-29,SKU0190,100,91,30.0,54
2024-05-06,SKU0190,91,0,30.0,54
2024-05-13,SKU0190,79,85,30.0,54
2024-05-20,SKU0190,71,0,30.0,54
2024-05-27,SKU0190,67,0,30.0,54
2024-06-03,SKU0190,173,0,30.0,54
2024-06-10,SKU0190,168,0,30.0,54
2024-06-17,SKU0190,151,73,30.0,54
2024-06-24,SKU0190,143,0,30.0,54
2024-07-01,SKU0190,134,0,30.0,54
2024-07-08,SKU0190,129,98,30.0,54
2024-07-15,SKU0190,118,0,30.0,54
2024-07-22,SKU0190,115,25,30.0,54
2024-07-29,SKU0190,111,0,30.0,54
2024-08-05,SKU0190,110,4,30.0,54
2024-08-12,SKU0190,106,0,30.0,54
2024-08-19,SKU0190,89,0,30.0,54
2024-08-26,SKU0190,76,50,30.0,54
2024-09-02,SKU0190,75,0,30.0,54
2024-09-09,SKU0190,74,0,30.0,54
2024-09-16,SKU0190,67,0,30.0,54
2024-09-23,SKU0190,54,0,30.0,54
2024-09-30,SKU0190,45,68,30.0,54
2024-10-07,SKU0190,157,103,30.0,54
2024-10-14,SKU0190,142,86,30.0,54
2024-10-21,SKU0190,120,0,30.0,54
2024-10-28,SKU0190,109,0,30.0,54
2024-11-04,SKU0190,102,0,30.0,54
2024-11-11,SKU0190,83,103,30.0,54
2024-11-18,SKU0190,59,0,30.0,54
2024-11-25,SKU0190,58,0,30.0,54
2024-12-02,SKU0190,56,47,30.0,54
2024-12-09,SKU0190,36,0,30.0,54
2024-12-16,SKU0190,102,95,30.0,54
2024-12-23,SKU0190,86,0,30.0,54
2024-12-30,SKU0190,79,88,30.0,54
2025-01-06,SKU0190,62,0,30.0,54
2025-01-13,SKU0190,51,0,30.0,54
2025-01-20,SKU0190,125,0,30.0,54
2025-01-27,SKU0190,101,0,30.0,54
2025-02-03,SKU0190,96,0,30.0,54
2025-02-10,SKU0190,72,0,30.0,54
2025-02-17,SKU0190,49,0,30.0,54
2025-02-24,SKU0190,115,0,30.0,54
2025-03-03,SKU0190,115,0,30.0,54
2025-03-10,SKU0190,97,0,30.0,54
2025-03-17,SKU0190,82,60,30.0,54
2025-03-24,SKU0190,58,0,30.0,54
2025-03-31,SKU0190,57,0,30.0,54
2025-04-07,SKU0190,40,0,30.0,54
2025-04-14,SKU0190,29,4,30.0,54
2025-04-21,SKU0190,13,0,30.0,54
2025-04-28,SKU0190,174,0,30.0,54
2025-05-05,SKU0190,173,0,30.0,54
2025-05-12,SKU0190,153,0,30.0,54
2025-05-19,SKU0190,148,0,30.0,54
2025-05-26,SKU0190,139,0,30.0,54
2025-06-02,SKU0190,124,0,30.0,54
2025-06-09,SKU0190,109,115,30.0,54
2025-06-16,SKU0190,95,117,30.0,54
2025-06-23,SKU0190,82,0,30.0,54
2025-06-30,SKU0190,60,0,30.0,54
2025-07-07,SKU0190,145,0,30.0,54
2025-07-14,SKU0190,134,0,30.0,54
2025-07-21,SKU0190,123,0,30.0,54
2025-07-28,SKU0190,114,0,30.0,54
2025-08-04,SKU0190,102,0,30.0,54
2025-08-11,SKU0190,101,86,30.0,54
2025-08-18,SKU0190,93,95,30.0,54
2025-08-25,SKU0190,75,0,30.0,54
2025-09-01,SKU0190,75,0,30.0,54
2025-09-08,SKU0190,53,29,30.0,54
2025-09-15,SKU0190,174,44,30.0,54
2025-09-22,SKU0190,157,0,30.0,54
2025-09-29,SKU0190,138,0,30.0,54
2024-01-01,SKU0191,114,0,35.0,58
2024-01-08,SKU0191,96,0,35.0,58
2024-01-15,SKU0191,84,0,35.0,58
2024-01-22,SKU0191,63,0,35.0,58
2024-01-29,SKU0191,59,88,35.0,58
2024-02-05,SKU0191,58,0,35.0,58
2024-02-12,SKU0191,45,79,35.0,58
2024-02-19,SKU0191,24,0,35.0,58
2024-02-26,SKU0191,8,67,35.0,58
2024-03-04,SKU0191,3,0,35.0,58
2024-03-11,SKU0191,0,0,35.0,58
2024-03-18,SKU0191,176,0,35.0,58
2024-03-25,SKU0191,169,0,35.0,58
2024-04-01,SKU0191,166,0,35.0,58
2024-04-08,SKU0191,154,60,35.0,58
2024-04-15,SKU0191,132,0,35.0,58
2024-04-22,SKU0191,113,14,35.0,58
2024-04-29,SKU0191,113,0,35.0,58
2024-05-06,SKU0191,100,0,35.0,58
2024-05-13,SKU0191,97,0,35.0,58
2024-05-20,SKU0191,83,0,35.0,58
2024-05-27,SKU0191,60,50,35.0,58
2024-06-03,SKU0191,48,0,35.0,58
2024-06-10,SKU0191,197,0,35.0,58
2024-06-17,SKU0191,197,21,35.0,58
2024-06-24,SKU0191,187,84,35.0,58
2024-07-01,SKU0191,182,0,35.0,58
2024-07-08,SKU0191,162,26,35.0,58
2024-07-15,SKU0191,153,0,35.0,58
2024-07-22,SKU0191,141,19,35.0,58
2024-07-29,SKU0191,133,14,35.0,58
2024-08-05,SKU0191,117,0,35.0,58
2024-08-12,SKU0191,112,0,35.0,58
2024-08-19,SKU0191,95,0,35.0,58
2024-08-26,SKU0191,95,0,35.0,58
2024-09-02,SKU0191,76,0,35.0,58
2024-09-09,SKU0191,61,0,35.0,58
2024-09-16,SKU0191,40,0,35.0,58
2024-09-23,SKU0191,39,91,35.0,58
2024-09-30,SKU0191,31,70,35.0,58
2024-10-07,SKU0191,179,0,35.0,58
2024-10-14,SKU0191,164,73,35.0,58
2024-10-21,SKU0191,147,0,35.0,58
2024-10-28,SKU0191,147,0,35.0,58
2024-11-04,SKU0191,134,0,35.0,58
2024-11-11,SKU0191,129,0,35.0,58
2024-11-18,SKU0191,105,0,35.0,58
2024-11-25,SKU0191,95,0,35.0,58
2024-12-02,SKU0191,74,0,35.0,58
2024-12-09,SKU0191,59,0,35.0,58
2024-12-16,SKU0191,37,0,35.0,58
2024-12-23,SKU0191,20,32,35.0,58
2024-12-30,SKU0191,0,0,35.0,58
2025-01-06,SKU0191,0,0,35.0,58
2025-01-13,SKU0191,0,0,35.0,58
2025-01-20,SKU0191,0,0,35.0,58
2025-01-27,SKU0191,165,0,35.0,58
2025-02-03,SKU0191,150,0,35.0,58
2025-02-10,SKU0191,128,31,35.0,58
2025-02-17,SKU0191,114,0,35.0,58
2025-02-24,SKU0191,93,116,35.0,58
2025-03-03,SKU0191,71,0,35.0,58
2025-03-10,SKU0191,214,0,35.0,58
2025-03-17,SKU0191,198,0,35.0,58
2025-03-24,SKU0191,184,0,35.0,58
2025-03-31,SKU0191,164,44,35.0,58
2025-04-07,SKU0191,154,0,35.0,58
2025-04-14,SKU0191,154,0,35.0,58
2025-04-21,SKU0191,132,50,35.0,58
2025-04-28,SKU0191,126,0,35.0,58
2025-05-05,SKU0191,109,0,35.0,58
2025-05-12,SKU0191,99,54,35.0,58
2025-05-19,SKU0191,78,0,35.0,58
2025-05-26,SKU0191,63,0,35.0,58
2025-06-02,SKU0191,151,0,35.0,58
2025-06-09,SKU0191,136,90,35.0,58
2025-06-16,SKU0191,112,0,35.0,58
2025-06-23,SKU0191,104,0,35.0,58
2025-06-30,SKU0191,83,0,35.0,58
2025-07-07,SKU0191,72,0,35.0,58
2025-07-14,SKU0191,64,65,35.0,58
2025-07-21,SKU0191,184,0,35.0,58
2025-07-28,SKU0191,172,54,35.0,58
2025-08-04,SKU0191,162,0,35.0,58
2025-08-11,SKU0191,157,0,35.0,58
2025-08-18,SKU0191,150,0,35.0,58
2025-08-25,SKU0191,144,0,35.0,58
2025-09-01,SKU0191,132,95,35.0,58
2025-09-08,SKU0191,123,0,35.0,58
2025-09-15,SKU0191,117,0,35.0,58
2025-09-22,SKU0191,115,44,35.0,58
2025-09-29,SKU0191,94,63,35.0,58
2024-01-01,SKU0192,85,83,17.0,12
2024-01-08,SKU0192,67,0,17.0,12
2024-01-15,SKU0192,57,0,17.0,12
2024-01-22,SKU0192,35,0,17.0,12
2024-01-29,SKU0192,21,33,17.0,12
2024-02-05,SKU0192,20,0,17.0,12
2024-02-12,SKU0192,2,31,17.0,12
2024-02-19,SKU0192,0,0,17.0,12
2024-02-26,SKU0192,0,0,17.0,12
2024-03-04,SKU0192,179,0,17.0,12
2024-03-11,SKU0192,161,0,17.0,12
2024-03-18,SKU0192,145,45,17.0,12
2024-03-25,SKU0192,144,0,17.0,12
2024-04-01,SKU0192,127,39,17.0,12
2024-04-08,SKU0192,124,0,17.0,12
2024-04-15,SKU0192,109,0,17.0,12
2024-04-22,SKU0192,106,0,17.0,12
2024-04-29,SKU0192,82,0,17.0,12
2024-05-06,SKU0192,75,114,17.0,12
2024-05-13,SKU0192,59,0,17.0,12
2024-05-20,SKU0192,56,0,17.0,12
2024-05-27,SKU0192,32,0,17.0,12
2024-06-03,SKU0192,19,0,17.0,12
2024-06-10,SKU0192,8,0,17.0,12
2024-06-17,SKU0192,0,0,17.0,12
2024-06-24,SKU0192,0,0,17.0,12
2024-07-01,SKU0192,67,0,17.0,12
2024-07-08,SKU0192,51,0,17.0,12
2024-07-15,SKU0192,39,34,17.0,12
2024-07-22,SKU0192,16,0,17.0,12
2024-07-29,SKU0192,13,0,17.0,12
2024-08-05,SKU0192,128,0,17.0,12
2024-08-12,SKU0192,113,28,17.0,12
2024-08-19,SKU0192,102,8,17.0,12
2024-08-26,SKU0192,92,0,17.0,12
2024-09-02,SKU0192,74,0,17.0,12
2024-09-09,SKU0192,72,83,17.0,12
2024-09-16,SKU0192,69,4,17.0,12
2024-09-23,SKU0192,57,0,17.0,12
2024-09-30,SKU0192,57,0,17.0,12
2024-10-07,SKU0192,40,46,17.0,12
2024-10-14,SKU0192,27,86,17.0,12
2024-10-21,SKU0192,185,17,17.0,12
2024-10-28,SKU0192,179,0,17.0,12
2024-11-04,SKU0192,171,96,17.0,12
2024-11-11,SKU0192,150,0,17.0,12
2024-11-18,SKU0192,135,117,17.0,12
2024-11-25,SKU0192,127,77,17.0,12
2024-12-02,SKU0192,116,0,17.0,12
2024-12-09,SKU0192,113,0,17.0,12
2024-12-16,SKU0192,97,74,17.0,12
2024-12-23,SKU0192,74,100,17.0,12
2024-12-30,SKU0192,64,0,17.0,12
2025-01-06,SKU0192,58,0,17.0,12
2025-01-13,SKU0192,56,0,17.0,12
2025-01-20,SKU0192,34,0,17.0,12
2025-01-27,SKU0192,29,2,17.0,12
2025-02-03,SKU0192,10,0,17.0,12
2025-02-10,SKU0192,113,60,17.0,12
2025-02-17,SKU0192,105,0,17.0,12
2025-02-24,SKU0192,95,0,17.0,12
2025-03-03,SKU0192,87,38,17.0,12
2025-03-10,SKU0192,73,1,17.0,12
2025-03-17,SKU0192,69,0,17.0,12
2025-03-24,SKU0192,60,0,17.0,12
2025-03-31,SKU0192,43,0,17.0,12
2025-04-07,SKU0192,30,0,17.0,12
2025-04-14,SKU0192,20,0,17.0,12
2025-04-21,SKU0192,199,0,17.0,12
2025-04-28,SKU0192,184,0,17.0,12
2025-05-05,SKU0192,169,45,17.0,12
2025-05-12,SKU0192,148,56,17.0,12
2025-05-19,SKU0192,145,0,17.0,12
2025-05-26,SKU0192,137,0,17.0,12
2025-06-02,SKU0192,137,0,17.0,12
2025-06-09,SKU0192,123,0,17.0,12
2025-06-16,SKU0192,122,0,17.0,12
2025-06-23,SKU0192,103,0,17.0,12
2025-06-30,SKU0192,99,0,17.0,12
2025-07-07,SKU0192,78,0,17.0,12
2025-07-14,SKU0192,74,0,17.0,12
2025-07-21,SKU0192,59,0,17.0,12
2025-07-28,SKU0192,43,0,17.0,12
2025-08-04,SKU0192,30,0,17.0,12
2025-08-11,SKU0192,8,0,17.0,12
2025-08-18,SKU0192,0,0,17.0,12
2025-08-25,SKU0192,135,54,17.0,12
2025-09-01,SKU0192,119,0,17.0,12
2025-09-08,SKU0192,114,0,17.0,12
2025-09-15,SKU0192,100,0,17.0,12
2025-09-22,SKU0192,90,0,17.0,12
2025-09-29,SKU0192,79,0,17.0,12
2024-01-01,SKU0193,57,0,32.0,55
2024-01-08,SKU0193,39,0,32.0,55
2024-01-15,SKU0193,29,0,32.0,55
2024-01-22,SKU0193,94,0,32.0,55
2024-01-29,SKU0193,82,0,32.0,55
2024-02-05,SKU0193,67,0,32.0,55
2024-02-12,SKU0193,48,1,32.0,55
2024-02-19,SKU0193,28,0,32.0,55
2024-02-26,SKU0193,10,0,32.0,55
2024-03-04,SKU0193,0,115,32.0,55
2024-03-11,SKU0193,93,0,32.0,55
2024-03-18,SKU0193,73,0,32.0,55
2024-03-25,SKU0193,66,0,32.0,55
2024-04-01,SKU0193,43,0,32.0,55
2024-04-08,SKU0193,39,0,32.0,55
2024-04-15,SKU0193,33,31,32.0,55
2024-04-22,SKU0193,99,9,32.0,55
2024-04-29,SKU0193,78,0,32.0,55
2024-05-06,SKU0193,65,14,32.0,55
2024-05-13,SKU0193,47,33,32.0,55
2024-05-20,SKU0193,204,0,32.0,55
2024-05-27,SKU0193,203,0,32.0,55
2024-06-03,SKU0193,188,0,32.0,55
2024-06-10,SKU0193,166,0,32.0,55
2024-06-17,SKU0193,157,104,32.0,55
2024-06-24,SKU0193,136,114,32.0,55
2024-07-01,SKU0193,134,0,32.0,55
2024-07-08,SKU0193,128,0,32.0,55
2024-07-15,SKU0193,117,0,32.0,55
2024-07-22,SKU0193,113,0,32.0,55
2024-07-29,SKU0193,93,0,32.0,55
2024-08-05,SKU0193,73,17,32.0,55
2024-08-12,SKU0193,57,0,32.0,55
2024-08-19,SKU0193,46,0,32.0,55
2024-08-26,SKU0193,38,0,32.0,55
2024-09-02,SKU0193,233,0,32.0,55
2024-09-09,SKU0193,225,0,32.0,55
2024-09-16,SKU0193,204,6,32.0,55
2024-09-23,SKU0193,199,0,32.0,55
2024-09-30,SKU0193,183,21,32.0,55
2024-10-07,SKU0193,170,0,32.0,55
2024-10-14,SKU0193,163,15,32.0,55
2024-10-21,SKU0193,139,0,32.0,55
2024-10-28,SKU0193,130,0,32.0,55
2024-11-04,SKU0193,127,0,32.0,55
2024-11-11,SKU0193,126,0,32.0,55
2024-11-18,SKU0193,116,0,32.0,55
2024-11-25,SKU0193,105,0,32.0,55
2024-12-02,SKU0193,105,85,32.0,55
2024-12-09,SKU0193,97,51,32.0,55
2024-12-16,SKU0193,91,0,32.0,55
2024-12-23,SKU0193,75,0,32.0,55
2024-12-30,SKU0193,70,0,32.0,55
2025-01-06,SKU0193,65,0,32.0,55
2025-01-13,SKU0193,111,0,32.0,55
2025-01-20,SKU0193,107,0,32.0,55
2025-01-27,SKU0193,91,0,32.0,55
2025-02-03,SKU0193,79,0,32.0,55
2025-02-10,SKU0193,69,68,32.0,55
2025-02-17,SKU0193,108,0,32.0,55
2025-02-24,SKU0193,99,0,32.0,55
2025-03-03,SKU0193,96,0,32.0,55
2025-03-10,SKU0193,78,49,32.0,55
2025-03-17,SKU0193,70,0,32.0,55
2025-03-24,SKU0193,55,9,32.0,55
2025-03-31,SKU0193,114,0,32.0,55
2025-04-07,SKU0193,103,0,32.0,55
2025-04-14,SKU0193,94,0,32.0,55
2025-04-21,SKU0193,90,5,32.0,55
2025-04-28,SKU0193,72,0,32.0,55
2025-05-05,SKU0193,66,0,32.0,55
2025-05-12,SKU0193,66,0,32.0,55
2025-05-19,SKU0193,44,87,32.0,55
2025-05-26,SKU0193,29,0,32.0,55
2025-06-02,SKU0193,24,0,32.0,55
2025-06-09,SKU0193,9,0,32.0,55
2025-06-16,SKU0193,5,0,32.0,55
2025-06-23,SKU0193,184,0,32.0,55
2025-06-30,SKU0193,166,103,32.0,55
2025-07-07,SKU0193,157,0,32.0,55
2025-07-14,SKU0193,143,82,32.0,55
2025-07-21,SKU0193,126,6,32.0,55
2025-07-28,SKU0193,107,0,32.0,55
2025-08-04,SKU0193,88,0,32.0,55
2025-08-11,SKU0193,88,0,32.0,55
2025-08-18,SKU0193,75,0,32.0,55
2025-08-25,SKU0193,74,77,32.0,55
2025-09-01,SKU0193,56,16,32.0,55
2025-09-08,SKU0193,40,23,32.0,55
2025-09-15,SKU0193,185,104,32.0,55
2025-09-22,SKU0193,179,0,32.0,55
2025-09-29,SKU0193,160,9,32.0,55
2024-01-01,SKU0194,70,28,42.0,22
2024-01-08,SKU0194,60,0,42.0,22
2024-01-15,SKU0194,43,0,42.0,22
2024-01-22,SKU0194,37,0,42.0,22
2024-01-29,SKU0194,31,0,42.0,22
2024-02-05,SKU0194,26,76,42.0,22
2024-02-12,SKU0194,154,0,42.0,22
2024-02-19,SKU0194,145,40,42.0,22
2024-02-26,SKU0194,122,0,42.0,22
2024-03-04,SKU0194,118,0,42.0,22
2024-03-11,SKU0194,109,0,42.0,22
2024-03-18,SKU0194,86,0,42.0,22
2024-03-25,SKU0194,66,0,42.0,22
2024-04-01,SKU0194,65,63,42.0,22
2024-04-08,SKU0194,53,0,42.0,22
2024-04-15,SKU0194,51,0,42.0,22
2024-04-22,SKU0194,36,41,42.0,22
2024-04-29,SKU0194,134,112,42.0,22
2024-05-06,SKU0194,129,0,42.0,22
2024-05-13,SKU0194,116,0,42.0,22
2024-05-20,SKU0194,112,104,42.0,22
2024-05-27,SKU0194,90,42,42.0,22
2024-06-03,SKU0194,77,113,42.0,22
2024-06-10,SKU0194,66,21,42.0,22
2024-06-17,SKU0194,48,0,42.0,22
2024-06-24,SKU0194,46,0,42.0,22
2024-07-01,SKU0194,37,0,42.0,22
2024-07-08,SKU0194,15,16,42.0,22
2024-07-15,SKU0194,68,88,42.0,22
2024-07-22,SKU0194,57,112,42.0,22
2024-07-29,SKU0194,38,0,42.0,22
2024-08-05,SKU0194,91,41,42.0,22
2024-08-12,SKU0194,80,0,42.0,22
2024-08-19,SKU0194,62,0,42.0,22
2024-08-26,SKU0194,50,0,42.0,22
2024-09-02,SKU0194,39,63,42.0,22
2024-09-09,SKU0194,16,0,42.0,22
2024-09-16,SKU0194,162,0,42.0,22
2024-09-23,SKU0194,139,0,42.0,22
2024-09-30,SKU0194,131,64,42.0,22
2024-10-07,SKU0194,118,0,42.0,22
2024-10-14,SKU0194,97,0,42.0,22
2024-10-21,SKU0194,95,0,42.0,22
2024-10-28,SKU0194,87,38,42.0,22
2024-11-04,SKU0194,83,0,42.0,22
2024-11-11,SKU0194,62,0,42.0,22
2024-11-18,SKU0194,53,0,42.0,22
2024-11-25,SKU0194,30,0,42.0,22
2024-12-02,SKU0194,11,0,42.0,22
2024-12-09,SKU0194,117,0,42.0,22
2024-12-16,SKU0194,93,0,42.0,22
2024-12-23,SKU0194,76,22,42.0,22
2024-12-30,SKU0194,74,0,42.0,22
2025-01-06,SKU0194,68,47,42.0,22
2025-01-13,SKU0194,56,24,42.0,22
2025-01-20,SKU0194,47,0,42.0,22
2025-01-27,SKU0194,37,0,42.0,22
2025-02-03,SKU0194,34,0,42.0,22
2025-02-10,SKU0194,127,0,42.0,22
2025-02-17,SKU0194,109,0,42.0,22
2025-02-24,SKU0194,107,0,42.0,22
2025-03-03,SKU0194,97,106,42.0,22
2025-03-10,SKU0194,91,0,42.0,22
2025-03-17,SKU0194,82,0,42.0,22
2025-03-24,SKU0194,60,51,42.0,22
2025-03-31,SKU0194,51,0,42.0,22
2025-04-07,SKU0194,51,0,42.0,22
2025-04-14,SKU0194,42,0,42.0,22
2025-04-21,SKU0194,42,0,42.0,22
2025-04-28,SKU0194,29,0,42.0,22
2025-05-05,SKU0194,18,0,42.0,22
2025-05-12,SKU0194,122,0,42.0,22
2025-05-19,SKU0194,122,98,42.0,22
2025-05-26,SKU0194,117,0,42.0,22
2025-06-02,SKU0194,96,69,42.0,22
2025-06-09,SKU0194,72,0,42.0,22
2025-06-16,SKU0194,57,66,42.0,22
2025-06-23,SKU0194,39,77,42.0,22
2025-06-30,SKU0194,145,0,42.0,22
2025-07-07,SKU0194,134,56,42.0,22
2025-07-14,SKU0194,127,0,42.0,22
2025-07-21,SKU0194,122,0,42.0,22
2025-07-28,SKU0194,102,0,42.0,22
2025-08-04,SKU0194,84,0,42.0,22
2025-08-11,SKU0194,81,0,42.0,22
2025-08-18,SKU0194,81,0,42.0,22
2025-08-25,SKU0194,72,7,42.0,22
2025-09-01,SKU0194,54,0,42.0,22
2025-09-08,SKU0194,52,0,42.0,22
2025-09-15,SKU0194,29,0,42.0,22
2025-09-22,SKU0194,7,0,42.0,22
2025-09-29,SKU0194,0,0,42.0,22
2024-02-19,SKU0195,273,0,42.0,77
2024-02-26,SKU0195,271,63,42.0,77
2024-03-04,SKU0195,270,0,42.0,77
2024-03-11,SKU0195,258,0,42.0,77
2024-03-18,SKU0195,253,96,42.0,77
2024-03-25,SKU0195,238,38,42.0,77
2024-04-01,SKU0195,233,94,42.0,77
2024-04-08,SKU0195,217,0,42.0,77
2024-04-15,SKU0195,210,0,42.0,77
2024-04-22,SKU0195,192,40,42.0,77
2024-04-29,SKU0195,181,0,42.0,77
2024-05-06,SKU0195,178,71,42.0,77
2024-05-13,SKU0195,165,0,42.0,77
2024-05-20,SKU0195,153,69,42.0,77
2024-05-27,SKU0195,144,0,42.0,77
2024-06-03,SKU0195,139,0,42.0,77
2024-06-10,SKU0195,123,0,42.0,77
2024-06-17,SKU0195,111,0,42.0,77
2024-06-24,SKU0195,96,95,42.0,77
2024-07-01,SKU0195,79,0,42.0,77
2024-07-08,SKU0195,77,0,42.0,77
2024-07-15,SKU0195,140,0,42.0,77
2024-07-22,SKU0195,118,21,42.0,77
2024-07-29,SKU0195,104,22,42.0,77
2024-08-05,SKU0195,88,61,42.0,77
2024-08-12,SKU0195,88,18,42.0,77
2024-08-19,SKU0195,160,0,42.0,77
2024-08-26,SKU0195,158,0,42.0,77
2024-09-02,SKU0195,149,115,42.0,77
2024-09-09,SKU0195,136,0,42.0,77
2024-09-16,SKU0195,116,0,42.0,77
2024-09-23,SKU0195,104,0,42.0,77
2024-09-30,SKU0195,100,0,42.0,77
2024-10-07,SKU0195,94,0,42.0,77
2024-10-14,SKU0195,85,0,42.0,77
2024-10-21,SKU0195,133,0,42.0,77
2024-10-28,SKU0195,117,0,42.0,77
2024-11-04,SKU0195,97,16,42.0,77
2024-11-11,SKU0195,77,53,42.0,77
2024-11-18,SKU0195,59,3,42.0,77
2024-11-25,SKU0195,39,0,42.0,77
2024-12-02,SKU0195,25,0,42.0,77
2024-12-09,SKU0195,210,0,42.0,77
2024-12-16,SKU0195,204,0,42.0,77
2024-12-23,SKU0195,192,6,42.0,77
2024-12-30,SKU0195,192,13,42.0,77
2025-01-06,SKU0195,192,75,42.0,77
2025-01-13,SKU0195,176,0,42.0,77
2025-01-20,SKU0195,168,0,42.0,77
2025-01-27,SKU0195,153,0,42.0,77
2025-02-03,SKU0195,130,18,42.0,77
2025-02-10,SKU0195,109,0,42.0,77
2025-02-17,SKU0195,98,46,42.0,77
2025-02-24,SKU0195,82,0,42.0,77
2025-03-03,SKU0195,170,0,42.0,77
2025-03-10,SKU0195,163,0,42.0,77
2025-03-17,SKU0195,151,0,42.0,77
2025-03-24,SKU0195,132,118,42.0,77
2025-03-31,SKU0195,124,0,42.0,77
2025-04-07,SKU0195,103,0,42.0,77
2025-04-14,SKU0195,99,0,42.0,77
2025-04-21,SKU0195,99,0,42.0,77
2025-04-28,SKU0195,85,0,42.0,77
2025-05-05,SKU0195,133,0,42.0,77
2025-05-12,SKU0195,132,0,42.0,77
2025-05-19,SKU0195,112,0,42.0,77
2025-05-26,SKU0195,103,0,42.0,77
2025-06-02,SKU0195,93,61,42.0,77
2025-06-09,SKU0195,79,0,42.0,77
2025-06-16,SKU0195,56,0,42.0,77
2025-06-23,SKU0195,53,38,42.0,77
2025-06-30,SKU0195,45,0,42.0,77
2025-07-07,SKU0195,25,0,42.0,77
2025-07-14,SKU0195,172,66,42.0,77
2025-07-21,SKU0195,171,0,42.0,77
2025-07-28,SKU0195,153,0,42.0,77
2025-08-04,SKU0195,133,0,42.0,77
2025-08-11,SKU0195,115,0,42.0,77
2025-08-18,SKU0195,105,0,42.0,77
2025-08-25,SKU0195,88,0,42.0,77
2025-09-01,SKU0195,86,24,42.0,77
2025-09-08,SKU0195,245,0,42.0,77
2025-09-15,SKU0195,225,0,42.0,77
2025-09-22,SKU0195,218,56,42.0,77
2025-09-29,SKU0195,209,0,42.0,77
2024-01-01,SKU0196,241,2,39.0,29
2024-01-08,SKU0196,218,0,39.0,29
2024-01-15,SKU0196,200,0,39.0,29
2024-01-22,SKU0196,195,0,39.0,29
2024-01-29,SKU0196,173,0,39.0,29
2024-02-05,SKU0196,172,61,39.0,29
2024-02-12,SKU0196,170,0,39.0,29
2024-02-19,SKU0196,148,0,39.0,29
2024-02-26,SKU0196,131,0,39.0,29
2024-03-04,SKU0196,115,0,39.0,29
2024-03-11,SKU0196,104,109,39.0,29
2024-03-18,SKU0196,93,107,39.0,29
2024-03-25,SKU0196,72,36,39.0,29
2024-04-01,SKU0196,67,7,39.0,29
2024-04-08,SKU0196,60,32,39.0,29
2024-04-15,SKU0196,52,0,39.0,29
2024-04-22,SKU0196,47,0,39.0,29
2024-04-29,SKU0196,45,0,39.0,29
2024-05-06,SKU0196,42,0,39.0,29
2024-05-13,SKU0196,18,0,39.0,29
2024-05-20,SKU0196,152,0,39.0,29
2024-05-27,SKU0196,130,56,39.0,29
2024-06-03,SKU0196,121,77,39.0,29
2024-06-10,SKU0196,103,0,39.0,29
2024-06-17,SKU0196,79,0,39.0,29
2024-06-24,SKU0196,76,16,39.0,29
2024-07-01,SKU0196,66,0,39.0,29
2024-07-08,SKU0196,60,91,39.0,29
2024-07-15,SKU0196,50,0,39.0,29
2024-07-22,SKU0196,33,78,39.0,29
2024-07-29,SKU0196,18,0,39.0,29
2024-08-05,SKU0196,0,0,39.0,29
2024-08-12,SKU0196,0,0,39.0,29
2024-08-19,SKU0196,179,0,39.0,29
2024-08-26,SKU0196,161,0,39.0,29
2024-09-02,SKU0196,161,0,39.0,29
2024-09-09,SKU0196,143,0,39.0,29
2024-09-16,SKU0196,120,0,39.0,29
2024-09-23,SKU0196,111,0,39.0,29
2024-09-30,SKU0196,108,0,39.0,29
2024-10-07,SKU0196,97,0,39.0,29
2024-10-14,SKU0196,97,0,39.0,29
2024-10-21,SKU0196,97,61,39.0,29
2024-10-28,SKU0196,87,0,39.0,29
2024-11-04,SKU0196,83,0,39.0,29
2024-11-11,SKU0196,72,0,39.0,29
2024-11-18,SKU0196,69,0,39.0,29
2024-11-25,SKU0196,47,0,39.0,29
2024-12-02,SKU0196,40,0,39.0,29
2024-12-09,SKU0196,20,0,39.0,29
2024-12-16,SKU0196,19,0,39.0,29
2024-12-23,SKU0196,11,39,39.0,29
2024-12-30,SKU0196,157,0,39.0,29
2025-01-06,SKU0196,153,0,39.0,29
2025-01-13,SKU0196,141,118,39.0,29
2025-01-20,SKU0196,141,34,39.0,29
2025-01-27,SKU0196,131,0,39.0,29
2025-02-03,SKU0196,126,0,39.0,29
2025-02-10,SKU0196,125,0,39.0,29
2025-02-17,SKU0196,109,0,39.0,29
2025-02-24,SKU0196,91,83,39.0,29
2025-03-03,SKU0196,81,0,39.0,29
2025-03-10,SKU0196,64,0,39.0,29
2025-03-17,SKU0196,44,0,39.0,29
2025-03-24,SKU0196,42,0,39.0,29
2025-03-31,SKU0196,41,0,39.0,29
2025-04-07,SKU0196,39,118,39.0,29
2025-04-14,SKU0196,207,55,39.0,29
2025-04-21,SKU0196,198,0,39.0,29
2025-04-28,SKU0196,176,0,39.0,29
2025-05-05,SKU0196,154,58,39.0,29
2025-05-12,SKU0196,136,0,39.0,29
2025-05-19,SKU0196,133,30,39.0,29
2025-05-26,SKU0196,120,39,39.0,29
2025-06-02,SKU0196,119,108,39.0,29
2025-06-09,SKU0196,102,0,39.0,29
2025-06-16,SKU0196,101,0,39.0,29
2025-06-23,SKU0196,93,0,39.0,29
2025-06-30,SKU0196,78,0,39.0,29
2025-07-07,SKU0196,67,0,39.0,29
2025-07-14,SKU0196,55,94,39.0,29
2025-07-21,SKU0196,51,0,39.0,29
2025-07-28,SKU0196,29,47,39.0,29
2025-08-04,SKU0196,145,82,39.0,29
2025-08-11,SKU0196,124,0,39.0,29
2025-08-18,SKU0196,100,0,39.0,29
2025-08-25,SKU0196,80,0,39.0,29
2025-09-01,SKU0196,77,24,39.0,29
2025-09-08,SKU0196,59,59,39.0,29
2025-09-15,SKU0196,46,0,39.0,29
2025-09-22,SKU0196,45,59,39.0,29
2025-09-29,SKU0196,25,119,39.0,29
2024-01-01,SKU0197,252,0,44.0,33
2024-01-08,SKU0197,235,0,44.0,33
2024-01-15,SKU0197,218,0,44.0,33
2024-01-22,SKU0197,216,0,44.0,33
2024-01-29,SKU0197,200,5,44.0,33
2024-02-05,SKU0197,187,0,44.0,33
2024-02-12,SKU0197,168,0,44.0,33
2024-02-19,SKU0197,163,0,44.0,33
2024-02-26,SKU0197,149,75,44.0,33
2024-03-04,SKU0197,133,51,44.0,33
2024-03-11,SKU0197,123,0,44.0,33
2024-03-18,SKU0197,119,0,44.0,33
2024-03-25,SKU0197,99,0,44.0,33
2024-04-01,SKU0197,76,0,44.0,33
2024-04-08,SKU0197,56,105,44.0,33
2024-04-15,SKU0197,33,38,44.0,33
2024-04-22,SKU0197,9,0,44.0,33
2024-04-29,SKU0197,185,0,44.0,33
2024-05-06,SKU0197,175,0,44.0,33
2024-05-13,SKU0197,170,0,44.0,33
2024-05-20,SKU0197,148,0,44.0,33
2024-05-27,SKU0197,145,22,44.0,33
2024-06-03,SKU0197,138,0,44.0,33
2024-06-10,SKU0197,121,0,44.0,33
2024-06-17,SKU0197,111,0,44.0,33
2024-06-24,SKU0197,111,96,44.0,33
2024-07-01,SKU0197,108,0,44.0,33
2024-07-08,SKU0197,106,0,44.0,33
2024-07-15,SKU0197,93,74,44.0,33
2024-07-22,SKU0197,82,0,44.0,33
2024-07-29,SKU0197,74,0,44.0,33
2024-08-05,SKU0197,67,0,44.0,33
2024-08-12,SKU0197,64,0,44.0,33
2024-08-19,SKU0197,49,45,44.0,33
2024-08-26,SKU0197,31,0,44.0,33
2024-09-02,SKU0197,29,0,44.0,33
2024-09-09,SKU0197,201,0,44.0,33
2024-09-16,SKU0197,184,63,44.0,33
2024-09-23,SKU0197,182,106,44.0,33
2024-09-30,SKU0197,161,0,44.0,33
2024-10-07,SKU0197,157,0,44.0,33
2024-10-14,SKU0197,142,0,44.0,33
2024-10-21,SKU0197,125,0,44.0,33
2024-10-28,SKU0197,101,0,44.0,33
2024-11-04,SKU0197,88,54,44.0,33
2024-11-11,SKU0197,66,30,,33
2024-11-18,SKU0197,48,0,44.0,33
2024-11-25,SKU0197,36,0,44.0,33
2024-12-02,SKU0197,13,0,44.0,33
2024-12-09,SKU0197,129,0,44.0,33
2024-12-16,SKU0197,112,0,44.0,33
2024-12-23,SKU0197,103,0,44.0,33
2024-12-30,SKU0197,81,0,44.0,33
2025-01-06,SKU0197,60,0,44.0,33
2025-01-13,SKU0197,49,42,44.0,33
2025-01-20,SKU0197,35,0,44.0,33
2025-01-27,SKU0197,32,0,44.0,33
2025-02-03,SKU0197,24,0,44.0,33
2025-02-10,SKU0197,95,0,44.0,33
2025-02-17,SKU0197,92,0,44.0,33
2025-02-24,SKU0197,68,0,44.0,33
2025-03-03,SKU0197,59,60,44.0,33
2025-03-10,SKU0197,38,8,44.0,33
2025-03-17,SKU0197,26,46,44.0,33
2025-03-24,SKU0197,179,0,44.0,33
2025-03-31,SKU0197,176,59,44.0,33
2025-04-07,SKU0197,171,0,44.0,33
2025-04-14,SKU0197,152,0,44.0,33
2025-04-21,SKU0197,128,0,44.0,33
2025-04-28,SKU0197,124,0,44.0,33
2025-05-05,SKU0197,123,0,44.0,33
2025-05-12,SKU0197,105,0,44.0,33
2025-05-19,SKU0197,83,0,44.0,33
2025-05-26,SKU0197,73,107,44.0,33
2025-06-02,SKU0197,73,67,44.0,33
2025-06-09,SKU0197,53,0,44.0,33
2025-06-16,SKU0197,50,0,44.0,33
2025-06-23,SKU0197,32,0,44.0,33
2025-06-30,SKU0197,28,0,44.0,33
2025-07-07,SKU0197,24,0,44.0,33
2025-07-14,SKU0197,75,0,44.0,33
2025-07-21,SKU0197,51,0,44.0,33
2025-07-28,SKU0197,43,19,44.0,33
2025-08-04,SKU0197,22,5,44.0,33
2025-08-11,SKU0197,20,0,44.0,33
2025-08-18,SKU0197,96,0,44.0,33
2025-08-25,SKU0197,80,0,44.0,33
2025-09-01,SKU0197,78,0,44.0,33
2025-09-08,SKU0197,55,0,44.0,33
2025-09-15,SKU0197,33,90,44.0,33
2025-09-22,SKU0197,17,0,44.0,33
2025-09-29,SKU0197,1,0,44.0,33
2024-08-05,SKU0198,251,0,38.0,44
2024-08-12,SKU0198,245,89,38.0,44
2024-08-19,SKU0198,238,0,38.0,44
2024-08-26,SKU0198,215,0,38.0,44
2024-09-02,SKU0198,209,0,38.0,44
2024-09-09,SKU0198,188,0,38.0,44
2024-09-16,SKU0198,176,37,38.0,44
2024-09-23,SKU0198,169,95,38.0,44
2024-09-30,SKU0198,162,0,38.0,44
2024-10-07,SKU0198,139,0,38.0,44
2024-10-14,SKU0198,136,28,38.0,44
2024-10-21,SKU0198,123,105,38.0,44
2024-10-28,SKU0198,119,0,38.0,44
2024-11-04,SKU0198,117,0,38.0,44
2024-11-11,SKU0198,117,63,38.0,44
2024-11-18,SKU0198,101,13,38.0,44
2024-11-25,SKU0198,91,0,38.0,44
2024-12-02,SKU0198,74,0,38.0,44
2024-12-09,SKU0198,50,0,38.0,44
2024-12-16,SKU0198,34,0,38.0,44
2024-12-23,SKU0198,20,0,38.0,44
2024-12-30,SKU0198,101,0,38.0,44
2025-01-06,SKU0198,96,0,38.0,44
2025-01-13,SKU0198,78,1,38.0,44
2025-01-20,SKU0198,72,17,38.0,44
2025-01-27,SKU0198,69,0,38.0,44
2025-02-03,SKU0198,45,74,38.0,44
2025-02-10,SKU0198,43,0,38.0,44
2025-02-17,SKU0198,22,0,38.0,44
2025-02-24,SKU0198,185,0,38.0,44
2025-03-03,SKU0198,178,0,38.0,44
2025-03-10,SKU0198,154,116,38.0,44
2025-03-17,SKU0198,153,0,38.0,44
2025-03-24,SKU0198,135,0,38.0,44
2025-03-31,SKU0198,113,72,38.0,44
2025-04-07,SKU0198,91,0,38.0,44
2025-04-14,SKU0198,90,12,38.0,44
2025-04-21,SKU0198,79,0,38.0,44
2025-04-28,SKU0198,61,0,38.0,44
2025-05-05,SKU0198,53,116,38.0,44
2025-05-12,SKU0198,213,88,38.0,44
2025-05-19,SKU0198,201,56,38.0,44
2025-05-26,SKU0198,178,0,38.0,44
2025-06-02,SKU0198,162,0,38.0,44
2025-06-09,SKU0198,143,0,38.0,44
2025-06-16,SKU0198,136,49,38.0,44
2025-06-23,SKU0198,128,57,38.0,44
2025-06-30,SKU0198,120,0,38.0,44
2025-07-07,SKU0198,100,0,38.0,44
2025-07-14,SKU0198,82,0,38.0,44
2025-07-21,SKU0198,65,89,38.0,44
2025-07-28,SKU0198,48,77,38.0,44
2025-08-04,SKU0198,44,57,38.0,44
2025-08-11,SKU0198,33,0,38.0,44
2025-08-18,SKU0198,128,27,38.0,44
2025-08-25,SKU0198,114,0,38.0,44
2025-09-01,SKU0198,110,0,38.0,44
2025-09-08,SKU0198,104,0,38.0,44
2025-09-15,SKU0198,88,54,38.0,44
2025-09-22,SKU0198,82,0,38.0,44
2025-09-29,SKU0198,74,0,38.0,44
2024-01-01,SKU0199,156,0,23.0,56
2024-01-08,SKU0199,135,0,23.0,56
2024-01-15,SKU0199,134,0,23.0,56
2024-01-22,SKU0199,128,38,23.0,56
2024-01-29,SKU0199,104,0,23.0,56
2024-02-05,SKU0199,87,0,23.0,56
2024-02-12,SKU0199,65,0,23.0,56
2024-02-19,SKU0199,107,0,23.0,56
2024-02-26,SKU0199,86,68,23.0,56
2024-03-04,SKU0199,65,0,23.0,56
2024-03-11,SKU0199,124,94,23.0,56
2024-03-18,SKU0199,112,98,23.0,56
2024-03-25,SKU0199,107,0,23.0,56
2024-04-01,SKU0199,83,0,23.0,56
2024-04-08,SKU0199,83,32,23.0,56
2024-04-15,SKU0199,65,0,23.0,56
2024-04-22,SKU0199,147,28,23.0,56
2024-04-29,SKU0199,132,0,23.0,56
2024-05-06,SKU0199,130,70,23.0,56
2024-05-13,SKU0199,130,60,23.0,56
2024-05-20,SKU0199,128,0,23.0,56
2024-05-27,SKU0199,121,0,23.0,56
2024-06-03,SKU0199,105,23,23.0,56
2024-06-10,SKU0199,88,0,23.0,56
2024-06-17,SKU0199,86,0,23.0,56
2024-06-24,SKU0199,80,100,23.0,56
2024-07-01,SKU0199,63,0,23.0,56
2024-07-08,SKU0199,111,0,23.0,56
2024-07-15,SKU0199,103,0,23.0,56
2024-07-22,SKU0199,80,0,23.0,56
2024-07-29,SKU0199,72,0,23.0,56
2024-08-05,SKU0199,60,0,23.0,56
2024-08-12,SKU0199,131,20,23.0,56
2024-08-19,SKU0199,128,0,23.0,56
2024-08-26,SKU0199,125,0,23.0,56
2024-09-02,SKU0199,106,100,23.0,56
2024-09-09,SKU0199,83,0,23.0,56
2024-09-16,SKU0199,69,0,23.0,56
2024-09-23,SKU0199,57,0,23.0,56
2024-09-30,SKU0199,46,0,23.0,56
2024-10-07,SKU0199,46,0,23.0,56
2024-10-14,SKU0199,130,0,23.0,56
2024-10-21,SKU0199,123,0,23.0,56
2024-10-28,SKU0199,100,0,23.0,56
2024-11-04,SKU0199,89,0,23.0,56
2024-11-11,SKU0199,72,0,23.0,56
2024-11-18,SKU0199,239,0,23.0,56
2024-11-25,SKU0199,238,0,23.0,56
2024-12-02,SKU0199,219,0,23.0,56
2024-12-09,SKU0199,209,116,23.0,56
2024-12-16,SKU0199,203,37,23.0,56
2024-12-23,SKU0199,186,0,23.0,56
2024-12-30,SKU0199,164,0,23.0,56
2025-01-06,SKU0199,146,0,23.0,56
2025-01-13,SKU0199,140,0,23.0,56
2025-01-20,SKU0199,129,0,23.0,56
2025-01-27,SKU0199,109,105,23.0,56
2025-02-03,SKU0199,104,44,23.0,56
2025-02-10,SKU0199,86,0,23.0,56
2025-02-17,SKU0199,63,67,23.0,56
2025-02-24,SKU0199,42,0,23.0,56
2025-03-03,SKU0199,30,0,23.0,56
2025-03-10,SKU0199,19,0,23.0,56
2025-03-17,SKU0199,96,98,23.0,56
2025-03-24,SKU0199,73,92,23.0,56
2025-03-31,SKU0199,58,90,23.0,56
2025-04-07,SKU0199,34,86,23.0,56
2025-04-14,SKU0199,28,0,23.0,56
2025-04-21,SKU0199,20,0,23.0,56
2025-04-28,SKU0199,7,28,23.0,56
2025-05-05,SKU0199,0,0,23.0,56
2025-05-12,SKU0199,0,0,23.0,56
2025-05-19,SKU0199,194,0,23.0,56
2025-05-26,SKU0199,176,0,23.0,56
2025-06-02,SKU0199,152,18,23.0,56
2025-06-09,SKU0199,129,0,23.0,56
2025-06-16,SKU0199,122,0,23.0,56
2025-06-23,SKU0199,112,0,23.0,56
2025-06-30,SKU0199,90,0,23.0,56
2025-07-07,SKU0199,89,0,23.0,56
2025-07-14,SKU0199,69,0,23.0,56
2025-07-21,SKU0199,62,0,23.0,56
2025-07-28,SKU0199,53,0,23.0,56
2025-08-04,SKU0199,166,0,23.0,56
2025-08-11,SKU0199,145,0,23.0,56
2025-08-18,SKU0199,144,0,23.0,56
2025-08-25,SKU0199,144,0,23.0,56
2025-09-01,SKU0199,139,0,23.0,56
2025-09-08,SKU0199,122,0,23.0,56
2025-09-15,SKU0199,111,40,23.0,56
2025-09-22,SKU0199,104,119,23.0,56
2025-09-29,SKU0199,88,0,23.0,56
2025-01-20,SKU0200,198,107,42.0,30
2025-01-27,SKU0200,181,0,42.0,30
2025-02-03,SKU0200,170,47,42.0,30
2025-02-10,SKU0200,149,0,42.0,30
2025-02-17,SKU0200,140,0,42.0,30
2025-02-24,SKU0200,135,0,42.0,30
2025-03-03,SKU0200,124,0,42.0,30
2025-03-10,SKU0200,118,0,42.0,30
2025-03-17,SKU0200,101,0,42.0,30
2025-03-24,SKU0200,88,115,42.0,30
2025-03-31,SKU0200,65,0,42.0,30
2025-04-07,SKU0200,59,0,42.0,30
2025-04-14,SKU0200,41,0,42.0,30
2025-04-21,SKU0200,24,0,42.0,30
2025-04-28,SKU0200,127,0,42.0,30
2025-05-05,SKU0200,125,0,42.0,30
2025-05-12,SKU0200,101,0,42.0,30
2025-05-19,SKU0200,97,0,42.0,30
2025-05-26,SKU0200,92,0,42.0,30
2025-06-02,SKU0200,78,0,42.0,30
2025-06-09,SKU0200,78,0,42.0,30
2025-06-16,SKU0200,74,0,42.0,30
2025-06-23,SKU0200,67,0,42.0,30
2025-06-30,SKU0200,47,0,42.0,30
2025-07-07,SKU0200,42,0,42.0,30
2025-07-14,SKU0200,40,0,42.0,30
2025-07-21,SKU0200,28,0,42.0,30
2025-07-28,SKU0200,19,0,42.0,30
2025-08-04,SKU0200,214,0,42.0,30
2025-08-11,SKU0200,191,0,42.0,30
2025-08-18,SKU0200,170,0,42.0,30
2025-08-25,SKU0200,165,0,42.0,30
2025-09-01,SKU0200,147,58,42.0,30
2025-09-08,SKU0200,125,40,42.0,30
2025-09-15,SKU0200,113,118,42.0,30
2025-09-22,SKU0200,97,0,42.0,30
2025-09-29,SKU0200,76,0,42.0,30
